signal,market,corr_win,vol_win,agg,shrink,rebal,scheme,minvol,timing,sharpe,ann,vol,maxdd,turnover,sh_h1,sh_h2,n
beta,sqrt_advw,730,180,3.0,0.6,M,q20,20000000.0,none,1.517536250910607,0.5933402237227545,0.3909891598086813,-0.44099011877234984,18.970314417871535,1.5009310854546476,1.536631987807166,2007
beta,sqrt_advw,730,180,3.0,0.8,M,q20,20000000.0,none,1.4901869688290743,0.6205234729792698,0.4164064550013149,-0.4785279253073179,19.240663908585255,1.5036631538313483,1.4793775096333184,2007
beta,sqrt_advw,730,180,3.0,0.4,M,q20,20000000.0,none,1.4521868386137298,0.571053755195571,0.3932371097239139,-0.4219305540442859,18.90267119676379,1.418073921711697,1.4859196698785269,2007
beta,eqw,730,180,3.0,0.6,M,q20,50000000.0,none,1.4146285357654018,0.7200070011640974,0.508972484974318,-0.5862903386198508,21.40147698437204,1.394001970638509,1.4627834164771483,2007
beta,eqw,730,180,3.0,0.8,M,q20,50000000.0,none,1.3987074824972758,0.7527821699645035,0.5381984291815423,-0.5991896319380796,21.880627378217447,1.3904597903638194,1.44173609132729,2007
beta,sqrt_advw,730,180,3.0,1.0,M,q20,20000000.0,none,1.3879434082009443,0.6537565363867457,0.4710253548695811,-0.5810454385471264,19.748692531896605,1.4489545514889068,1.3237469326952591,2007
beta,eqw,730,180,3.0,0.4,M,q20,50000000.0,none,1.358684610323922,0.6928846381682849,0.5099672380944207,-0.591161351611645,21.192898754274946,1.3423921385913424,1.3878246712085847,2007
beta,eqw_top25,730,180,3.0,0.8,M,q20,20000000.0,none,1.3465719380261374,0.6060825765727628,0.45009298015016147,-0.5467777068543191,20.877471555147473,1.1033021881490783,1.6150770882499064,2007
beta,eqw,730,180,3.0,0.6,W,q20,50000000.0,none,1.3450447630875504,0.6344422074757414,0.4716885451599241,-0.45194188496841736,33.35078556600474,0.9148458143950976,1.871921183289336,2021
beta,eqw,730,180,3.0,0.6,M,q20,20000000.0,none,1.3321823014848317,0.5470399537596177,0.41063445532183884,-0.5686093682795887,18.9337360924227,1.4075345003902515,1.2518022170040048,2007
beta,eqw,730,180,3.0,0.8,W,q20,50000000.0,none,1.332060915634872,0.6570734213982411,0.4932758056977253,-0.4825871392899208,34.402222916273054,0.948558241024184,1.8174845833419786,2021
beta,eqw_top25,730,180,3.0,0.6,M,q20,20000000.0,none,1.3224019866711374,0.5525991293506948,0.4178753018526116,-0.47663965202138814,20.157998589453374,1.0374373106596515,1.6240190400577892,2007
beta,advw_top100,730,180,3.0,0.4,M,rank,5000000.0,fund90,1.313019063415642,0.2433404983965459,0.18532899115990625,-0.20808333670873952,8.480894753652889,0.5631875133484652,1.9178394823335387,1673
beta,eqw,730,180,3.0,1.0,M,q20,50000000.0,none,1.305581540151443,0.791538837554909,0.6062730003543809,-0.6240333333713748,22.714801945729832,1.340645138925184,1.2875888847121946,2007
beta,eqw_top25,730,180,3.0,1.0,M,q20,20000000.0,none,1.3034216336717703,0.6766129121546086,0.5191051726282719,-0.6632262358149563,21.931045452701607,1.1232569524061067,1.5001932696768805,2007
beta,sqrt_advw,730,180,3.0,0.4,M,q20,20000000.0,fund90,1.2991309469337364,0.4092456008775095,0.31501489656868553,-0.2876564604554577,13.307167013520294,1.0784831733561737,1.489252101427403,1673
beta,advw,730,180,3.0,0.4,M,q20,20000000.0,fund90,1.296911430119831,0.39102467548728465,0.3015045333135471,-0.26567755398615817,13.300883293162062,0.8908079572913694,1.629736775876253,1673
beta,advw,730,180,3.0,0.4,M,rank,5000000.0,fund90,1.2944153256023514,0.2393657320614857,0.18492189278591686,-0.20782413128183175,8.457994484915355,0.548055416061011,1.8954961570284423,1673
beta,eqw,730,180,3.0,0.4,M,q20,20000000.0,none,1.2935068907971776,0.5301051021607132,0.40982008362863354,-0.598046682648236,18.913064940125064,1.3616355635070816,1.221954252291915,2007
beta,advw_top100,730,180,3.0,0.4,M,rank,5000000.0,fund63,1.2923814914385194,0.2525608274072129,0.1954228136818126,-0.20247953807973482,9.31943562271017,0.3578002314565137,2.0358574504754117,1704
beta,eqw,730,180,3.0,0.8,M,q20,20000000.0,none,1.289993188887235,0.5681066728391594,0.44039509489907896,-0.5840212481746381,19.164753706213734,1.383659486767294,1.1886995110313863,2007
beta,eqw,730,180,3.0,0.6,W,q20,50000000.0,fund90,1.2873043752652882,0.46610914439925283,0.3620815351483575,-0.2955356921233403,22.75692565852602,0.6389910997120386,1.8694843326895412,1673
beta,sqrt_advw,730,180,3.0,0.6,M,q20,20000000.0,fund90,1.284471582911405,0.3951646891652395,0.3076476696117733,-0.2974951279146152,13.327579506661731,1.1446577473499442,1.4119992939711887,1673
beta,eqw,730,180,3.0,0.4,W,q20,50000000.0,none,1.2824047786506318,0.6166839676321146,0.4808809027372777,-0.47520528376933946,32.79838679575484,0.8402936886832686,1.793147439693677,2021
beta,advw,730,180,3.0,0.4,M,rank,5000000.0,fund63,1.2811778126817852,0.24980280310019407,0.19497902682009624,-0.20338428296300168,9.29253313300166,0.3417846512008535,2.030323485224227,1704
beta,btceth,730,180,3.0,0.4,M,q20,20000000.0,fund90,1.2811414154276466,0.37072064325461795,0.28936746466108965,-0.23612378604919293,13.261555434181584,0.5628527929357096,1.8687688980021688,1673
beta,advw,730,180,3.0,0.6,M,q20,20000000.0,fund90,1.2735773557810481,0.37317817712070067,0.2930157131223814,-0.26072039612116354,13.142443204820252,0.9517625443237491,1.5561285272532677,1673
beta,eqw,730,180,3.0,0.4,W,q20,50000000.0,fund90,1.2661663606235969,0.47908741175756686,0.37837635452707225,-0.3111084861463732,22.448145870545787,0.49581555219401263,1.9428770182009172,1673
beta,eqw_top25,730,180,3.0,0.4,M,rank,5000000.0,fund90,1.264054535101351,0.25773627631622337,0.20389648481072709,-0.20822807023113502,9.073522102880245,0.5062369845506939,1.8750777475851814,1673
beta,eqw_top100,730,180,3.0,0.8,M,q20,50000000.0,none,1.2587145351269424,0.7033267662259626,0.5587659048960069,-0.6386178225439489,23.27328403880608,1.1491609223400236,1.4235132648457207,2007
beta,btceth,730,180,3.0,0.4,M,rank,5000000.0,fund63,1.2565089429245586,0.2391834961987438,0.19035558604305491,-0.1721094436954887,9.100031610447717,0.4480299476886783,1.8860687611219737,1704
beta,eqw_top100,730,180,3.0,0.6,M,q20,50000000.0,none,1.2518220021068462,0.6567275679220448,0.5246173711731833,-0.6150063180990633,22.44799285730958,1.1284383543369325,1.4207603637295585,2007
beta,btceth,730,180,3.0,0.4,M,rank,5000000.0,fund90,1.2494776794356648,0.22671935500092055,0.18145130459899045,-0.18113271395044578,8.23541067172691,0.5113243190272014,1.855525562407117,1673
beta,eqw_top25,730,180,3.0,0.4,M,rank,5000000.0,fund63,1.244863108271685,0.26653244429042267,0.21410582619037122,-0.2069585211958818,9.971225807456705,0.25167046505741386,2.044571569895094,1704
beta,eqw_top25,730,180,3.0,0.6,M,q20,20000000.0,fund90,1.2436250035460386,0.4140752264602234,0.33295826738730766,-0.36967747917698573,14.570370694313752,0.9443034047880802,1.5100338007080243,1673
beta,sqrt_advw,730,180,3.0,0.4,M,q20,20000000.0,fund63,1.2433197247019092,0.41035567012099994,0.3300483873682486,-0.29363759825677627,14.409878557277079,1.035477607295373,1.4241003530270904,1704
beta,sqrt_advw,730,180,3.0,0.6,M,q20,20000000.0,fund63,1.2425893411588231,0.4010869209379249,0.3227831654856111,-0.30396198670579944,14.43523574048805,1.1785684166708281,1.303534639104181,1704
beta,advw_top100,730,180,3.0,0.4,M,q20,20000000.0,fund90,1.2423201944693616,0.37622121598420805,0.30283755963969117,-0.2664330731592701,13.112920184328999,0.8069536806788066,1.5970109080685824,1673
beta,advw,730,180,3.0,0.4,M,q20,20000000.0,fund63,1.2415789483040507,0.3929759917538839,0.3165130918905109,-0.2942674367881932,14.372550287674272,0.8538881622068609,1.5619874746205593,1704
beta,eqw_top100,730,180,3.0,0.4,M,rank,5000000.0,fund90,1.2392043482512674,0.2470512500335006,0.19936280112487723,-0.23257008396116463,8.81713095067622,0.4191985346228765,1.8973279641107277,1673
beta,advw,730,180,3.0,0.6,M,q20,20000000.0,fund63,1.2350624801632268,0.3806813531544362,0.3082284169980818,-0.29811422115195074,14.202711932544307,0.9886360270202758,1.4491636874918215,1704
beta,eqw,730,180,3.0,1.0,W,q20,50000000.0,none,1.2349984832752987,0.6851384903622212,0.554768689711414,-0.6848142243812099,36.13309512257812,0.941247491361832,1.595499700491887,2021
beta,btceth,730,180,3.0,0.4,M,q20,20000000.0,fund63,1.2339022124693073,0.375442043732908,0.30427212135519766,-0.27654080998882447,14.360568518550934,0.5969172978078521,1.7454629281746528,1704
beta,eqw_top100,365,180,3.0,0.6,M,q20,50000000.0,none,1.232799076186091,0.6429625295108751,0.5215468943244242,-0.4606013164013856,23.349861434389776,1.0782098878696382,1.3917666535695583,2007
beta,eqw_top25,730,180,3.0,0.4,M,q20,20000000.0,fund90,1.232757142017105,0.41337605474962164,0.3353264326444972,-0.3600026053583196,14.174354057795862,0.8456173213039457,1.5515883954919514,1673
beta,eqw_top25,730,180,3.0,0.4,M,q20,20000000.0,none,1.2290854688315986,0.5109835138244914,0.4157428647417383,-0.4609198760283838,19.690608499943483,0.9218779566753275,1.5349020954095738,2007
beta,sqrt_advw,365,180,3.0,0.6,M,q20,50000000.0,none,1.2279462980996867,0.6057276835979104,0.4932851579383452,-0.4397860517273391,22.329247974309702,1.1260054010062868,1.3311554432160193,2007
beta,eqw_top100,365,180,3.0,0.8,M,q20,50000000.0,none,1.2263390301983166,0.687727963256246,0.5607975823333541,-0.5022736046031975,24.14254757789526,1.0848724683422235,1.3767298168719728,2007
beta,eqw_top100,730,180,3.0,0.4,M,rank,5000000.0,fund63,1.2262457898621901,0.2579359315197609,0.21034602822061363,-0.23183991572000717,9.701702487140347,0.2015641176036514,2.064377489323893,1704
beta,eqw_top100,730,180,3.0,0.8,M,q20,20000000.0,none,1.2232680143460433,0.5817075930192841,0.47553568490079734,-0.7306505048708882,20.16987635226044,1.0837247467915692,1.41935511393774,2007
beta,advw_top100,730,180,3.0,0.6,M,q20,20000000.0,fund90,1.2215389484871473,0.3597444649184806,0.2945010188696949,-0.26108049125959426,12.972231490168522,0.8779699179026886,1.522300407606024,1673
beta,advw_top100,730,180,3.0,0.6,M,q20,20000000.0,none,1.2199168678028791,0.4742107326351814,0.38872380991768274,-0.6343911987550783,18.41668139298648,0.9612002052345957,1.5227727602241548,2007
beta,sqrt_advw,365,180,3.0,0.8,M,q20,50000000.0,none,1.2196468644712621,0.6368892948694374,0.5221915567712624,-0.4687884077128057,22.745925884083864,1.1305322193045384,1.3126903138559405,2007
beta,eqw_top100,730,180,3.0,0.6,M,q20,20000000.0,none,1.216816899236703,0.5404133136170267,0.444120486784842,-0.6802992457094349,19.601452395186108,1.0281515223523794,1.4648480817826455,2007
beta,eqw_top25,730,180,3.0,0.6,M,q20,20000000.0,fund63,1.216643468013415,0.42608286375493754,0.3502117711203126,-0.37587423427616407,15.802842914302275,1.0091181821560766,1.3999219093539799,1704
beta,eqw,730,180,3.0,0.8,W,q20,50000000.0,fund90,1.2136572089260422,0.45227554271966297,0.3726550951894223,-0.318893244611492,23.45006992338747,0.741485801502633,1.6390199912754555,1673
beta,btceth,730,180,3.0,0.6,M,q20,20000000.0,fund90,1.2127184431405953,0.34290220965739493,0.28275500516787383,-0.24199338532392556,13.0347424656368,0.6008138862357579,1.7554718389361093,1673
totvol,advw,180,180,,,M,q20,20000000.0,fund63,1.2118482486546545,0.39403779481078893,0.3251544038193181,-0.47515674036765254,13.018451460950219,1.0459620690247053,1.358901368427121,1704
beta,advw_top100,730,180,3.0,0.8,M,q20,20000000.0,none,1.2095495418367237,0.49043062157612455,0.40546550977266826,-0.6569084591412218,18.41015401297998,0.9865066509182543,1.4800143097506675,2007
beta,sqrt_advw,730,180,3.0,0.4,M,rank,5000000.0,fund90,1.209326752312416,0.23061509863622967,0.19069709505330845,-0.22417216856346123,8.59984186058206,0.4546937566872452,1.819473235152903,1673
beta,sqrt_advw,730,180,3.0,0.4,M,rank,5000000.0,fund63,1.2091858307601895,0.24323037054221713,0.20115218385357966,-0.22361350563996607,9.459957133891475,0.2569719178534775,1.9911245453500346,1704
beta,eqw_top100,730,180,3.0,0.4,M,q20,20000000.0,fund90,1.2085993004859934,0.39504972511193226,0.3268657568749855,-0.27534035970001347,13.64838115594544,0.9183687898472235,1.4548514949483358,1673
beta,btceth,730,180,3.0,0.6,M,q20,20000000.0,none,1.204740736713997,0.47736329878785844,0.39623736812444443,-0.6267862190022641,18.263642868322442,0.9737132852373177,1.5407326506784143,2007
beta,advw_top100,730,180,3.0,0.4,M,q20,5000000.0,fund63,1.202963540384713,0.31894406369634204,0.26513194539074914,-0.3163597520125662,11.258141429890946,0.42339253865733756,1.807411927128505,1704
beta,eqw_top100,730,180,3.0,0.6,M,q20,20000000.0,fund90,1.2015878969624105,0.38749404922769864,0.3224849802559393,-0.28845140089780685,13.873887145642028,1.0012431096160124,1.3848010700252282,1673
totvol,advw,180,180,,,M,q20,20000000.0,fund90,1.1967632740983711,0.37468111189658754,0.31307871824431466,-0.4764811798585331,11.999690269769648,1.0364787204827188,1.3383491611599652,1673
beta,advw_top100,730,180,3.0,0.4,M,q20,20000000.0,fund63,1.193874966857418,0.3789661749424296,0.3174253464246467,-0.2738459990273985,14.214938805095239,0.7775054101494907,1.5361084244052927,1704
beta,btceth,730,180,3.0,0.4,M,q20,20000000.0,none,1.1936896097696572,0.4738324429252418,0.3969477819419705,-0.6065402010069844,18.54272700353739,0.9228644855302677,1.5446540349714373,2007
beta,eqw_top100,730,180,3.0,1.0,M,q20,50000000.0,none,1.193097449736925,0.7620759896742361,0.6387374223641763,-0.6994911008527218,24.55911597957887,1.1284185378222098,1.293727266682953,2007
beta,eqw_top25,730,180,3.0,0.4,M,q20,20000000.0,fund63,1.1891629960738037,0.4186667313501009,0.35206841512256143,-0.36514668474486395,15.377802566264295,0.8360284573888638,1.4838781358984376,1704
beta,advw_top100,730,180,3.0,0.6,M,q20,20000000.0,fund63,1.1887688467178494,0.3678452602891851,0.30943379892970224,-0.27431205538810666,14.059429889105175,0.9199477868571307,1.4210252203188836,1704
beta,eqw_top100,730,180,3.0,0.4,M,q20,50000000.0,none,1.1859687092041011,0.6197546802424125,0.5225725395894528,-0.6004659681758255,21.937095497444133,1.0644469529686278,1.3342732407910265,2007
beta,eqw_top25,730,180,3.0,0.8,W,q20,50000000.0,none,1.1852393406353636,0.6310564326815038,0.5324295364202284,-0.6336905709781089,35.83659572663007,0.8985887574581782,1.5201974802843805,2021
beta,eqw,730,180,3.0,1.0,M,q20,20000000.0,none,1.1846134750285482,0.593801367966062,0.5012617030645812,-0.6455103459444618,19.63457738039836,1.3140157215613868,1.0398637308696963,2007
beta,sqrt_advw,730,180,3.0,0.8,M,q20,20000000.0,fund90,1.1793746238711733,0.3827543643450927,0.3245401050674989,-0.35923145959885827,13.493475727983418,1.1421111153934231,1.214865632774745,1673
beta,eqw_top100,365,180,3.0,0.4,M,q20,50000000.0,none,1.1761185111193666,0.608287679673036,0.5171993076565901,-0.4620706508858716,22.87300172219636,1.0272389320379403,1.3217269140496077,2007
beta,btceth,730,180,3.0,0.6,M,q20,20000000.0,fund63,1.1755206275387362,0.3506897576114749,0.2983271832036983,-0.2897527767894812,14.141006077195739,0.6918036892983175,1.5804350059863115,1704
beta,eqw_top100,365,180,3.0,0.6,M,q20,50000000.0,fund63,1.1746680340718707,0.5117378393554548,0.43564464556132176,-0.4852552066653799,16.825118472751353,0.7780561616943916,1.512480424925766,1704
beta,sqrt_advw,365,180,3.0,0.4,M,q20,50000000.0,none,1.1728279991350834,0.5805562562843705,0.49500545409259405,-0.461886333421186,22.1718745274843,1.0738524472205306,1.2685775999881483,2007
beta,eqw,730,180,3.0,0.6,W,q20,50000000.0,fund63,1.1720119561898905,0.44253407789890736,0.37758495172485035,-0.35361308551182913,24.66147952403979,0.5779178195624839,1.7105167226034572,1704
beta,eqw_top25,730,180,3.0,0.8,M,q20,20000000.0,fund90,1.1705188720411308,0.4206073672249297,0.35933411863021203,-0.40349001899866155,15.16894731034335,0.9841974743569681,1.350663312556494,1673
beta,btceth,730,180,3.0,0.4,M,q20,5000000.0,fund63,1.1704769525669205,0.30867452604501305,0.2637168765844323,-0.3017156481252792,11.26713349609459,0.3483745584984551,1.7965860804304474,1704
beta,advw,730,180,3.0,0.8,M,q20,20000000.0,fund90,1.1704111505145263,0.3580782295097527,0.30594225743008113,-0.27957595497822685,13.114309972593134,0.949937581193376,1.3754631797569863,1673
beta,advw_top100,730,180,3.0,0.4,M,q20,20000000.0,none,1.1692997809283816,0.46119654595577175,0.3944211343216009,-0.6287823433250854,18.592733594548786,0.8909122367719396,1.4738856494570676,2007
beta,eqw_top25,730,180,3.0,0.8,M,q20,20000000.0,fund63,1.1681369443459493,0.44132658082022125,0.3778038037032756,-0.4109410175780924,16.442908320351552,1.117037886470334,1.2166531230120414,1704
beta,advw_top100,730,180,3.0,0.6,M,rank,5000000.0,fund90,1.1662476122853112,0.22010967656372582,0.18873322804272383,-0.26198748226054946,8.387426343211278,0.5823534503675448,1.689608290157676,1673
beta,eqw_top100,730,180,3.0,1.0,M,q20,20000000.0,none,1.1657205626578986,0.6332451788073938,0.5432221057879981,-0.8634175657957466,21.050104891121833,1.0976622972169094,1.2642090374366362,2007
beta,btceth,730,180,3.0,0.8,M,q20,20000000.0,none,1.1637494134334347,0.4835730306368127,0.4155302035428029,-0.714642419709669,18.154582202862155,0.9824898796071513,1.4504371843564174,2007
beta,eqw_top25,730,180,3.0,0.6,M,rank,5000000.0,fund90,1.163338731086679,0.24376544567753788,0.20953952547409446,-0.2591166683831718,9.302809756880043,0.5671555213106196,1.7029466461711529,1673
beta,advw_top100,730,180,3.0,0.6,M,rank,5000000.0,fund63,1.162261588760029,0.2319313306413053,0.19955174711464366,-0.2509637695165896,9.226120207530421,0.47509313196254493,1.7363020624400844,1704
beta,eqw_top25,730,180,3.0,0.6,M,rank,5000000.0,fund63,1.1603331596610407,0.2561546358291709,0.22075955831857758,-0.252379256022063,10.229670800118372,0.4124175307124525,1.799631008821067,1704
beta,eqw_top25,730,180,3.0,0.6,W,q20,50000000.0,none,1.159039086908672,0.5853661850335595,0.5050443868936443,-0.5938542913716467,34.13617800494072,0.8330327841303076,1.5281320098366968,2021
beta,sqrt_advw,730,180,3.0,0.8,M,q20,20000000.0,fund63,1.1580057597162148,0.39421274187200245,0.3404238178993252,-0.36791685485622116,14.626382979231966,1.2348942556650764,1.0927595928473646,1704
beta,eqw_top100,365,180,3.0,0.4,M,q20,50000000.0,fund63,1.1571144550786663,0.5073337182869347,0.43844730835416246,-0.468241810337917,16.487190809885263,0.6313675913082047,1.5946633012335907,1704
beta,advw,730,180,3.0,0.4,M,q20,5000000.0,fund63,1.1570570535944715,0.30544160557778216,0.26398145590911726,-0.3344019629011733,11.241065639877721,0.35955422799826625,1.772072802432031,1704
beta,eqw_top100,365,180,3.0,0.6,M,q20,50000000.0,fund90,1.1552949494630116,0.4900633595592857,0.42418895693006375,-0.5179057890164149,15.493052758940667,0.8444060068011944,1.4298850499127285,1673
beta,eqw_top25,730,180,3.0,1.0,W,q20,50000000.0,none,1.1542102549245083,0.6946445220175772,0.6018353407048966,-0.8165800381092458,38.345888986385276,0.9323864044282316,1.4060009788159005,2021
beta,advw,730,180,3.0,0.8,M,q20,20000000.0,fund63,1.1539675878686466,0.37149277864706975,0.32192652770534824,-0.31839037240530477,14.176104034981586,1.0448755083074872,1.2533232741343525,1704
beta,eqw_top100,365,180,3.0,1.0,M,q20,50000000.0,none,1.1535721771948595,0.7451667117307886,0.6459645321394711,-0.5718862187085261,25.374708203566605,1.0571288754626662,1.25344745637989,2007
beta,advw,730,180,3.0,0.6,M,q20,20000000.0,none,1.153361452535226,0.4482840516940438,0.38867611771544985,-0.6359789059689986,18.71374858081626,0.7869225692200481,1.5832408654035395,2007
beta,advw_top100,730,180,3.0,1.0,M,q20,20000000.0,none,1.1529817378851122,0.5107318660571963,0.44296613664846074,-0.7331437791840026,18.580066578127816,0.9761307779681532,1.365459451330116,2007
beta,advw,730,180,3.0,0.6,M,rank,5000000.0,fund63,1.1527481097211578,0.22895032811990879,0.19861262507321772,-0.25091652619689464,9.186516256189138,0.4585712124478666,1.7340655685125235,1704
beta,eqw,730,180,3.0,0.4,W,q20,20000000.0,fund90,1.1514728946885466,0.3671547230005463,0.31885659201717925,-0.5660176219463464,21.1383749778878,0.6123405529007169,1.5754606117053238,1673
beta,eqw_top100,730,180,3.0,0.6,W,q20,50000000.0,fund90,1.1508104454042203,0.4444514244904187,0.3862073256854267,-0.36673223465135574,23.529207426314716,0.747494544168995,1.5094494054039935,1673
beta,sqrt_advw,365,180,3.0,1.0,M,q20,50000000.0,none,1.1504610952422636,0.674748414165695,0.5865025918356732,-0.5186520871351479,23.483456751874243,1.1000545268452722,1.201873361249409,2007
beta,advw,730,180,3.0,0.6,M,rank,5000000.0,fund90,1.1500907390314292,0.2160183848365481,0.18782725354216143,-0.26075462768640867,8.353226239037172,0.5695224042513252,1.6689573928897399,1673
beta,sqrt_advw,730,180,3.0,0.4,M,q20,5000000.0,fund63,1.1485836220738257,0.3113187633869153,0.2710457971051455,-0.30304743485379054,11.574109143103419,0.2521450294727479,1.8560644598587157,1704
beta,eqw_top100,730,180,3.0,0.6,M,q20,20000000.0,fund63,1.148169463184317,0.38845061477776216,0.3383216739630391,-0.29478773264805325,15.038087285940174,1.0224768344099966,1.2626071195543245,1704
beta,eqw,730,180,3.0,0.6,W,q20,20000000.0,none,1.1479752115112578,0.633597124475223,0.5519257890953244,-0.7463187177853485,28.88970076027202,1.0146939769975052,1.5114917807602584,2021
beta,eqw,730,180,3.0,0.4,M,rank,5000000.0,fund63,1.1466183135009695,0.22840081943421353,0.19919516088735517,-0.2334025040131366,9.373992523827473,0.22052349891361733,1.9161036293523934,1704
beta,advw,730,180,3.0,0.8,M,q20,20000000.0,none,1.146310989523157,0.46512097851795864,0.40575461874568597,-0.6592741290023223,18.695283149905098,0.826956748358458,1.5329876830901858,2007
beta,eqw_top25,730,180,3.0,0.8,W,q20,20000000.0,none,1.1461317604542214,0.6843379498650513,0.597084884545772,-0.8209490716681029,32.29604362214033,1.050518489966953,1.406132637630795,2021
beta,eqw_top100,730,180,3.0,0.4,M,q20,20000000.0,none,1.145805456758795,0.506806460791714,0.44231458124256645,-0.6515368319721025,19.274787315665687,0.9297832155560982,1.4050681920649948,2007
beta,eqw,730,180,3.0,0.4,W,q20,50000000.0,fund63,1.1455283344840779,0.4530929808717085,0.3955318844869709,-0.3405480233501823,24.342002889958614,0.40322687300077803,1.8166094927198817,1704
beta,eqw_top100,365,90,1.0,0.4,M,q20,20000000.0,fund63,1.1454744423901908,0.36707267800424187,0.32045470804070836,-0.3657344030265688,16.4058873607746,0.4512170695922334,1.7487286859101663,1704
beta,advw_top100,730,180,3.0,0.4,M,q20,5000000.0,fund90,1.1447705560090369,0.28943185004180805,0.25282957228638153,-0.3152517462252858,10.285716714440063,0.49395388911972377,1.644934805258127,1673
beta,btceth,730,180,3.0,0.4,M,rank,5000000.0,none,1.1445705310527678,0.3130768784401421,0.27353218517007966,-0.4245409933936748,10.526307883031599,0.7069771371787325,1.765169904272043,2007
beta,eqw,730,180,3.0,0.4,M,q20,5000000.0,fund63,1.1421755502333233,0.31094532021643234,0.27223951708028815,-0.3044193609734952,11.428811882197275,0.25964320912387057,1.8446245978953464,1704
beta,eqw_top100,730,180,3.0,0.8,W,q20,50000000.0,none,1.1414870353973996,0.5905450702537627,0.5173471550188646,-0.5209483768207148,36.21897306537017,0.8019803632295948,1.5489112024707474,2021
beta,eqw_top100,365,180,3.0,0.4,M,q20,50000000.0,fund90,1.140937049633702,0.487264200430702,0.4270736940194363,-0.4997476398038093,15.158482007723528,0.7299752317092393,1.4943103047188078,1673
beta,eqw_top100,730,180,3.0,0.4,M,q20,20000000.0,fund63,1.1402436785140615,0.3906116939870833,0.3425686117340454,-0.30522474921261417,14.79041627028582,0.8633303904619105,1.37882589775071,1704
beta,sqrt_advw,730,180,3.0,0.6,W,q20,50000000.0,fund90,1.1400701400932416,0.4181614413669053,0.36678571489707257,-0.3508687831445103,22.90847680079895,0.6454436486623534,1.5772114818180623,1673
beta,eqw,730,180,3.0,0.4,W,q20,20000000.0,fund63,1.13829006973977,0.38246352210702317,0.3359982945247515,-0.5622368201204977,22.791377583103138,0.6619093951308336,1.5210865825389448,1704
beta,btceth,730,180,3.0,0.6,M,q20,5000000.0,none,1.1365628708188222,0.44777203890209166,0.39397032086707173,-0.7296495833746162,14.215649382987014,0.8842960827805612,1.5529305380872527,2007
beta,advw_top100,730,180,3.0,0.6,M,q20,5000000.0,none,1.1362508654133792,0.42230239058865304,0.3716629869716449,-0.62901216020736,14.380914524980987,0.8829642984107722,1.4901168574997008,2007
beta,eqw_top25,730,180,3.0,0.6,W,q20,20000000.0,none,1.1353742761567505,0.6304193005275885,0.5552524077448381,-0.6817907260843752,30.842034037226444,1.0042460584422777,1.4394227059179634,2021
beta,btceth,730,180,3.0,0.4,M,q20,5000000.0,none,1.1346561361479854,0.436907242646322,0.3850569601902185,-0.6702591656416305,14.30320529805128,0.8328289434515329,1.5978857225381056,2007
beta,eqw_top100,730,180,3.0,0.6,M,rank,5000000.0,fund63,1.1330116659437404,0.24334477447113845,0.2147769363596488,-0.26000843990390965,9.857971961341711,0.34267562973513505,1.8123453688369513,1704
beta,eqw_top100,730,180,3.0,0.6,W,q20,50000000.0,none,1.1316589766670513,0.5561322558837553,0.4914309587519638,-0.48460130216399966,34.549207233230554,0.7546806846237002,1.5712608320824455,2021
beta,eqw_top25,365,90,1.0,0.4,M,q20,20000000.0,fund63,1.1312018847272913,0.3732815006206143,0.3299866325015932,-0.4264055239529698,17.02867655532153,0.5750609224217319,1.6063763595301461,1704
beta,eqw,730,180,3.0,0.4,W,q20,20000000.0,none,1.1309658934790328,0.6088931554368749,0.5383833048791786,-0.669731334732784,28.52439774695174,0.9703771557545815,1.4807616936894268,2021
beta,eqw_top100,730,180,3.0,0.6,M,rank,5000000.0,fund90,1.1300802691036558,0.22928571542235066,0.20289330031769592,-0.264203983496768,8.954997088551494,0.4792665792653844,1.7079500548034543,1673
beta,eqw,730,180,3.0,0.4,M,rank,5000000.0,fund90,1.1300742749153714,0.2127950251522471,0.1883018044704918,-0.23363330474720134,8.512082035859708,0.37115008987414533,1.7420558579424805,1673
beta,eqw_top100,365,90,1.0,0.4,M,q20,20000000.0,fund90,1.129488567890866,0.3515166401608872,0.3112175281395603,-0.30538736977090974,15.356864522593245,0.22780762480137817,1.9177800360946975,1673
beta,sqrt_advw,730,180,3.0,0.4,W,q20,50000000.0,fund90,1.128790178290863,0.4322441871925387,0.3829269562276076,-0.3443829850186977,22.571568523411834,0.5069038845973662,1.6662484148315926,1673
beta,eqw,730,180,3.0,0.6,W,q20,20000000.0,fund63,1.1282243870000617,0.3680622325510647,0.3262314099855072,-0.614760641832936,23.02886001179647,0.8126559199951813,1.3926423654507223,1704
beta,eqw,730,180,3.0,0.6,W,q20,20000000.0,fund90,1.1281312208668077,0.34863633104892594,0.3090388109115965,-0.6206165645149213,21.346308572126354,0.7012743612878297,1.486651013471516,1673
beta,eqw_top100,730,180,3.0,0.4,W,q20,50000000.0,fund90,1.1278475782209605,0.45025289119144163,0.39921430864058743,-0.3546243336956343,22.807481434423373,0.6047818224140761,1.5790575813018057,1673
beta,eqw_top25,730,180,3.0,1.0,W,q20,20000000.0,none,1.1259257356240804,0.7544878124483885,0.6701044203685329,-0.9977475180901514,34.34071850536763,1.0761273246262804,1.288139976611845,2021
beta,eqw_top25,730,180,3.0,0.4,W,q20,20000000.0,fund90,1.12551384732734,0.3765330401248728,0.33454323198154606,-0.5718515868570672,22.823574807727002,0.6222478518664275,1.518944037626242,1673
beta,eqw,730,180,3.0,0.8,W,q20,20000000.0,none,1.1250612650036986,0.6635307628749605,0.5897730048263452,-0.8610426897192776,29.601405512774342,1.03537929327029,1.4314064582516044,2021
beta,advw_top100,730,180,3.0,0.8,M,q20,20000000.0,fund90,1.1247704316741116,0.3459754403073035,0.3075964930837954,-0.2807748474606768,12.958084659152679,0.8875844319600835,1.345313742358486,1673
beta,btceth,730,180,3.0,0.6,M,rank,5000000.0,none,1.1247236821542994,0.3141679556196157,0.27932901263166904,-0.4503155171121275,10.372498835237474,0.7533277301738291,1.6934858907935628,2007
beta,eqw_top100,365,180,3.0,0.8,M,q20,50000000.0,fund63,1.1204258438383758,0.5213569618217844,0.46532036429623036,-0.5104622587230372,17.404246526836797,0.8920953851137875,1.3189000860760052,1704
idvol,advw,90,90,,,M,q20,20000000.0,fund63,1.1189141130587137,0.3508952480294232,0.31360338021852296,-0.44439607299825834,16.46464916559727,1.2648233219754539,1.002177125106311,1704
beta,eqw_top25,365,90,1.0,0.4,M,q20,20000000.0,fund90,1.1186211084674538,0.3574579185003552,0.3195522735934098,-0.3807056046038517,15.93398969096143,0.3466545527252507,1.7973118821342864,1673
idvol,advw,90,90,,,M,q20,20000000.0,fund90,1.117419301861238,0.34203912418967164,0.3060973831577381,-0.47746096046537123,15.58293774340548,1.3375056871628606,0.946038404044187,1673
beta,eqw_top25,730,180,3.0,0.6,W,q20,20000000.0,fund90,1.114604452947218,0.3695565425470378,0.33155846593817445,-0.6367394060426623,23.65929483994748,0.7183793241363969,1.447471925776057,1673
beta,eqw,730,180,3.0,0.8,W,q20,50000000.0,fund63,1.114586172950717,0.4311568424775278,0.386831321741681,-0.372825911988683,25.384522547209404,0.7113261779843876,1.4743294743761282,1704
beta,advw_top100,730,180,3.0,0.4,M,q20,5000000.0,none,1.1136207851118425,0.41012697326661474,0.3682824339754265,-0.6177436466142825,14.368012043368797,0.8176345673453183,1.5032317601257896,2007
beta,advw_top100,730,180,3.0,0.8,M,q20,20000000.0,fund63,1.1124732463250855,0.35982066815866753,0.32344208667245666,-0.29668625362205314,14.042573972666652,0.9865878102020996,1.2260593968264641,1704
beta,eqw_top100,730,180,3.0,0.6,W,q20,50000000.0,fund63,1.111378443133888,0.4449446650442635,0.4003538738700017,-0.45706733868335947,25.4526311756399,0.6543397327725724,1.5210970794145033,1704
beta,eqw_top25,730,180,3.0,0.4,M,q20,5000000.0,fund63,1.1110050268769533,0.3196294548938802,0.2876939772202129,-0.33231980451780635,11.917981526087571,0.30347131125945015,1.7447128125865579,1704
beta,advw_top100,730,180,3.0,0.6,M,q20,5000000.0,fund63,1.1077581939708132,0.3005879269737843,0.2713479607822283,-0.38216852553427283,11.2217803665274,0.5498720192682565,1.5536676129390607,1704
beta,btceth,730,180,3.0,0.4,W,rank,5000000.0,fund63,1.1072677039800558,0.21448438258951602,0.19370598620239296,-0.1988407905483573,13.145722372971496,0.29905664498980333,1.7439498083958556,1704
beta,btceth,730,180,3.0,0.4,M,q20,5000000.0,fund90,1.107086061527313,0.2796651964266375,0.2526137814803821,-0.21493745368265815,10.178844319461593,0.34537278640635344,1.7060839198919846,1673
beta,advw_top100,730,180,3.0,0.8,M,q20,5000000.0,none,1.1055436260070706,0.43701589073258185,0.39529502088575813,-0.6648515214666617,14.505946792289839,0.9056366984829746,1.3881471817105544,2007
beta,advw,730,180,3.0,0.4,W,rank,5000000.0,fund90,1.1053253728383006,0.2096621344809079,0.1896836349124319,-0.24235132724785438,12.232359665098674,0.47755791536053455,1.6094056454215109,1673
beta,advw_top100,730,180,3.0,0.4,W,rank,5000000.0,fund90,1.1052612345636166,0.21047028848918115,0.19042583048004919,-0.23655264228322842,12.271821234275825,0.48024979238357224,1.6074808481642227,1673
beta,eqw_top100,730,180,3.0,0.8,M,q20,20000000.0,fund90,1.1046482420292405,0.38162285143728725,0.3454700210595958,-0.32748772906981183,14.272641450472026,1.0229884821083612,1.184394896896433,1673
beta,eqw,730,180,3.0,0.4,M,q20,5000000.0,fund90,1.103542998125671,0.2852207070774226,0.25845907913136135,-0.2978757291684866,10.470768170704849,0.41586623126274497,1.6344875554077498,1673
beta,eqw_top25,730,180,3.0,0.6,W,q20,50000000.0,fund90,1.1022797477274742,0.44153342491644976,0.40056385488959717,-0.4533940473161455,23.860663173002784,0.6870674344061486,1.4727813979009265,1673
beta,advw,730,180,3.0,0.4,M,q20,20000000.0,none,1.1020086395332729,0.4343129016045518,0.3941102510670821,-0.6295201883366331,18.907107237525167,0.707201368041589,1.536414452053173,2007
beta,advw,730,180,3.0,0.4,W,rank,5000000.0,fund63,1.1005368482717792,0.2186060383297131,0.19863581912136757,-0.2421836333349381,13.385299438764871,0.2701873745848277,1.77189742992137,1704
beta,eqw,365,90,1.0,0.4,M,q20,20000000.0,fund63,1.0995565287853382,0.33634201954445736,0.3058887931082623,-0.36080320950766004,16.12462523550514,0.31590993937079953,1.7787435420562363,1704
beta,sqrt_advw,730,180,3.0,0.6,M,rank,5000000.0,fund63,1.099393547270104,0.22470027331483183,0.20438565777722037,-0.2521847226548652,9.46459298054201,0.3850525576492751,1.714593448861756,1704
beta,advw_top100,730,180,3.0,0.4,W,rank,5000000.0,fund63,1.0992721214842522,0.21910688341763573,0.19931996739969593,-0.23638032832290504,13.42269764765551,0.26873900686188534,1.7685123485082712,1704
beta,eqw_top25,730,180,3.0,0.6,M,q20,5000000.0,none,1.097968406384559,0.4276460944916841,0.38948852444657933,-0.4874332214958327,15.389141771063892,0.8985441051844373,1.3475246519408912,2007
beta,eqw_top25,730,180,3.0,0.6,W,q20,20000000.0,fund63,1.0970712926224186,0.382138186228025,0.34832575494211404,-0.6265303979156311,25.554315033747397,0.8053130968913699,1.3420706496045616,1704
beta,eqw_top100,730,180,3.0,0.8,W,q20,50000000.0,fund90,1.0968659909883767,0.4405928153779961,0.4016833587674476,-0.385682535948779,24.697232704011654,0.8545598071728026,1.316950362827013,1673
beta,advw,730,180,3.0,0.4,M,q20,5000000.0,fund90,1.096201863024322,0.2755720711601321,0.25138807044156414,-0.33085289819114927,10.281725078972732,0.4144867509934376,1.6150222820836069,1673
beta,sqrt_advw,730,180,3.0,0.6,M,q20,50000000.0,none,1.0961966584233622,0.5415109856565844,0.49399072830182567,-0.5854686826410007,21.49427284934936,0.8395688579690055,1.420216710501745,2007
beta,eqw_top100,365,180,3.0,0.8,M,q20,50000000.0,fund90,1.0959729614840434,0.49663115341880143,0.4531417935222774,-0.5448089072218033,16.074221901225226,0.9136329871550269,1.2610266177278922,1673
beta,advw,730,180,3.0,1.0,M,q20,20000000.0,none,1.094823422711143,0.4856543380509805,0.4435914760102049,-0.7382658605729449,18.857216906469446,0.8337028868926676,1.4077227798125311,2007
beta,btceth,730,180,3.0,0.8,M,q20,5000000.0,none,1.0936437250091535,0.4600042543417061,0.42061618772407433,-0.8203303437932817,14.233889483851213,0.8965283984064373,1.4279325230799438,2007
beta,eqw_top25,730,180,3.0,0.4,W,q20,20000000.0,fund63,1.0935515382240903,0.38364246005480934,0.3508224776290273,-0.5648077481960857,24.657328335708314,0.6352086867006228,1.4594751060941702,1704
beta,sqrt_advw,730,180,3.0,0.8,M,q20,50000000.0,none,1.0932803682808805,0.5654165673968092,0.5171743532593507,-0.5974220927341385,21.957211065090128,0.8570968033217917,1.4070619772867814,2007
beta,btceth,730,180,3.0,0.4,W,rank,5000000.0,fund90,1.0919581238969487,0.2027088558976731,0.18563793927760855,-0.20103833357236178,11.997380143897026,0.3949564504355162,1.6659107115710223,1673
beta,btceth,730,180,3.0,1.0,M,q20,20000000.0,none,1.091307726473487,0.49261738564970065,0.4514009877320048,-0.8125121692101572,18.206696787390413,0.9609421798257145,1.3099119038991314,2007
beta,eqw_top25,730,180,3.0,0.4,W,q20,20000000.0,none,1.0909769201524973,0.588060847221432,0.5390222619367903,-0.6721559124933609,29.81535228063601,0.9355248704071929,1.3884124213247022,2021
beta,eqw_top25,730,180,3.0,0.4,W,q20,50000000.0,fund90,1.0895476538777498,0.4465341860960624,0.4098344707611703,-0.428292954539923,22.970750472427092,0.5547595182345109,1.5501689085618013,1673
beta,eqw_top25,365,180,3.0,0.8,M,q20,50000000.0,none,1.0892988541462472,0.606775449041268,0.5570330371060901,-0.6198592591325016,24.33421946966374,0.9634397479909654,1.2123351998057108,2007
beta,btc,730,180,3.0,0.4,M,rank,5000000.0,fund63,1.0890619651538103,0.20516581427999908,0.18838764078132425,-0.19273149287452623,9.066736534256275,0.28911970504773715,1.7379525681164245,1704
beta,eqw_top25,730,180,3.0,0.4,W,q20,50000000.0,none,1.0886126335974744,0.5521565171293555,0.5072111971589712,-0.5645669138251002,32.97928722480637,0.7403232863929518,1.4631610725022424,2021
beta,eqw,365,180,3.0,0.6,M,q20,50000000.0,fund63,1.0885690308996376,0.4441763367977077,0.40803690366849976,-0.44500064809242706,15.49159882266858,0.5423999999614653,1.547075038835852,1704
beta,eqw_top25,730,180,3.0,0.8,M,q20,5000000.0,none,1.0877874183556517,0.4658316889583574,0.42823779821109664,-0.5792102635253908,16.04188277370131,0.9545189752265668,1.2596495863362362,2007
beta,eqw_top25,730,180,3.0,0.4,W,rank,5000000.0,fund90,1.0867252299869659,0.227730657904929,0.20955679653049042,-0.25500457870055804,13.059648615192744,0.42422936243295656,1.6219744613121971,1673
beta,eqw,365,180,3.0,0.6,M,q20,50000000.0,none,1.0865605753348755,0.5451128463566465,0.5016865683614959,-0.4431669213055831,22.37970827103921,0.8679874208082196,1.3175648781574243,2007
beta,sqrt_advw,365,90,1.0,0.4,M,q20,20000000.0,fund63,1.0852654385612912,0.33731342438032963,0.3108119105197872,-0.3649085300073005,16.266928092092826,0.42460858011351216,1.656828178750699,1704
beta,eqw_top25,365,180,3.0,0.6,M,q20,50000000.0,none,1.0850522567226324,0.5648050038052757,0.520532536848734,-0.5894084600992939,23.366816938694726,0.9463006376611938,1.216720060409205,2007
beta,sqrt_advw,730,180,3.0,0.4,M,q20,5000000.0,fund90,1.0847041277337923,0.2795347106812564,0.25770595274240504,-0.30009635688736475,10.635749627298242,0.3878669990595582,1.6207427817054498,1673
beta,sqrt_advw,730,180,3.0,0.6,M,rank,5000000.0,fund90,1.0838088804893056,0.20938844079613697,0.1931968307010039,-0.2562720057252679,8.6006874677255,0.5011857187824358,1.6034141236128825,1673
beta,eqw,730,180,3.0,0.4,M,q20,20000000.0,fund90,1.0836023595916526,0.3432196644854419,0.31673949530230033,-0.43726852022968404,13.374291173646826,0.9272918861229587,1.2195901017664605,1673
beta,eqw_top25,180,90,1.0,0.8,M,q20,50000000.0,none,1.0832970741029173,0.583666870930364,0.5387874525680786,-0.6537085060703389,27.229656028022774,1.2947160789964076,0.8357121708386421,2007
beta,btceth,730,180,3.0,0.8,M,q20,20000000.0,fund90,1.0820841819196796,0.3189797693636341,0.29478276708356055,-0.26458313422602875,12.93558101125327,0.59516434547194,1.541102670724478,1673
beta,sqrt_advw,365,180,3.0,0.6,M,q20,50000000.0,fund63,1.0815518122278818,0.44660724828069553,0.4129319032444059,-0.4580785519297565,15.853199085161197,0.6609669270128818,1.4353975158226497,1704
beta,eqw,730,180,3.0,0.6,M,q20,5000000.0,none,1.0807247314429833,0.4246487807711918,0.3929296410235757,-0.6306088643299071,14.603008527412008,0.7181183592329333,1.5886890456278442,2007
beta,sqrt_advw,730,180,3.0,0.6,W,q20,50000000.0,fund63,1.078841978609409,0.40874223302105706,0.3788712722765126,-0.43717419699367244,24.690424951161027,0.530345840554049,1.56695319296644,1704
beta,eqw_top100,730,180,3.0,1.0,W,q20,50000000.0,none,1.0775064314054121,0.6353789621924436,0.5896753315557539,-0.7636740091369916,38.76137199324808,0.8124114985212824,1.3838062266344326,2021
beta,sqrt_advw,365,180,3.0,0.4,M,q20,20000000.0,fund63,1.0775059833279295,0.359691304879992,0.33381838286323745,-0.4031011960275063,14.596687674436614,0.3100580662575188,1.7279266918781384,1704
beta,eqw_top100,730,180,3.0,0.4,W,q20,50000000.0,fund63,1.077424177038737,0.4468583212174953,0.41474688496936263,-0.44325462008091,24.690562076365524,0.4677759820846217,1.6150080945923828,1704
beta,eqw,365,180,3.0,0.8,M,q20,50000000.0,none,1.0765947752742673,0.575805756404368,0.5348398205422081,-0.4766901026064847,22.805634548710113,0.8844548231655288,1.2871392673341384,2007
beta,btceth,730,180,3.0,0.6,M,rank,5000000.0,fund63,1.0764634482529631,0.21424729841230064,0.19902886508595474,-0.22020755431092315,8.953474161421571,0.5182032965738642,1.5310949954887818,1704
beta,eqw,365,180,3.0,0.4,M,q20,20000000.0,fund63,1.0762428734619254,0.3527192248804396,0.3277319957955734,-0.37563011658720713,14.509945610518189,0.27005039737169906,1.7592936081670305,1704
beta,eqw_top25,730,180,3.0,0.4,W,rank,5000000.0,fund63,1.0755597343892946,0.23534644771452007,0.21881299586596215,-0.2545906428839896,14.277860926191941,0.17355936363461907,1.815519438783973,1704
beta,eqw_top100,730,180,3.0,0.8,M,q20,20000000.0,fund63,1.07469533018626,0.3892881499415878,0.3622311728795905,-0.3388850121035707,15.481700969895986,1.1057234516716785,1.0479466767546575,1704
beta,eqw_top100,730,180,3.0,0.8,W,q20,50000000.0,fund63,1.0746238524182279,0.4459128920998627,0.41494788255111226,-0.4791511995264779,26.68253645880925,0.8083533281686471,1.3143315374688715,1704
beta,eqw,365,180,3.0,0.4,M,q20,50000000.0,fund63,1.0743520730520368,0.4469092188182738,0.4159802266203915,-0.4414496422320124,15.462829104528971,0.3886926101613016,1.645477487884303,1704
beta,sqrt_advw,730,180,3.0,0.8,W,q20,50000000.0,fund90,1.0743184213987287,0.40479742448899125,0.3767946415383604,-0.36282651165923174,23.61196401238333,0.7473210742012325,1.3663569792985388,1673
beta,sqrt_advw,365,180,3.0,0.4,M,q20,50000000.0,fund63,1.0727653799037034,0.45056168724219514,0.420000212238989,-0.45085466526331286,15.773922524400419,0.5245304893919177,1.5257006416756458,1704
beta,eqw,730,180,3.0,1.0,W,q20,20000000.0,none,1.069574585425109,0.6996410113718484,0.6541301755910475,-1.0560327341544473,30.75656555014854,1.0373997751855228,1.2488323192178492,2021
beta,eqw_top25,730,180,3.0,0.6,M,q20,50000000.0,fund90,1.0679309571831532,0.423949932726131,0.39698252951143015,-0.5120320600308905,14.647287270756733,0.6109391237213796,1.5054322179929447,1673
beta,eqw_top25,180,90,1.0,0.6,M,q20,50000000.0,none,1.0672793528087732,0.5360954503168179,0.5023009663833263,-0.5968995514634821,26.201903571762784,1.2439084704651733,0.8656246975732069,2007
beta,advw_top100,730,180,3.0,0.6,M,rank,5000000.0,none,1.066634521735224,0.29046358533365707,0.2723178177855379,-0.40297706004130085,10.677103297054822,0.6283720401731056,1.6622274352093074,2007
beta,eqw,730,180,3.0,0.4,M,q20,5000000.0,none,1.0665655505615144,0.4096250170043241,0.38405986091400474,-0.6065692822734404,14.442623747157716,0.6456667367315073,1.6247549929931444,2007
beta,eqw_top100,730,180,3.0,0.4,M,q20,5000000.0,fund63,1.0665145902350672,0.3007670485111867,0.2820093145138272,-0.34078527779904966,11.867015174464838,0.18406147835466946,1.7585632464676069,1704
beta,btc,730,180,3.0,0.4,M,rank,5000000.0,fund90,1.066239091493786,0.19026750454351946,0.17844731642408396,-0.2045920523120675,8.16759680675578,0.2806474149947942,1.745674071630841,1673
beta,eqw_top100,730,180,3.0,0.4,W,q20,50000000.0,none,1.0644645879075527,0.5296183016897059,0.4975443126114614,-0.4810311409481345,33.463627954500296,0.6756627307103755,1.495341482011052,2021
beta,advw,730,180,3.0,0.6,M,q20,5000000.0,fund63,1.064089781839528,0.2872966329673357,0.2699928501058212,-0.4002513945488361,11.18877810274699,0.4921804035670746,1.5181504608886662,1704
beta,eqw_top25,730,180,3.0,1.0,M,q20,20000000.0,fund63,1.0604742543513248,0.46840800118886605,0.44169672131775023,-0.48350731783389467,17.36645932948687,1.165722512542449,0.9672311987420479,1704
beta,btceth,730,180,3.0,0.6,M,rank,5000000.0,fund90,1.060004177265126,0.2005017392131242,0.18915183875070246,-0.23443601228411332,8.08684432033674,0.4995997768058191,1.5656528930964786,1673
beta,eqw,730,180,3.0,0.4,M,q20,20000000.0,fund63,1.0597519480303272,0.351703776715663,0.3318736779577009,-0.4144905817200562,14.381891445058162,0.8944031099288559,1.203437243426493,1704
beta,btc,730,180,3.0,0.4,M,rank,5000000.0,none,1.0577242590414102,0.28184600208681965,0.2664645342844361,-0.4090333949207733,10.41326932764111,0.7179171110701549,1.579551378028976,2007
beta,eqw,365,180,3.0,0.6,M,q20,50000000.0,fund90,1.0569073493386791,0.41876681257249765,0.39621903739672687,-0.47494268705920295,14.321988579314615,0.6076225124936935,1.443353215495076,1673
beta,sqrt_advw,730,180,3.0,0.6,M,q20,5000000.0,none,1.056746320255867,0.4037602824973164,0.3820787210307532,-0.6213824601491784,14.778835964239503,0.702128028405745,1.5353880732920904,2007
beta,btceth,730,180,3.0,0.8,M,rank,5000000.0,none,1.0560258941673912,0.31624401120755213,0.2994661522546189,-0.5068467892070437,10.280958910015105,0.7608512485523816,1.522600680274154,2007
beta,eqw,365,90,1.0,0.4,M,q20,20000000.0,fund90,1.0554163360148108,0.31361471501847715,0.2971478688710349,-0.36772611884292183,15.103448636632843,0.07290368699365911,1.9162645280069703,1673
beta,eqw_top25,730,180,3.0,0.8,W,q20,50000000.0,fund90,1.055406360642247,0.44209793242541057,0.41888882700723956,-0.4873802235191522,25.19160817869595,0.7977433002050796,1.2930950251439965,1673
beta,eqw_top100,365,90,1.0,0.6,M,q20,20000000.0,fund63,1.0553601181596612,0.3480944440920569,0.3298347531826999,-0.384692042715842,16.71014521442556,0.5872034125217965,1.4763884643538978,1704
beta,btceth,730,180,3.0,0.8,M,q20,20000000.0,fund63,1.0551581003983943,0.32892490878881103,0.3117304493654736,-0.3161003064108445,14.065851566288293,0.7176373021896194,1.3460371554354829,1704
beta,sqrt_advw,730,180,3.0,0.4,W,q20,50000000.0,fund63,1.0551196415698965,0.41888458570887316,0.39700197892783146,-0.43033967281794916,24.346190056637756,0.3493247184187666,1.676739686344985,1704
beta,eqw,730,180,3.0,0.6,M,q20,50000000.0,fund90,1.0549023334965117,0.3846093497420922,0.364592377445304,-0.43144724970543336,13.771204077045537,0.5770669596782191,1.4927473902507231,1673
beta,eqw_top25,730,180,3.0,0.8,M,q20,50000000.0,none,1.0546710997737234,0.5901270714269387,0.5595365906523356,-0.9331956690299563,23.175234749624206,0.7012558119108855,1.496588134716217,2007
beta,advw_top100,730,180,3.0,0.4,M,rank,5000000.0,none,1.0541280383648337,0.2853345211523654,0.27068298230163484,-0.4003440769353275,10.758274779434641,0.5590160559469389,1.682248982829883,2007
beta,btc,730,180,3.0,0.4,M,q20,20000000.0,fund90,1.0522309298274468,0.29772021835295825,0.28294189983731116,-0.23819562134982392,13.154681170257776,0.4929564774671795,1.555184719810791,1673
beta,eqw,730,180,3.0,0.6,M,q20,20000000.0,fund90,1.0517748294892235,0.3249646660033593,0.30896790538443747,-0.4625459440237579,13.32575367087785,0.9913063753351288,1.1087892314577685,1673
beta,sqrt_advw,365,180,3.0,0.6,M,q20,50000000.0,fund90,1.0516336150127374,0.42358418169336726,0.4027868410123394,-0.4889005426628494,14.699637508504745,0.6950334812903521,1.3619863661525067,1673
beta,eqw_top100,730,180,3.0,0.4,W,rank,5000000.0,fund90,1.0515448220907728,0.21589198943000107,0.20530935524055535,-0.27928984221066155,12.662408328107967,0.36456129719717767,1.5987519681482691,1673
beta,sqrt_advw,365,90,1.0,0.4,M,q20,20000000.0,fund90,1.0510328080325504,0.3174915289180546,0.3020757549066174,-0.31554981153899053,15.249583710271791,0.17960630990718093,1.8150187215273001,1673
beta,sqrt_advw,730,180,3.0,0.6,M,q20,5000000.0,fund63,1.0504704847832778,0.2907484370931015,0.2767792539674122,-0.3699442272384788,11.656194555609776,0.386750715836703,1.5832319064125095,1704
beta,eqw_top25,730,180,3.0,1.0,M,q20,50000000.0,none,1.0496624365443905,0.666143422891037,0.6346263329038025,-0.9245911043633448,24.534452199042697,0.752321113970744,1.4123467440193356,2007
beta,sqrt_advw,365,180,3.0,0.4,M,q20,20000000.0,fund90,1.049499200501317,0.34069008876520845,0.32462158008550185,-0.42463261700044574,13.559750515061243,0.20556634045655867,1.765146348267473,1673
beta,eqw_top100,730,180,3.0,0.4,W,rank,5000000.0,fund63,1.049198612849443,0.22596751609617524,0.21537153531159015,-0.2792189281191446,13.862419110700886,0.15370396126244285,1.7883177759411975,1704
beta,eqw,365,180,3.0,0.6,M,q20,20000000.0,fund63,1.0482829794087931,0.33796617112419425,0.32239975060436366,-0.3490627407741622,14.539701153476914,0.416081654591931,1.599454098479222,1704
beta,eqw_top25,730,180,3.0,0.4,M,q20,5000000.0,none,1.047886568951235,0.3975994881344246,0.37942989242848796,-0.4504939645101871,14.904660245688378,0.7950819554386409,1.3437972596746162,2007
beta,sqrt_advw,730,180,3.0,0.4,M,q20,50000000.0,none,1.0468705541930536,0.5221617321947034,0.4987834743304962,-0.5997387816215956,21.286352062553384,0.7893831425514439,1.3474143747432015,2007
beta,eqw,365,180,3.0,0.4,M,q20,50000000.0,fund90,1.0466602583937334,0.42302804179083964,0.4041693934572842,-0.4711527504100364,14.255476907025788,0.49007820819522385,1.5181264690254868,1673
beta,advw_top100,730,180,3.0,0.6,M,q20,50000000.0,none,1.0466420523210258,0.49339734591497625,0.4714098242286575,-0.6397698683940289,20.396773157873795,0.8964142261108816,1.2362239665113592,2007
beta,eqw_top25,365,90,1.0,0.6,M,q20,20000000.0,fund63,1.0461535034809808,0.35814871837256435,0.3423481517586635,-0.45472770845222077,17.560795034072026,0.7055961674678133,1.3486934449574566,1704
beta,advw_top100,730,180,3.0,0.8,M,q20,50000000.0,none,1.04564250065376,0.5074002316583481,0.48525211182704375,-0.6527388973384181,20.45060967688822,0.9094723014200162,1.2286037511696333,2007
beta,eqw,730,180,3.0,1.0,W,q20,50000000.0,fund90,1.0453831434498748,0.4358531769575984,0.4169315142381547,-0.35148969092136284,24.65537579971218,0.8027868559877743,1.2561080580944608,1673
beta,sqrt_advw,365,180,3.0,0.6,M,q20,20000000.0,fund63,1.045071257941039,0.3440289364274772,0.3291918458319008,-0.3589598092022479,14.659952886793477,0.4444212514964613,1.566475017974286,1704
beta,sqrt_advw,365,180,3.0,0.4,M,q20,50000000.0,fund90,1.0450597071617587,0.42829435144136324,0.40982763808256756,-0.48119059401652875,14.592538020042483,0.5886748271247378,1.4335994483287475,1673
beta,eqw_top25,180,90,1.0,1.0,M,q20,50000000.0,none,1.0446929037727242,0.6488121486570284,0.6210553803074164,-0.7577137618795451,28.871225576828678,1.3058484203819753,0.7421136537092897,2007
beta,btceth,730,180,3.0,0.4,W,rank,5000000.0,none,1.0443377642167522,0.2915027372435456,0.2791268756446542,-0.47792572276214995,14.999217032283136,0.722623175593129,1.4873987069823518,2021
beta,eqw,365,180,3.0,0.4,M,q20,20000000.0,fund90,1.043662376070957,0.3321280854411619,0.3182332649486839,-0.4123880246967345,13.547105581398537,0.13199982292191212,1.8065862026561246,1673
beta,eqw_top25,365,180,3.0,0.4,M,q20,20000000.0,fund63,1.0431173441027066,0.36160477884426256,0.3466578145676566,-0.3796168933141016,15.027047421507309,0.2705730427669172,1.660794831029403,1704
beta,sqrt_advw,730,180,3.0,0.6,M,q20,50000000.0,fund90,1.0429583201330206,0.377890862425004,0.36232594834356097,-0.43065481497853697,13.788460258637965,0.5886857357731593,1.4629854576285235,1673
beta,eqw_top25,730,180,3.0,0.6,W,q20,50000000.0,fund63,1.0429271390348596,0.43302113366657013,0.4151978766870468,-0.5635143866819083,25.87105954783794,0.5279425764448568,1.5021225763859463,1704
beta,advw_top100,730,180,3.0,0.4,W,q20,20000000.0,fund90,1.0422568011605917,0.3193477725302985,0.30640027695160427,-0.5409471800617036,21.273756233865452,0.621132963351151,1.3763277281676853,1673
beta,advw_top100,730,180,3.0,1.0,M,q20,5000000.0,none,1.0421594226784063,0.4546616042664341,0.43626876500135564,-0.7540129576830422,14.736439264313175,0.8950161702696882,1.2447828287680005,2007
beta,eqw_top25,365,180,3.0,1.0,M,q20,50000000.0,none,1.0421519149941727,0.6650685995474038,0.6381685721425006,-0.6737303225084168,25.794076876093012,0.950653746056581,1.1309223573831901,2007
beta,eqw,730,180,3.0,0.4,M,q20,50000000.0,fund90,1.0421340469942817,0.39421170777434844,0.3782735137685329,-0.4267931101254875,13.739192441832326,0.46191693161728103,1.5487682376935097,1673
beta,eqw_top25,730,180,3.0,0.6,M,q20,5000000.0,fund63,1.0419510853540825,0.3103278038973146,0.29783337074010247,-0.41757628630173543,12.320768470572297,0.4673343247191769,1.5087918807519243,1704
beta,eqw,730,180,3.0,0.6,M,q20,20000000.0,fund63,1.0414269443649826,0.337671752479568,0.32423950072221885,-0.4539243323227913,14.3412243843928,1.02258744453041,1.0634215011677408,1704
beta,sqrt_advw,730,180,3.0,0.4,W,rank,20000000.0,fund90,1.0404142650693586,0.264026418055138,0.2537704709744025,-0.3079089117643683,16.935847603483335,0.3866302100120094,1.5276958571945778,1673
beta,eqw_top25,730,180,3.0,0.4,M,q20,50000000.0,fund90,1.0398104703806734,0.4199155188051785,0.403838517466984,-0.49248538644965234,14.278140042093817,0.48507376186046347,1.540741436066903,1673
beta,btceth,730,180,3.0,0.6,W,rank,5000000.0,none,1.0395176023707418,0.29538425578335326,0.2841551264833754,-0.515878270117317,14.817032872829511,0.779205445318352,1.434859145465377,2021
beta,eqw_top100,730,180,3.0,0.4,W,q20,20000000.0,fund90,1.039288271784053,0.34868279824814213,0.33550152321991433,-0.5345267877018631,21.73866392153118,0.46500037422818524,1.4888034745737473,1673
beta,eqw_top25,730,180,3.0,0.8,M,q20,50000000.0,fund90,1.0379483143612394,0.4346034737369186,0.41871398385031966,-0.540515938945866,15.22514710744223,0.7173621435843905,1.3630883613970202,1673
beta,eqw,730,180,3.0,0.8,W,q20,20000000.0,fund63,1.037695661246841,0.35400973584776235,0.3411498660622736,-0.679454135706137,23.55754224929685,0.8864950315576462,1.1703028969427836,1704
beta,eqw_top25,730,180,3.0,0.4,M,q20,5000000.0,fund90,1.0376427084479642,0.2848374154554528,0.2745043290300698,-0.3341835906643005,10.916891802306829,0.4041067874479276,1.52422153132482,1673
beta,sqrt_advw,730,180,3.0,0.4,W,rank,5000000.0,fund90,1.0375487994119854,0.2029628257916461,0.1956176190523974,-0.26458914704292946,12.382070969407891,0.38434047142165273,1.5614329680638315,1673
beta,eqw,730,180,3.0,0.6,M,q20,5000000.0,fund63,1.0365314149285851,0.2888640409681715,0.27868334409147993,-0.3710310657519776,11.486546225426546,0.3754630580453148,1.574035012548475,1704
beta,eqw_top25,365,180,3.0,0.4,M,q20,20000000.0,fund90,1.036527618495046,0.3503970983030518,0.3380489743358696,-0.38849758596416956,13.865858459720386,0.22603717819675612,1.6875202776673037,1673
beta,eqw,730,180,3.0,0.8,M,q20,5000000.0,none,1.036314547133192,0.44273030516966316,0.42721614435926797,-0.6893423701701391,14.89174400172965,0.7524236350027312,1.4421369328171654,2007
totvol,advw,180,180,,,W,rank,20000000.0,fund90,1.0359850734857199,0.2606725247891571,0.2516180314375448,-0.41806578452838045,14.96732995145015,0.6516636257956788,1.3344685063693809,1673
beta,eqw_top25,365,180,3.0,0.6,M,q20,50000000.0,fund63,1.035753765036834,0.46653720039691443,0.45043254115549675,-0.5625598040084179,16.450886000963486,0.5716582146843119,1.4167724359208507,1704
beta,sqrt_advw,730,180,3.0,0.4,W,rank,5000000.0,fund63,1.035567128722659,0.212783425580262,0.20547526053933746,-0.2646999691216964,13.552761138588847,0.18570239203149064,1.7391731540592894,1704
beta,sqrt_advw,730,180,3.0,0.6,W,q20,20000000.0,fund63,1.0353532798463427,0.33568488322413387,0.3242225525899266,-0.5638321490746678,23.02107297509889,0.8433263982349103,1.1994924582341489,1704
beta,eqw,365,180,3.0,0.4,M,q20,50000000.0,none,1.035228237767722,0.5194275378431636,0.5017517093266436,-0.4302300698675898,22.21789157088481,0.8146198343381226,1.2560931736519443,2007
beta,eqw_top25,730,180,3.0,1.0,M,q20,20000000.0,fund90,1.0349843508422438,0.4357020158230897,0.4209744963472409,-0.4565517031214743,16.03017088289343,0.9881655782677822,1.0816921271839384,1673
beta,eqw_top100,730,180,3.0,0.6,W,q20,20000000.0,fund90,1.0348711136896243,0.3398674841569825,0.3284152776718769,-0.5674925234719942,22.345266246243316,0.586038196844012,1.4119059086067303,1673
beta,advw,730,180,3.0,0.6,M,rank,5000000.0,none,1.034407700975897,0.2816486381419367,0.27228010568388006,-0.4016004471992332,10.633179445015775,0.5977991418766175,1.6249101642618853,2007
beta,eqw_top25,365,180,3.0,0.4,M,q20,50000000.0,none,1.0333789724808864,0.5346993934980686,0.51742817275872,-0.5696013122714576,22.733986564564702,0.8924016080891156,1.162676430018975,2007
beta,eqw_top25,365,180,3.0,0.4,M,q20,50000000.0,fund63,1.03301748103064,0.46642222464197974,0.4515143578951161,-0.5344687875654652,15.928933925977887,0.4437380112939121,1.5002337013686724,1704
beta,eqw_top25,730,180,3.0,0.8,W,q20,20000000.0,fund63,1.0326166989599355,0.38684271987115076,0.37462373043238945,-0.7020070482689447,26.835807509462214,0.9178221793914708,1.1356289663741428,1704
beta,sqrt_advw,730,180,3.0,1.0,M,q20,50000000.0,none,1.032295509840926,0.5942472010572509,0.5756560940082193,-0.6195380481752379,22.75548526517967,0.8447268831064891,1.2773288631423036,2007
beta,sqrt_advw,730,180,3.0,0.8,W,q20,50000000.0,fund63,1.032254062075063,0.39978677167903937,0.3872949367478176,-0.4506697798873067,25.41707632046483,0.677637978927404,1.3465241268684651,1704
beta,sqrt_advw,730,180,3.0,0.4,W,q20,20000000.0,fund63,1.0321973515107872,0.34545329549954074,0.33467756431840684,-0.5221209735024294,22.728168504391597,0.6691977584395423,1.3244329928303187,1704
beta,advw,730,180,3.0,1.0,M,q20,20000000.0,fund63,1.0321319586789965,0.36596956458391056,0.3545763325188642,-0.3861392827406547,14.288431012732381,1.0492066910589042,1.0229494620112047,1704
beta,sqrt_advw,730,180,3.0,0.4,M,q20,50000000.0,fund90,1.0319188471095186,0.38696103721936187,0.3749917334132122,-0.4242068390024132,13.737946377173271,0.4778352751824906,1.5159541843065196,1673
beta,eqw_top25,730,180,3.0,1.0,M,q20,5000000.0,none,1.0314510533418466,0.5148411565021701,0.4991425960874364,-0.701957593697588,16.913971346318565,0.967445813198418,1.1129898612768019,2007
beta,advw_top100,730,180,3.0,0.6,M,q20,5000000.0,fund90,1.0310490672445332,0.26597541878678427,0.25796582067388946,-0.38549223929931536,10.249663108756597,0.534899199183985,1.4421109171715616,1673
totvol,advw,180,180,,,W,rank,20000000.0,fund63,1.0308122267065956,0.26983313186462343,0.26176749254006193,-0.40572469901654806,16.170320051892364,0.5616262201768417,1.3948427079604377,1704
beta,advw_top100,730,180,3.0,0.4,W,q20,20000000.0,fund63,1.0306665496103313,0.3315900794168195,0.3217239169566386,-0.5366817386192334,23.022577001325725,0.6677849940416154,1.3239189689637347,1704
beta,eqw_top100,730,180,3.0,0.4,W,rank,20000000.0,fund90,1.030639408372616,0.2732011219054044,0.26507925049828057,-0.33889097991592826,17.274040372344714,0.3248714179555657,1.553931595941047,1673
beta,eqw_top25,730,180,3.0,0.8,W,q20,20000000.0,fund90,1.0301855299394602,0.3672537571252723,0.35649283206963145,-0.7175540925888735,24.855078996823167,0.7654542332882415,1.2695513107608356,1673
beta,eqw,365,180,3.0,0.8,M,q20,50000000.0,fund63,1.0301518760637471,0.4423344692498266,0.4293876267449076,-0.46782686150992503,15.70728033101997,0.6661465261682638,1.3348511214728853,1704
beta,btceth,730,180,3.0,0.6,M,q20,5000000.0,fund63,1.0299900399308288,0.2847606538736283,0.27646932769636495,-0.3522729952026902,11.168891635897943,0.4304226944951665,1.4984136610771874,1704
beta,sqrt_advw,730,180,3.0,0.8,M,q20,5000000.0,none,1.0290883929701509,0.4231289153817108,0.4111686792623107,-0.6631823247551077,15.074410727054248,0.754309953918261,1.399984416825288,2007
beta,eqw_top25,730,180,3.0,0.4,W,rank,20000000.0,fund90,1.028975792403935,0.2781752311642451,0.2703418615071213,-0.2972218248470707,17.828972371470144,0.3752172373324639,1.5184519913660426,1673
beta,advw,730,180,3.0,0.4,W,rank,20000000.0,fund90,1.0288703083306758,0.2528811806524291,0.2457852837280574,-0.2766764861314302,16.761629769517118,0.373364747661908,1.5128931892812925,1673
beta,eqw,730,180,3.0,0.6,M,rank,5000000.0,fund63,1.028625999762726,0.2081273054495136,0.20233525644648537,-0.2573936829775031,9.358386414654822,0.33853452900052405,1.627541657090052,1704
beta,eqw_top100,730,180,3.0,0.6,M,q20,50000000.0,fund90,1.0282598158216567,0.39379006550485124,0.3829674751902888,-0.4518356562659187,14.52688029033441,0.5579318493054604,1.4710567119063964,1673
beta,advw_top100,365,180,3.0,0.4,M,q20,20000000.0,fund63,1.028219952610552,0.3249527746632457,0.3160343016474458,-0.39067457133228733,14.710689575145912,0.4245134557410633,1.5184316600182108,1704
beta,btc,730,180,3.0,0.6,M,rank,5000000.0,none,1.0275879601191171,0.28483847273642954,0.277191329395696,-0.4210581607719671,10.224774453370074,0.7421434094008442,1.5090678284786956,2007
beta,sqrt_advw,730,180,3.0,0.4,M,q20,5000000.0,none,1.0273890240149453,0.3875102270483079,0.3771796447016265,-0.5889498608332887,14.612791389287278,0.6111697338220853,1.5672353599110407,2007
beta,btceth,730,180,3.0,1.0,M,q20,5000000.0,none,1.0264528800706183,0.473529680129939,0.4613262715940365,-0.9231225299740164,14.356318293294718,0.8791612458773981,1.2774526593639057,2007
beta,sqrt_advw,365,180,3.0,0.8,M,q20,50000000.0,fund63,1.0263949761643687,0.4458007699067244,0.43433646915603474,-0.4711737980948727,16.120718588907614,0.7657030815798909,1.2485402793192355,1704
beta,advw,730,180,3.0,1.0,M,q20,20000000.0,fund90,1.025792566669893,0.34586829369168887,0.3371717683766288,-0.3570336321697294,13.20875479686704,0.9199687888745917,1.1257426401492672,1673
beta,eqw_top100,730,180,3.0,0.6,W,q20,20000000.0,fund63,1.024703270268023,0.35363911098028267,0.3451136746033651,-0.5676429431100297,24.079610759674214,0.6784443123751223,1.3135269640589957,1704
beta,sqrt_advw,730,180,3.0,0.4,W,q20,20000000.0,fund90,1.0228051853421267,0.3260562042923905,0.31878622533901724,-0.5285236727870425,21.124991619873267,0.6133003964730689,1.3461359786910514,1673
beta,eqw_top25,365,180,3.0,0.4,M,q20,50000000.0,fund90,1.0226489503485057,0.45053536418422574,0.44055720590207326,-0.5704307245478284,14.647319343368501,0.5362168155660387,1.4254411952729098,1673
beta,eqw_top100,365,90,1.0,0.6,M,q20,20000000.0,fund90,1.02214300800457,0.3268907632859088,0.3198092250555681,-0.3224648492273532,15.626209986244566,0.29237501284375517,1.7076856054483018,1673
beta,btc,730,180,3.0,0.4,M,q20,20000000.0,none,1.0216154830691775,0.3996817186777054,0.3912251970545374,-0.5847129685034995,18.49046405983393,0.7595344103943987,1.3790099095789916,2007
beta,eqw,730,180,3.0,0.8,W,q20,20000000.0,fund90,1.0208528284957403,0.3300239218914273,0.32328256598723265,-0.6924507701353283,21.8236421425868,0.7355867071748133,1.2723388909223974,1673
beta,sqrt_advw,730,180,3.0,0.6,W,q20,50000000.0,none,1.020798231798929,0.4670174169925317,0.45750218059206244,-0.46321897605364093,33.45377680744707,0.530383402801152,1.5741672420377806,2021
beta,advw,730,180,3.0,0.4,M,rank,5000000.0,none,1.0206823003359775,0.27645570623955673,0.270853826061798,-0.39579499573957627,10.72424604693684,0.5272959794217429,1.6432642914579003,2007
beta,advw_top100,730,180,3.0,0.8,M,rank,5000000.0,none,1.0206194172416196,0.2965145899883865,0.2905241512940862,-0.428129684275549,10.652411505277053,0.6585996862509668,1.522435112996054,2007
beta,sqrt_advw,730,180,3.0,0.8,W,q20,50000000.0,none,1.0204709261079434,0.48402322089046984,0.47431358258929046,-0.5242705808315015,34.42735613068733,0.5790457750384616,1.5272518722380088,2021
beta,eqw_top25,730,180,3.0,0.4,W,q20,50000000.0,fund63,1.0199596174830003,0.4341121330731426,0.42561698093932415,-0.5333924581925087,24.926756096841817,0.35086740669451827,1.603381993714083,1704
beta,btc,730,180,3.0,0.4,M,q20,20000000.0,fund63,1.0187959129711697,0.30268192083058015,0.2970976983484871,-0.27070838961040616,14.311270703870717,0.5655419918616943,1.4142629986406383,1704
beta,sqrt_advw,730,180,3.0,1.0,M,q20,20000000.0,fund63,1.0180194247656529,0.39017927171329997,0.38327291426990096,-0.43367131325209796,14.996390837515046,1.228922239462554,0.836526963464034,1704
beta,eqw_top25,365,180,3.0,0.6,M,q20,50000000.0,fund90,1.0179240417545632,0.4473400596518623,0.43946310461515037,-0.6004118557862463,15.132024574317345,0.6297906200128323,1.352585223198739,1673
beta,eqw,365,180,3.0,0.4,M,q20,5000000.0,fund63,1.0174304726645955,0.25863793628725606,0.254206988326089,-0.40175656186811964,11.759896204016558,-0.13510806928122976,1.9706152436262898,1704
beta,advw_top100,730,180,3.0,0.4,W,rank,20000000.0,fund90,1.0172932305733378,0.2512817907279856,0.2470101866168571,-0.27220832776294807,16.81744265849159,0.36163103876892183,1.500290042256041,1673
totvol,advw,180,180,,,W,q20,20000000.0,fund63,1.0167775674042432,0.35154934432457696,0.3457485251391374,-0.5122694105799765,21.05107896775273,0.8750831791982969,1.141126458163042,1704
beta,sqrt_advw,730,180,3.0,1.0,M,q20,20000000.0,fund90,1.01622797150984,0.37188889680580983,0.365950266310111,-0.4305960299736582,13.820905544762413,1.1070373880851356,0.9286054424765119,1673
beta,eqw_top25,365,90,1.0,0.6,M,q20,20000000.0,fund90,1.0152821678391217,0.33552863901424346,0.3304782154584342,-0.4165523527068089,16.412585986541014,0.39052311040349985,1.614112946349404,1673
beta,eqw_top100,730,180,3.0,0.4,M,q20,5000000.0,fund90,1.0151709882281172,0.2723728551282818,0.26830244194003444,-0.3394162491836288,10.903591998234353,0.34191378340084794,1.5267769033737246,1673
beta,eqw_top25,730,180,3.0,0.8,W,q20,50000000.0,fund63,1.0138012313297513,0.43891582893188935,0.43294071398609946,-0.6043560133923211,27.2770165057299,0.6967353741163007,1.3004090445024235,1704
beta,eqw_top100,730,180,3.0,0.4,W,q20,20000000.0,fund63,1.0135721735033605,0.3567829295809189,0.35200545053216764,-0.5345189014216246,23.418712738631875,0.4941783315824649,1.4286100350288067,1704
beta,eqw_top25,730,180,3.0,0.6,M,q20,50000000.0,none,1.0128111445590626,0.5338848753495712,0.5271317147502392,-0.944346112409003,22.25896680624611,0.6296527151973982,1.4735990160105337,2007
beta,eqw_top25,730,180,3.0,0.6,M,q20,50000000.0,fund63,1.0122373724995921,0.42002662912036337,0.414948746738288,-0.6386612965212735,15.846864989436188,0.5149774272822564,1.477505787625903,1704
idvol,advw,90,90,,,M,q20,50000000.0,none,1.012184831222043,0.4769114551532203,0.471170324275093,-0.6769485053168016,25.335241445087693,0.9193034030888458,1.1438005535663232,2007
beta,advw,730,180,3.0,0.6,M,q20,50000000.0,none,1.0116929260143377,0.478118368352259,0.4725923806108367,-0.6368613853501395,20.467619873537853,0.8322978031269058,1.2371642570649073,2007
beta,btc,730,180,3.0,0.6,M,q20,20000000.0,none,1.0108751189060645,0.40312229563150853,0.3987854563754167,-0.6492202288047028,18.147755775021587,0.7707612553283993,1.3812161714317128,2007
beta,advw,730,180,3.0,0.8,M,q20,50000000.0,none,1.010456331752214,0.49203381186076695,0.4869421828527116,-0.6490051794635772,20.512733553284466,0.8495967600002365,1.2239474615247852,2007
beta,eqw,730,180,3.0,0.4,W,rank,20000000.0,fund90,1.0097901247569865,0.25214403176570244,0.24969944306633296,-0.332747719000166,16.699601560824338,0.3378714154385274,1.5131872653855625,1673
beta,sqrt_advw,730,180,3.0,0.6,W,q20,20000000.0,fund90,1.0087182599676203,0.31117273241326604,0.3084832948530689,-0.5782766342936304,21.393598078043738,0.7203943402643037,1.2517700888401142,1673
beta,advw_top100,365,90,1.0,0.4,M,q20,20000000.0,fund63,1.0082194501121797,0.3028679208108359,0.30039880779639516,-0.36414210608921244,16.08716817890288,0.35021586676384103,1.5746705925165099,1704
beta,eqw_top100,730,180,3.0,0.4,M,q20,50000000.0,fund90,1.0080943586116997,0.39594440406269965,0.3927652215095972,-0.43803658501718523,14.265685183579286,0.43785871405446064,1.515419616576057,1673
beta,advw_top100,730,180,3.0,0.6,M,q20,50000000.0,fund90,1.0066019228396572,0.344904615395416,0.3426425159435705,-0.48193247746094214,12.949148186136107,0.5385727245008781,1.4274097700431068,1673
beta,eqw,365,180,3.0,1.0,M,q20,50000000.0,none,1.0062633621431827,0.6115423033063798,0.6077358336925742,-0.5652587391693955,23.56486128895314,0.8727643419456278,1.1501813996871852,2007
beta,sqrt_advw,365,180,3.0,0.6,M,q20,20000000.0,fund90,1.005896140148838,0.32102399214402655,0.31914228450715204,-0.3939346055728575,13.616624643641615,0.2809439991960558,1.6518696171543752,1673
beta,advw_top100,730,180,3.0,0.6,W,q20,20000000.0,fund63,1.0035077526049954,0.31339315747267626,0.31229769442153504,-0.5627118166504563,23.005483992669404,0.8030497773230453,1.1749108911706994,1704
beta,advw_top100,730,180,3.0,0.4,M,q20,50000000.0,none,1.0034260769679988,0.481819422136085,0.4801743079988254,-0.6339396183478794,20.533617471333983,0.8471929660110791,1.1832547573424974,2007
beta,eqw,365,180,3.0,0.6,M,q20,20000000.0,fund90,1.0032658649757547,0.31325516409147297,0.31223544528652253,-0.38169167335053106,13.572652389272992,0.220871842187236,1.6883832402885333,1673
beta,eqw_top25,365,90,1.0,0.4,M,q20,50000000.0,fund90,1.0025940626308834,0.4191249466675622,0.41804052336769915,-0.44242571065483194,16.94056645009243,0.5333807384806424,1.4152604319316113,1673
beta,advw_top100,730,180,3.0,1.0,M,q20,50000000.0,none,1.002296900177701,0.5242954755839222,0.5230939809261784,-0.6739866313930412,20.716219059194508,0.8919543379447001,1.1509699747135256,2007
beta,eqw_top25,730,180,3.0,0.6,W,rank,5000000.0,fund63,1.0020645727190192,0.22339117136654404,0.22293091428269,-0.2862475394632595,14.657306180335347,0.3395369709127924,1.5728413967904216,1704
beta,sqrt_advw,730,180,3.0,0.4,W,rank,20000000.0,fund63,1.0007964793976918,0.2661459678927719,0.26593415681572563,-0.30660338497626305,18.32984044900745,0.3366657234179438,1.503394044403544,1704
beta,eqw_top100,730,180,3.0,0.8,W,q20,20000000.0,none,1.0004054669245452,0.6117257815651267,0.611477847522864,-0.9235211678985655,30.71466142298722,0.8730665087992731,1.3306755341769791,2021
beta,eqw_top25,730,180,3.0,0.8,M,q20,50000000.0,fund63,0.9999286582270142,0.4375607377435388,0.43759195632954767,-0.6721270271136988,16.440773251138992,0.6741615021637787,1.313154338730527,1704
beta,eqw_top25,365,180,3.0,0.6,M,q20,20000000.0,fund63,0.9993721181406104,0.3478520326315984,0.3480705798344636,-0.35161779267413484,15.563729490877384,0.39678935958798756,1.5032493296023448,1704
beta,advw_top100,730,180,3.0,0.6,W,q20,20000000.0,fund90,0.998783137365178,0.29616372174120537,0.2965245513880969,-0.5668452303488832,21.257093864017005,0.6858331138218255,1.2655873126616335,1673
beta,eqw_top100,365,180,3.0,1.0,M,q20,50000000.0,fund63,0.9983730139762338,0.5372717865832152,0.5381473447919185,-0.5644576765179157,18.318621500371613,0.9648909367713746,1.0347196599733695,1704
beta,eqw_top25,180,90,1.0,0.4,M,q20,50000000.0,none,0.9983073657727944,0.5012354056545741,0.502085252337656,-0.576984161505552,25.570577434622304,1.1454112096202416,0.8376949138437657,2007
totvol,advw,180,180,,,M,q20,5000000.0,fund63,0.99782936317019,0.27253820922741673,0.27313107760382926,-0.4031148297538726,10.011153167596653,0.6499522045894556,1.2767074914497487,1704
beta,advw_top100,730,180,3.0,1.0,M,q20,20000000.0,fund63,0.9972567749242651,0.35553691900827894,0.3565149196758072,-0.36648222805764297,14.163069690613803,1.001283124344549,0.9989567452083624,1704
beta,eqw_top25,730,180,3.0,0.6,W,rank,5000000.0,fund90,0.9968955618959477,0.21231285347160103,0.21297401812865271,-0.2876647893608453,13.406644860131761,0.4965716876964693,1.4436723480638884,1673
beta,eqw,730,180,3.0,0.6,M,rank,5000000.0,fund90,0.9965115449949769,0.1901379100164726,0.19080351950908006,-0.2598711362105454,8.494421914564295,0.41791652593363965,1.5078722988427327,1673
beta,advw_top100,730,180,3.0,0.4,M,q20,50000000.0,fund90,0.995663670989625,0.35730158530027817,0.3588577104004844,-0.4736295356604634,13.124337408206959,0.4180348678603207,1.4903011685469456,1673
beta,advw,730,180,3.0,0.4,W,q20,20000000.0,fund90,0.9945229135451327,0.3038726962394719,0.30554619918838277,-0.5154621821609227,21.298836539480256,0.5600024813794398,1.338400146396194,1673
beta,eqw,365,180,3.0,0.8,M,q20,50000000.0,fund90,0.9938993029534512,0.4145059967445073,0.41705029424285694,-0.484457150802554,14.57672601399779,0.6881681143815693,1.2585231894828575,1673
beta,sqrt_advw,365,180,3.0,0.8,M,q20,50000000.0,fund90,0.993798200480108,0.42100543635619636,0.4236327215654112,-0.5028769074794462,14.99370094108691,0.7626064009607791,1.1983357147651437,1673
beta,advw,730,180,3.0,0.4,W,rank,20000000.0,fund63,0.9931562046011497,0.255211162360835,0.25696981117217854,-0.2730112987440144,18.130968537444144,0.3191036463100062,1.4945236459866842,1704
beta,btc,730,180,3.0,0.4,W,rank,5000000.0,fund63,0.9930306230959458,0.19057934847887414,0.19191688961686784,-0.21225723824397658,13.137592363862243,0.15747406125648217,1.683791705704288,1704
beta,advw,730,180,3.0,0.6,M,q20,50000000.0,fund90,0.9929423445272925,0.3403764500990055,0.342795784644523,-0.47988735545838557,13.009457571822422,0.5345834643990288,1.4041436991443568,1673
beta,eqw,730,180,3.0,0.8,M,q20,50000000.0,fund90,0.9928320416637764,0.37427070932992634,0.37697283490440925,-0.4446174780729495,13.999369398912695,0.6574045137264657,1.310042235511823,1673
beta,advw,730,180,3.0,0.4,W,q20,20000000.0,fund63,0.991688514031454,0.318495046963752,0.32116440037103233,-0.5100910876305744,23.0527455693707,0.6165779047027364,1.294700104569266,1704
beta,advw,730,180,3.0,0.8,M,rank,5000000.0,none,0.9911285527032226,0.2876596982631023,0.29023449831864273,-0.4266366679719949,10.597968802750728,0.6300697582961052,1.4905993854286843,2007
beta,eqw_top25,365,90,1.0,0.6,M,q20,50000000.0,fund90,0.9902987318973692,0.4139760831765889,0.41803151901793184,-0.46320629070908304,17.31967832982386,0.6381634805129837,1.3201152429596663,1673
beta,eqw_top100,730,180,3.0,0.6,W,q20,20000000.0,none,0.9892031596659587,0.5634102541893357,0.5695596993236375,-0.7408930553856041,29.51596470694491,0.8174943011528417,1.375088372282508,2021
totvol,advw,90,90,,,M,q20,20000000.0,fund63,0.9890319379741284,0.32427686509681486,0.32787299645858087,-0.3921579703307832,15.649217322449838,0.8841958065072403,1.0833777793366468,1704
beta,advw_top100,730,180,3.0,1.0,M,q20,20000000.0,fund90,0.9882910516370493,0.33514418396905626,0.3391148623817938,-0.34090674482825256,13.063835609957739,0.867621831263359,1.102511420430909,1673
beta,eqw_top100,730,180,3.0,0.4,W,rank,20000000.0,fund63,0.9878142415653742,0.27410194454288933,0.2774832888707133,-0.3375815599648026,18.69942203286947,0.26185019153018757,1.5366696926725059,1704
beta,eqw_top25,730,180,3.0,0.4,W,rank,20000000.0,fund63,0.9870725863119939,0.2782484504632498,0.28189259262368066,-0.29321259211569756,19.28102293719658,0.2822091448800619,1.521160379669926,1704
beta,btceth,730,180,3.0,0.8,W,rank,5000000.0,none,0.9868381530794109,0.30002133368137895,0.3040228357052954,-0.6109383992187616,14.718258876247905,0.7927542630329734,1.3017862961039268,2021
beta,advw_top100,365,180,3.0,0.4,M,q20,20000000.0,fund90,0.9867884429617324,0.30324025789848824,0.3073001716440327,-0.3838186533299933,13.570323779543928,0.27532616550984024,1.569217143077692,1673
beta,advw,730,180,3.0,0.6,W,rank,5000000.0,fund63,0.985475549103535,0.19702642097203033,0.1999302987793668,-0.27150331992421634,13.246904242506137,0.39393843416908525,1.4831399351149936,1704
beta,sqrt_advw,730,180,3.0,0.8,W,q20,20000000.0,none,0.9852835588510171,0.549685477560046,0.5578957170472414,-0.8689672853467951,29.569722181890338,0.9052471347479409,1.2129653368746647,2021
beta,sqrt_advw,730,180,3.0,0.8,M,q20,50000000.0,fund90,0.9852520712993837,0.3699406266727823,0.37547815168243404,-0.4430690275689948,14.018781274672737,0.6662259953837031,1.2934037857203966,1673
beta,advw,730,180,3.0,0.6,M,q20,5000000.0,fund90,0.984709939674898,0.2524969575598446,0.2564175981032612,-0.40260581692714925,10.229835887450529,0.4634029733398936,1.4131949426430983,1673
beta,btc,730,180,3.0,0.4,W,rank,5000000.0,none,0.984680383842512,0.26640096331189217,0.2705456183379193,-0.45181237466896473,14.872500304812903,0.6828568181610063,1.4207901231321824,2021
beta,advw_top100,730,180,3.0,0.6,W,rank,5000000.0,fund63,0.9845516374136709,0.1979561735162324,0.20106225615168904,-0.2691918294173561,13.300857093757466,0.3941059467650485,1.4798927117767253,1704
beta,advw,730,180,3.0,0.4,M,q20,50000000.0,fund90,0.9845318131823264,0.35312858663519836,0.35867666428550654,-0.47219274592073357,13.19370322629772,0.41559695969527327,1.4713318900025303,1673
beta,btceth,730,180,3.0,0.4,W,q20,5000000.0,fund63,0.9845146913933369,0.25666220130908335,0.26069920901418087,-0.33964273986650867,17.23559257077114,0.18575959525434568,1.6258706708652992,1704
beta,eqw_top25,365,180,3.0,0.8,M,q20,50000000.0,fund63,0.9842771517929255,0.4743735088959531,0.48195115372926267,-0.6022670150161478,17.241631518863574,0.6916915619940093,1.2333942359980228,1704
beta,eqw,730,180,3.0,0.4,W,rank,20000000.0,fund63,0.9835240787061035,0.2582834089957506,0.26261015321103365,-0.3317665130426891,18.087824717144862,0.3202801429194701,1.4908157836149756,1704
beta,eqw_top100,730,180,3.0,0.6,M,q20,5000000.0,fund63,0.9832188665690009,0.2848972072020594,0.2897597034485563,-0.41475847104684305,12.134284851793266,0.3325947914350875,1.5045402998956583,1704
beta,eqw,730,180,3.0,0.4,W,rank,5000000.0,fund63,0.9831592896458183,0.20000257899096524,0.20342845874244433,-0.27387203879394795,13.398861779666516,0.1538857258972394,1.6767628202381974,1704
beta,sqrt_advw,730,180,3.0,0.6,W,q20,20000000.0,none,0.9830805173407117,0.5197875965934872,0.5287334937727604,-0.7076820821266474,28.862600285881673,0.864500398731536,1.261872909856975,2021
beta,advw,365,90,1.0,0.4,W,q20,20000000.0,fund63,0.9825675577551636,0.30405260398271117,0.3094470213095261,-0.37401548148349706,25.042894322279125,0.05544912338384879,1.7424174496880336,1704
totvol,advw,90,90,,,M,q20,20000000.0,fund90,0.9824806584099884,0.3134811753156245,0.31907109074589945,-0.387326593955073,14.609547234017848,0.9014469028298875,1.0579721426273372,1673
beta,eqw_top25,730,180,3.0,0.8,M,rank,5000000.0,fund63,0.9824768447666735,0.2475728963704957,0.2519885305075981,-0.32101814412463303,10.566835091144503,0.5152053729392371,1.3952049078078392,1704
beta,sqrt_advw,365,90,1.0,0.6,M,q20,20000000.0,fund63,0.9822982251518204,0.31241130905724895,0.318041202822049,-0.3785553619950821,16.32503287004715,0.5579021377865182,1.3583688563942062,1704
beta,eqw_top25,730,180,3.0,0.6,W,rank,20000000.0,fund90,0.9821788763289352,0.263600374634588,0.2683832660093855,-0.3213456091881943,18.31697617509827,0.45009021563716944,1.4089644209700558,1673
beta,advw_top100,730,180,3.0,0.4,W,rank,20000000.0,fund63,0.9818824148281233,0.25336195868779515,0.25803696538566245,-0.26776206648215944,18.185560041414046,0.3039472752634807,1.484324869092548,1704
beta,eqw,730,180,3.0,0.6,M,q20,5000000.0,fund90,0.9813038722692042,0.2587791077023538,0.2637094533255465,-0.371869795822107,10.520993521547183,0.46449623853530675,1.406470138261255,1673
beta,eqw,365,90,1.0,0.6,M,q20,20000000.0,fund63,0.9806492472029948,0.3095640463625109,0.3156725477997853,-0.3648971499883473,16.116247974961762,0.44901246554780677,1.4453216171537362,1704
beta,eqw_top100,730,180,3.0,1.0,W,q20,20000000.0,none,0.979802801932912,0.6714869482588606,0.6853286670891126,-1.1347285595775394,32.451912918469176,0.9090594779257158,1.190546019294868,2021
beta,eqw_top100,730,180,3.0,0.8,M,q20,50000000.0,fund90,0.9793410884014742,0.3936895266446858,0.40199429116905944,-0.47306640462207894,15.004693993187027,0.6515750198537538,1.302521934749345,1673
beta,eqw_top25,365,180,3.0,0.6,M,q20,20000000.0,fund90,0.9792712402091872,0.3312683767294535,0.3382805122089458,-0.36589915525174366,14.367581856908327,0.281782465171509,1.5801261904940098,1673
beta,eqw_top25,365,90,1.0,0.4,M,q20,50000000.0,fund63,0.9765419553156774,0.4208470877805084,0.43095648424492433,-0.555875495545505,18.089569642614602,0.5594544856942195,1.3420033295257443,1704
beta,eqw_top100,730,180,3.0,0.6,W,rank,20000000.0,fund90,0.9762578714728356,0.25444036020091765,0.26062822911435796,-0.3513300042322973,17.5830970785138,0.39677484765166554,1.433269082526062,1673
idvol,advw,180,180,,,M,q20,50000000.0,fund90,0.9761630750938732,0.34408956730553025,0.35249189001790576,-0.4051023676375247,13.812610042046034,1.3231529144255156,0.6930194078836854,1672
beta,eqw_top25,365,90,1.0,0.4,W,q20,20000000.0,fund90,0.9758452381701707,0.3259543858931274,0.33402262279245404,-0.4079957428946566,25.304194505719888,-0.24403319000281085,2.024851602088377,1673
beta,eqw_top25,365,90,1.0,0.6,M,q20,50000000.0,fund63,0.9758163191486001,0.4208884870326985,0.43131937719582686,-0.5803582945801342,18.491500580237073,0.7198994308663816,1.2113311780340927,1704
beta,eqw_top25,730,180,3.0,0.4,M,q20,50000000.0,fund63,0.9755558524671459,0.41107148697353735,0.42137155544088245,-0.6164731528972083,15.468962214774967,0.3454978333811104,1.5429056909514276,1704
beta,advw_top100,730,180,3.0,0.4,W,q20,5000000.0,fund63,0.9755312189696936,0.2561753163251348,0.26260083874680507,-0.302227278726632,17.14780194005996,-0.00020482092955296613,1.7509579949005942,1704
beta,advw,730,180,3.0,0.6,W,rank,5000000.0,fund90,0.9749692631039335,0.18572663919403362,0.19049486606659805,-0.27469167701192443,12.101946405548205,0.50967081818734,1.384219431835201,1673
beta,advw_top100,730,180,3.0,0.6,W,rank,5000000.0,fund90,0.9748238436523046,0.18684165044963277,0.19166709110192276,-0.2729820224158154,12.156694209391418,0.5115212673823676,1.383210498639484,1673
beta,advw_top100,365,180,3.0,0.6,M,q20,20000000.0,fund63,0.9736181013809191,0.30395952970177764,0.3121958489377513,-0.3419567623264508,14.66419050028107,0.5640180166267259,1.3168316047323576,1704
beta,sqrt_advw,730,180,3.0,0.6,W,rank,20000000.0,fund90,0.9733725730770745,0.24093842164677706,0.24752949519125073,-0.3228186542124357,16.9835864474174,0.44483118357133244,1.3916027264951993,1673
beta,btc,730,180,3.0,0.4,M,q20,5000000.0,none,0.9727841154601635,0.3696254105969586,0.37996653596888946,-0.5878404487382007,14.304565314793505,0.7287148050701654,1.3867797393844044,2007
beta,eqw,730,180,3.0,1.0,W,q20,50000000.0,fund63,0.9715519009179135,0.4177460525978683,0.4299781125467261,-0.4224464500074603,26.63882960589207,0.793105554952271,1.1263068965565863,1704
beta,eqw,730,180,3.0,0.6,M,q20,50000000.0,fund63,0.9712870702789735,0.37068406282326155,0.38164212637649286,-0.5423366773752876,14.705784391350582,0.5555355280095468,1.3514598468120678,1704
beta,btc,730,180,3.0,0.4,W,rank,5000000.0,fund90,0.9703457721123033,0.17747908709495183,0.1829029323316423,-0.22678809401958933,11.972047146601177,0.183092290230454,1.656102335944774,1673
beta,btc,730,180,3.0,0.6,W,rank,5000000.0,none,0.9695473704852382,0.27130030219702134,0.2798216058914596,-0.5204702132365959,14.653091275444451,0.7164319632888937,1.3747237482160422,2021
beta,advw,730,180,3.0,0.4,M,q20,50000000.0,none,0.9695008071193191,0.4662671227312447,0.48093525998876235,-0.6318720869910153,20.618174960736848,0.7806816472258498,1.187609041110967,2007
beta,eqw,730,180,3.0,0.4,W,rank,5000000.0,fund90,0.9690905664989522,0.18709305786617642,0.1930604469116754,-0.2733991755053066,12.239097295186886,0.3020103878125108,1.5025701873276505,1673
beta,advw,365,90,1.0,0.4,W,q20,20000000.0,fund90,0.968602707862478,0.2885035650452313,0.2978554186389833,-0.3293153827261152,23.468694801606805,-0.14596975003637203,1.9189704921836648,1673
beta,sqrt_advw,730,180,3.0,0.8,W,q20,20000000.0,fund63,0.9684011339169861,0.3277083338663359,0.3384014355092937,-0.6253287610849685,23.593864273763355,0.9408362682695907,0.9996753816394017,1704
beta,advw,730,180,3.0,0.6,M,q20,5000000.0,none,0.9677914517567452,0.35783989571507757,0.3697489733614848,-0.6359393780244629,14.339500084228154,0.610606556663039,1.4518331701576634,2007
beta,advw,730,180,3.0,1.0,M,q20,50000000.0,none,0.9675983377960061,0.508373428637609,0.5253971702716864,-0.6693549928252622,20.7760223014059,0.837427250173114,1.139832850830509,2007
beta,btceth,730,180,3.0,1.0,M,rank,5000000.0,none,0.967429332810902,0.31914033845874384,0.329884910075519,-0.6049443611242251,10.246159275245414,0.741885973457228,1.328562350838381,2007
beta,sqrt_advw,730,180,3.0,0.6,M,q20,50000000.0,fund63,0.9666695914707719,0.36644556464127653,0.3790804716260243,-0.5414166079016458,14.813555873340682,0.5064089154719486,1.3899484547789578,1704
beta,eqw_top100,365,180,3.0,1.0,M,q20,50000000.0,fund90,0.9666009998015831,0.5072215341435825,0.524747578626239,-0.5833263913812008,16.98740591078529,0.9351794041164442,0.9972316250823244,1673
beta,sqrt_advw,730,180,3.0,0.6,M,q20,5000000.0,fund90,0.9665829454109724,0.25374949547913517,0.2625222146571661,-0.374177182027882,10.713398832680188,0.4490924932025068,1.3907558792716814,1673
idvol,advw,90,90,,,W,q20,50000000.0,fund90,0.9665159081528512,0.36451579851435695,0.3771441271059865,-0.2986823676663587,25.835672795914338,0.6087126139741473,1.2753586903350385,1673
beta,eqw_top100,730,180,3.0,0.8,W,q20,20000000.0,fund63,0.9662989522142014,0.35322421115534736,0.36554340698182547,-0.6107249480971599,25.0884775564724,0.8017381309252013,1.1098914890710243,1704
beta,btc,730,180,3.0,0.6,M,q20,20000000.0,fund90,0.9662134091006274,0.2730875031741994,0.282636838406533,-0.2742545794241824,12.8900432717444,0.5106256029264231,1.4201464634562315,1673
totvol,advw,180,180,,,M,q20,50000000.0,none,0.9661076030599703,0.47282026435827457,0.48940745612673187,-0.7906677723687775,20.21929252907789,0.956285485253141,0.9824400679507269,2007
beta,eqw_top100,730,180,3.0,0.6,W,rank,5000000.0,fund63,0.9659084217368522,0.209573350342762,0.21697020714025536,-0.30608657134514405,14.10765421731314,0.2942279565673044,1.543029691874337,1704
beta,eqw_top25,180,90,1.0,0.6,M,q20,50000000.0,fund63,0.9658732384268196,0.39015912605226155,0.4039444417030738,-0.5684980827353328,17.90240836400264,0.678240970688821,1.254045217389335,1704
beta,sqrt_advw,730,180,3.0,0.4,W,q20,50000000.0,none,0.9652438315316445,0.4534343514807825,0.46976145992176394,-0.4588193424364624,32.94648959683329,0.45550934201971915,1.5174408857683743,2021
beta,advw_top100,730,180,3.0,0.8,M,rank,5000000.0,fund63,0.965139651741569,0.21278427418385112,0.22046993282255836,-0.30051333687491977,9.183490998329258,0.5205847671040825,1.3429592569196753,1704
beta,advw_top100,365,90,1.0,0.4,M,rank,20000000.0,fund90,0.9650152921699521,0.20696918478366116,0.2144724404504163,-0.3396878543556314,13.877402633620173,0.13321506671111852,1.7013236924546289,1673
beta,advw,730,180,3.0,0.6,W,q20,20000000.0,fund63,0.9647917882851446,0.3004561577568239,0.3114207245595087,-0.5510826037975795,23.01975368173201,0.7638574460445633,1.1361683649416146,1704
beta,eqw_top25,730,180,3.0,0.8,M,rank,5000000.0,fund90,0.9647372466943024,0.2307251797822438,0.23915856941652214,-0.334819510416544,9.604235014852284,0.5759769719596685,1.3483999761276395,1673
idvol,advw,180,180,,,M,q20,50000000.0,fund63,0.9645379351463553,0.3525405477786356,0.3655020035320253,-0.4389784471111382,14.794547897339884,1.1727264770694534,0.7887075004588945,1703
beta,eqw_top25,180,90,1.0,0.4,M,q20,50000000.0,fund63,0.963990959620733,0.3957338626699219,0.41051615548927667,-0.5467753462083578,17.413026271751704,0.5275360573398,1.3669248720899951,1704
beta,eqw_top100,180,90,1.0,0.4,M,q20,50000000.0,fund90,0.962984905766104,0.38105512997706276,0.39570207974746374,-0.43737590160114537,16.620032941902576,0.6147710090395745,1.2849909345524637,1673
beta,advw_top100,365,90,1.0,0.4,M,rank,20000000.0,fund63,0.9624871199154675,0.21447108760366212,0.22283008589506992,-0.33384070255395326,14.939844173221205,0.36722745548666247,1.4714864457701233,1704
beta,sqrt_advw,730,180,3.0,1.0,M,q20,5000000.0,none,0.9621782269601699,0.4460199058799193,0.4635522748098753,-0.7636882305840728,15.514724326602668,0.7702929903215832,1.2132333608036214,2007
beta,eqw_top25,730,180,3.0,0.6,M,rank,5000000.0,none,0.9621357023471072,0.28539820232281854,0.2966298845647203,-0.4099384618740314,11.586908110847105,0.49433221692298174,1.5608391994645627,2007
beta,btceth,730,180,3.0,0.6,M,q20,5000000.0,fund90,0.9614180008587647,0.2536057923605369,0.2637830705624497,-0.2885940890764087,10.062072290474932,0.3606139753337737,1.4676030050216655,1673
beta,btc,730,180,3.0,0.8,M,q20,20000000.0,none,0.9602681652521116,0.4084414139239167,0.4253409919266492,-0.7626248497771982,17.992824574870017,0.745219759142646,1.3197219906702558,2007
beta,advw_top100,730,180,3.0,0.8,M,q20,50000000.0,fund90,0.9597026931596359,0.33446782260643215,0.3485119141483925,-0.49611715277656177,12.914475418669666,0.6215757108922606,1.2766227695122476,1673
totvol,advw,180,180,,,W,q20,20000000.0,fund90,0.9589788958728419,0.32140232137240915,0.3351505677086623,-0.5258619291611902,19.44942138034937,0.8601626243273311,1.0521813391992323,1673
beta,advw,365,90,1.0,0.4,M,q20,20000000.0,fund63,0.9585016982566738,0.28734119144278514,0.29978161954788635,-0.3474901641271876,16.090101531815566,0.3505165335725751,1.478639390019903,1704
beta,btc,730,180,3.0,0.6,M,q20,5000000.0,none,0.9576537976506,0.3798945536008553,0.39669299545706993,-0.6160757934857171,14.138080441489528,0.747094187947773,1.3454902772604223,2007
beta,advw,730,180,3.0,0.8,M,rank,5000000.0,fund63,0.9575988418895484,0.20955906297538754,0.21883804972224322,-0.29902609474800734,9.131078306361735,0.5037031787429284,1.3441321122066352,1704
beta,eqw_top25,730,180,3.0,0.4,M,rank,20000000.0,fund90,0.9574945004111854,0.24086995552657295,0.251562756154875,-0.3106488252103348,12.998111228386353,0.28413418790088485,1.488155702808914,1673
beta,sqrt_advw,730,180,3.0,1.0,W,q20,20000000.0,none,0.9571629543601393,0.5849897747662923,0.6111705139668263,-1.0480561928883643,30.67027251424612,0.9254142071241116,1.0868564100204297,2021
beta,eqw_top100,730,180,3.0,1.0,W,q20,50000000.0,fund90,0.9567685122438448,0.43818205785580616,0.45798126950077733,-0.416677882243784,26.527875387356477,0.9208379216966407,0.9919951445663341,1673
beta,eqw_top25,365,180,3.0,0.8,M,q20,50000000.0,fund90,0.9566188758850926,0.44994923369115264,0.4703537061976181,-0.6427907816877677,15.87506219340094,0.6965395248157543,1.1919317679668469,1673
beta,eqw_top100,730,180,3.0,0.8,W,q20,20000000.0,fund90,0.9565441626006131,0.33267285802554813,0.3477861985181016,-0.6131629321196364,23.27490978869931,0.6612295400382537,1.2199343156014075,1673
beta,sqrt_advw,730,180,3.0,1.0,W,q20,50000000.0,none,0.9559716775615984,0.5048866183918348,0.5281397244734819,-0.7307661303593835,36.02715916200898,0.597447482320944,1.353441967757465,2021
beta,eqw_top100,365,90,1.0,0.4,W,q20,20000000.0,fund90,0.9559324503153024,0.3123361829869027,0.32673457510923753,-0.3608671727908762,24.652724318683443,-0.15972798178290157,1.925241405320725,1673
beta,eqw_top100,730,180,3.0,1.0,W,q20,50000000.0,fund63,0.9559150511531306,0.4503022915419085,0.4710693601891757,-0.5160509022290956,28.600842281315057,0.9122627749549781,0.9986252801499447,1704
beta,advw_top100,730,180,3.0,0.4,W,q20,50000000.0,fund90,0.9551751453067439,0.35348325222035654,0.3700716606343848,-0.4109202564340193,21.948634937997404,0.3027192567632541,1.499810675675414,1673
beta,eqw_top100,365,90,1.0,0.4,M,rank,20000000.0,fund90,0.9548988093535676,0.22087877756408236,0.23131118753159763,-0.38556742283945095,14.375014485174388,0.06855237531144984,1.719941610727481,1673
beta,eqw,730,180,3.0,1.0,M,q20,5000000.0,none,0.9548556033407374,0.46402445171249473,0.48596295616742474,-0.809806426007582,15.33358573751267,0.7543923312797437,1.2392070560970152,2007
beta,eqw_top25,730,180,3.0,0.6,W,rank,20000000.0,fund63,0.9543454877552574,0.26756010898889765,0.2803597988588317,-0.3179701181985258,19.808825673867485,0.43220113860681325,1.3668254817587189,1704
beta,eqw_top25,180,90,1.0,0.4,M,q20,50000000.0,fund90,0.9542982125164183,0.38324532658128635,0.4015991244190795,-0.4984489816633684,16.185692118166962,0.6053093770539177,1.283732483938578,1673
beta,advw_top100,730,180,3.0,0.8,M,q20,5000000.0,fund63,0.954212224471384,0.28495100838647885,0.2986243532400105,-0.45471653353006836,11.278553080383425,0.6043037439132829,1.2386748081268488,1704
beta,eqw,730,180,3.0,0.4,M,q20,50000000.0,fund63,0.9537709599318813,0.37749405984883794,0.39579110258903105,-0.5348968740215079,14.71816238312227,0.4118419905575,1.4355612649146472,1704
totvol,advw,180,180,,,W,q20,50000000.0,fund90,0.9536978852390348,0.3635923320052238,0.38124477115107896,-0.4592572264453445,21.73189699744798,0.8939576637285749,1.009340370465683,1673
beta,advw,730,180,3.0,0.6,W,rank,20000000.0,fund90,0.9535237082343331,0.2280435811205413,0.23915879505798135,-0.2933641350331473,16.58208377798529,0.41920324245253,1.373079978495484,1673
beta,btc,730,180,3.0,0.8,M,rank,5000000.0,none,0.953519956471222,0.28780234362049884,0.30183148414176364,-0.48574708569607217,10.104531943156093,0.7240990666342692,1.3566716119170965,2007
beta,eqw_top100,730,180,3.0,0.6,W,rank,5000000.0,fund90,0.9523236359992845,0.19649560251516263,0.20633280020292413,-0.30775540173118104,12.882831929467562,0.4284036870846952,1.4067575392676117,1673
beta,advw,730,180,3.0,0.8,M,q20,5000000.0,none,0.9520108231426944,0.3739404863407316,0.39279016293776176,-0.661687018846661,14.450227835670946,0.6573081395838193,1.3526938891688727,2007
beta,eqw_top100,730,180,3.0,0.4,M,rank,20000000.0,fund90,0.9517255018091506,0.2360970290706226,0.2480726098248096,-0.32328593234004094,12.631097691068605,0.2842306053603138,1.4754999234240855,1673
beta,advw_top100,730,180,3.0,0.8,M,rank,5000000.0,fund90,0.9513118321235157,0.19841430652983355,0.20856915664229012,-0.317284855524783,8.34162134775869,0.5542241035157486,1.3285312068494215,1673
beta,eqw_top100,180,90,1.0,0.4,M,q20,20000000.0,fund90,0.9509371401458089,0.298690629592774,0.31410133959745773,-0.42145193046194757,16.124020998632947,-0.011791127390450941,1.8294370325600289,1673
beta,advw_top100,730,180,3.0,0.6,W,q20,50000000.0,fund90,0.9509278366073993,0.3343722516550604,0.3516273672753041,-0.4253510404238423,22.003572559266267,0.4303346086933001,1.3989629361709621,1673
beta,advw,730,180,3.0,0.6,W,q20,20000000.0,fund90,0.9508709063137784,0.2810425895257024,0.2955633489883652,-0.5629382334012355,21.265110563707815,0.6399353401661788,1.2146115201796868,1673
totvol,advw,180,180,,,M,rank,5000000.0,fund63,0.9500004222877807,0.20024981914829232,0.21078918961536125,-0.31337897240885326,8.55409266972179,0.6618472047454542,1.1849755813173393,1704
beta,eqw_top25,730,180,3.0,0.8,M,rank,5000000.0,none,0.9495440138808071,0.3089481304124204,0.3253647286445866,-0.4381402226887895,11.943944496248683,0.5600946630449118,1.4597362319983882,2007
idvol,advw,180,180,,,M,q20,20000000.0,fund63,0.9495071465523367,0.3014712225485589,0.3175028472857753,-0.4587580381531729,13.957132202801146,0.9684870521475646,0.9419375620015977,1704
beta,sqrt_advw,365,90,1.0,0.4,M,rank,20000000.0,fund90,0.9493239973203091,0.21030573404950859,0.22153209509413654,-0.37126335246242426,14.034986238075756,0.12526838884904162,1.6614463117664666,1673
beta,sqrt_advw,730,180,3.0,0.4,M,q20,50000000.0,fund63,0.9487393390898056,0.3722241133363184,0.39233548984426003,-0.5345455628337572,14.79417146766649,0.358258844996108,1.4729116913438318,1704
beta,eqw,730,180,3.0,0.8,M,q20,20000000.0,fund63,0.9487305748165453,0.32402694937355997,0.34153737422894437,-0.5165727692112452,14.46583060093271,1.0687862638499788,0.8471553740724929,1704
beta,eqw_top25,730,180,3.0,0.6,M,q20,5000000.0,fund90,0.948511182146213,0.26834143392484916,0.2829080341653624,-0.4271580308533919,11.286105731480884,0.48384723841074,1.334853459510413,1673
beta,advw_top100,365,90,1.0,0.4,M,q20,20000000.0,fund90,0.9484447424533402,0.27611940988128014,0.29112862091158054,-0.36763564283736205,15.009385366802551,0.08540329448997211,1.7236118971118128,1673
beta,sqrt_advw,730,180,3.0,0.6,W,rank,20000000.0,fund63,0.947618133515993,0.2461492327536579,0.259755722318608,-0.32149029643717575,18.386352200374297,0.4602674917369749,1.3299258002106862,1704
beta,advw,730,180,3.0,0.6,M,q20,50000000.0,fund63,0.9473379374386546,0.3414309017193741,0.360410882142555,-0.5986724421097236,14.047834090399826,0.5144635185487682,1.3267921667764828,1704
beta,eqw_top100,730,180,3.0,0.6,W,rank,20000000.0,fund63,0.9468046145137755,0.25873175768039525,0.2732683741864365,-0.3511166090915453,19.0387057304751,0.39672354588321024,1.3779559744926098,1704
beta,sqrt_advw,730,180,3.0,0.4,W,q20,20000000.0,none,0.946542670600298,0.4941049817410015,0.5220102559429675,-0.6541719141549663,28.481857613615173,0.8004322336076023,1.227913609825912,2021
beta,eqw_top100,730,180,3.0,0.8,M,rank,5000000.0,fund63,0.9463343871312824,0.2286788925326692,0.24164702841020735,-0.31587061743723677,10.082427821344709,0.4190396580208797,1.4079133357294689,1704
beta,eqw_top100,730,180,3.0,0.4,W,q20,20000000.0,none,0.9450644953836792,0.5235265797117951,0.5539585734825988,-0.6593232172719078,28.71981355526503,0.7415398459461837,1.3289514678326335,2021
beta,btceth,730,180,3.0,0.6,W,rank,5000000.0,fund63,0.9447788876782844,0.18917712278857304,0.20023428259860893,-0.2423954368310646,12.933103370560833,0.38633947676836217,1.400225910757976,1704
beta,eqw_top100,365,90,1.0,0.4,W,q20,20000000.0,fund63,0.9447514326697726,0.31904651402986967,0.33770418651631595,-0.41218658104372047,26.25692966184402,-0.013158585595205496,1.761731741315033,1704
beta,btceth,730,180,3.0,0.6,W,q20,20000000.0,none,0.9439570483431868,0.41203981993405936,0.4365027208147476,-0.5506776235183639,27.94624193725265,0.6918164497706275,1.201274923419548,2021
beta,btceth,730,180,3.0,0.4,W,q20,20000000.0,none,0.9437168990038995,0.4081776097013151,0.43252124671302344,-0.5756192461245082,28.080325089226925,0.6083479915764334,1.2823629405536625,2021
beta,eqw_top25,730,180,3.0,1.0,M,q20,50000000.0,fund90,0.9435553120031392,0.45446904574035296,0.48165596649074965,-0.6183814925481101,16.106150781988475,0.7973044858637693,1.093318708879831,1673
beta,advw_top100,730,180,3.0,1.0,M,rank,5000000.0,none,0.9434496584472954,0.3035865582387681,0.32178352657247533,-0.5092973409629424,10.680736098408618,0.6588381451217566,1.3315462182660307,2007
beta,advw,730,180,3.0,0.8,M,q20,50000000.0,fund90,0.9433543307116253,0.329336307954478,0.34911199030171514,-0.4934522478024872,12.97036021750148,0.6161467972649673,1.2484772260332124,1673
beta,eqw_top25,730,180,3.0,1.0,W,q20,50000000.0,fund90,0.943114906956244,0.450435105419776,0.4776036324921264,-0.5479229180997456,27.183947364074843,0.8789931305218489,1.002949831306042,1673
beta,eqw_top100,730,180,3.0,1.0,M,q20,20000000.0,fund90,0.9430370758072067,0.3776529709768938,0.4004646059685787,-0.41078988727713317,14.893108667574225,1.0111361649835213,0.8749794635655278,1673
beta,sqrt_advw,730,180,3.0,0.4,M,rank,20000000.0,fund90,0.9429185036835386,0.2240228206246544,0.23758449934909828,-0.3079260301382918,12.284494916471955,0.3036236825338657,1.4459630997992596,1673
beta,advw,365,180,3.0,0.4,M,q20,50000000.0,fund63,0.9427903631354642,0.37598413157135663,0.3987992943849529,-0.4117416830168602,15.293877569809656,0.3890126714106037,1.3910887725049719,1704
beta,advw_top100,730,180,3.0,0.6,W,rank,20000000.0,fund90,0.9423977745576051,0.22687376491240074,0.2407409811837717,-0.2899598989158181,16.655325636117144,0.40709324303908145,1.3620756714550082,1673
beta,advw,365,90,1.0,0.4,M,rank,20000000.0,fund90,0.9421522017069501,0.20162055433119602,0.21399998213230167,-0.34885242279802503,13.833553236383082,0.13293440478803545,1.6556444744627208,1673
beta,eqw,730,180,3.0,0.8,M,q20,20000000.0,fund90,0.9417881228551348,0.30646813353056074,0.32541091365801966,-0.53072090795416,13.43504371716898,0.9931182193516458,0.8956542859982939,1673
beta,eqw,365,180,3.0,0.6,W,q20,50000000.0,fund90,0.9417241889087982,0.3663854296877898,0.38905810639984806,-0.4626321078884179,23.468569293690255,0.06090012472058654,1.7052932219049992,1673
beta,advw,730,180,3.0,0.4,M,rank,20000000.0,fund90,0.9413523546020124,0.21556958527562578,0.228999889596882,-0.31103768241714114,12.068889982402041,0.30164975266497873,1.4417335922072116,1673
beta,eqw_top25,365,180,3.0,0.4,M,rank,20000000.0,fund63,0.941317595340686,0.24729301030370754,0.262709431468989,-0.27305562350498813,14.081225836332946,0.29121782005044294,1.4465877407884853,1704
beta,btc,730,180,3.0,0.6,M,q20,20000000.0,fund63,0.940994175017515,0.28021638629813234,0.29778758863509064,-0.28112557121480164,14.05340859655162,0.6353409464528366,1.219285606413073,1704
beta,eqw_top100,365,90,1.0,0.4,M,rank,20000000.0,fund63,0.940985030400913,0.22611447478841556,0.24029550681808184,-0.37843264686593264,15.47003970328109,0.2291404271620507,1.5504852721197124,1704
beta,eqw_top100,730,180,3.0,1.0,M,q20,20000000.0,fund63,0.9406807699200476,0.39429941812276315,0.41916389781867897,-0.43994842338503193,16.168162016211696,1.1255720187931788,0.7761738497135551,1704
beta,sqrt_advw,365,90,1.0,0.4,M,rank,20000000.0,fund63,0.9397923509790135,0.216391480040334,0.230254566144225,-0.36508816916548065,15.088795545652488,0.32214104340332117,1.4679345237447603,1704
beta,sqrt_advw,365,90,1.0,0.4,W,q20,20000000.0,fund63,0.9397098216225666,0.3023401233310438,0.3217377496480806,-0.3822593631109188,25.6352235103436,0.05163302789814292,1.686137554109845,1704
beta,advw,365,90,1.0,0.4,M,rank,20000000.0,fund63,0.9395067566557962,0.20898043653087098,0.22243633167125204,-0.3428791703338557,14.892965841418807,0.3659881601025547,1.4297749283754733,1704
beta,eqw_top100,180,90,1.0,0.4,M,q20,50000000.0,fund63,0.9384375642599038,0.3807461506041321,0.4057234760251807,-0.5409994642296716,17.859168251617973,0.6157270176000678,1.2409908911577425,1704
beta,advw,730,180,3.0,0.8,M,rank,5000000.0,fund90,0.9383132079232475,0.19419777421113985,0.2069647667445228,-0.31456204819260997,8.296094765843156,0.5435427068725011,1.3117180816043883,1673
beta,advw_top100,365,90,1.0,0.4,W,q20,20000000.0,fund63,0.9382670773343643,0.29185913981685413,0.31106190003600237,-0.42318832027645414,25.40805393902896,0.108072761768429,1.612951974424343,1704
beta,eqw_top25,180,90,1.0,0.6,M,q20,50000000.0,fund90,0.9378063987560074,0.37126931446637934,0.39589121481668826,-0.530836633100298,16.655421271352278,0.701224539921286,1.1805106792695406,1673
beta,sqrt_advw,730,180,3.0,0.6,W,q20,5000000.0,none,0.9375937424508246,0.41442505482132386,0.44200919444922576,-0.6716185288016543,21.20002795763029,0.8659956910212769,1.0978472844415679,2021
beta,eqw_top25,730,180,3.0,0.8,W,rank,20000000.0,none,0.9370660018479093,0.3804415841595489,0.4059923030067379,-0.5582182711018243,23.177187990681563,0.6656390795002999,1.3382947690896072,2021
beta,eqw_top100,730,180,3.0,0.6,M,q20,5000000.0,none,0.9369996882154715,0.38167213188347715,0.4073343211142117,-0.6244116310914073,15.323469307960037,0.5732511957292229,1.4398942159181825,2007
beta,sqrt_advw,730,180,3.0,0.6,W,rank,5000000.0,fund63,0.9367033592838224,0.1930140662924553,0.2060567674701503,-0.2876087201014487,13.586424915248637,0.31665815060854086,1.4699840207246049,1704
idvol,advw,180,180,,,M,q20,20000000.0,fund90,0.936588074536939,0.2882557335127288,0.3077721586998063,-0.4563308172647053,13.063001906625516,1.1090610666153597,0.8101221411241925,1673
beta,advw,730,180,3.0,0.4,M,q20,5000000.0,none,0.9364478646884513,0.3437144820867015,0.3670407024752547,-0.6142943789102764,14.341027908174157,0.5282545971868519,1.464219507405552,2007
beta,eqw_top25,730,180,3.0,0.4,M,q20,50000000.0,none,0.9363776734427055,0.4914083801159726,0.5247971988794333,-0.9606747551053086,21.64311228830379,0.5414318588295252,1.3824229391697822,2007
beta,eqw,365,180,3.0,0.8,M,q20,20000000.0,fund63,0.9362995962855661,0.3246437209698951,0.3467306001816116,-0.38022646910988156,14.733580636297752,0.5227949089712502,1.2960677500958326,1704
beta,sqrt_advw,365,90,1.0,0.4,W,q20,20000000.0,fund90,0.9362920610264168,0.2915016463249579,0.31133623626520673,-0.3336733874702033,23.989345097510526,-0.11122407412112836,1.8284172651416608,1673
beta,sqrt_advw,365,180,3.0,0.8,M,q20,20000000.0,fund63,0.9362718666192398,0.3313447305324487,0.3538979887635552,-0.38160675387318665,14.890821570727436,0.544992033395351,1.2754741015048556,1704
beta,eqw_top25,365,90,1.0,0.4,W,q20,20000000.0,fund63,0.9362321240618873,0.32279946937983856,0.34478572256136414,-0.4654856573136323,26.907071847212045,-0.0851710848682227,1.787434829865459,1704
beta,eqw,730,180,3.0,0.6,W,rank,20000000.0,fund90,0.9358069357694614,0.22738809179923156,0.242986115092493,-0.3426989399554579,16.73032495501905,0.3953468151232661,1.3650968488450552,1673
beta,eqw_top25,730,180,3.0,0.6,W,rank,20000000.0,none,0.9344906792115851,0.3551593324348029,0.3800565809114812,-0.4385400816439772,22.40564912059595,0.6090664818747997,1.391374772794377,2021
beta,eqw_top25,730,180,3.0,0.8,W,q20,5000000.0,none,0.9342551956227755,0.47048300564127177,0.5035915324266912,-0.9113217642855878,23.616778412211747,0.8468874370576754,1.116420443002917,2021
beta,sqrt_advw,730,180,3.0,1.0,W,q20,50000000.0,fund90,0.9336734996000159,0.391152202461058,0.41893895738566733,-0.3834321147446964,24.799569838027942,0.8108307898777776,1.0430134164971514,1673
beta,eqw,730,180,3.0,0.4,W,rank,50000000.0,fund90,0.9335110915218823,0.2747945209930604,0.29436663740659896,-0.3779337918833223,17.73060667002273,0.12567410296427461,1.6402348778947868,1673
beta,sqrt_advw,730,180,3.0,0.8,W,q20,5000000.0,none,0.9333172413986195,0.4390016982354168,0.47036707216246454,-0.8104771414540708,21.69299012350873,0.9126680122315047,1.0174815829734032,2021
beta,advw,730,180,3.0,0.4,M,q20,50000000.0,fund63,0.9324754536551635,0.3508481596724958,0.3762545794607501,-0.59062343184514,14.257212941428994,0.3639246122020248,1.418158394739672,1704
beta,advw_top100,730,180,3.0,0.6,M,q20,50000000.0,fund63,0.932130053778818,0.3360384501772236,0.3605059710444236,-0.6012808128220426,14.00295639244891,0.46122632502178185,1.3446703792788954,1704
beta,eqw_top25,365,180,3.0,0.4,M,rank,20000000.0,fund90,0.9321002192511614,0.23661825329102418,0.25385494864610214,-0.24473314221602918,12.997108241485288,0.28324753619046256,1.4369021179740658,1673
beta,eqw_top100,180,90,1.0,0.6,M,q20,50000000.0,fund90,0.9317370850410995,0.3649464671896028,0.3916839557518575,-0.45584789554050964,16.891617220164644,0.6809856808064735,1.175345048603245,1673
beta,eqw_top25,730,180,3.0,1.0,M,q20,50000000.0,fund63,0.9313889208880461,0.46771230045658957,0.5021664848779203,-0.7526086913413121,17.344881845298808,0.8060712742712565,1.0504493776506245,1704
beta,sqrt_advw,365,90,1.0,0.6,M,q20,20000000.0,fund90,0.9309490352728235,0.2872850513311531,0.30859374729032446,-0.32363096996680507,15.281002310119838,0.24190095499443043,1.5735356714340634,1673
beta,advw,730,180,3.0,0.6,W,rank,20000000.0,fund63,0.9307277249482202,0.23318251798288692,0.2505378444548428,-0.28970594587864484,17.941417720101615,0.43563578954111376,1.3121104843302056,1704
beta,btceth,730,180,3.0,1.0,M,q20,20000000.0,fund90,0.9306739218158913,0.2986048292536141,0.32084796001481275,-0.2916047453238326,12.956744793515698,0.5702042879366636,1.2787040775292033,1673
beta,advw_top100,365,90,1.0,0.4,W,q20,20000000.0,fund90,0.9304727581682838,0.2790283827152074,0.2998780783915683,-0.3676962642668165,23.83319770852834,-0.16813265643112119,1.8784821077557727,1673
beta,advw_top100,730,180,3.0,0.4,W,q20,5000000.0,fund90,0.9296662281300597,0.234053622023321,0.2517609169197195,-0.3147560480810665,15.803052878419,0.1392528475669925,1.5400849611038068,1673
totvol,advw,180,180,,,W,q20,50000000.0,fund63,0.9289341014840055,0.3665451776301887,0.3945868464131305,-0.5322913883724871,23.452596793252702,0.8690262083558283,0.9847343569925113,1704
beta,eqw_top100,730,180,3.0,0.8,M,q20,5000000.0,none,0.928414715694357,0.41140529504449697,0.4431266416719912,-0.6800657176034964,15.874451323951,0.6471564075413565,1.3172138431594862,2007
beta,advw,730,180,3.0,0.4,W,q20,5000000.0,fund63,0.9272288710628348,0.24425216673228434,0.2634216581848995,-0.3257201227871914,16.99848428886248,-0.0025429176361772793,1.6628314366757282,1704
beta,advw_top100,730,180,3.0,0.4,M,rank,20000000.0,fund90,0.9270752651439681,0.21258999810583062,0.2293125554081274,-0.3198566130784507,12.127547655492576,0.3022213864504736,1.4163831307563581,1673
beta,sqrt_advw,730,180,3.0,0.4,W,rank,50000000.0,fund90,0.9267466537980966,0.2735767393328095,0.2952012162240962,-0.3940521650844768,17.96211551647336,0.09901049252611421,1.6605173394980368,1673
beta,eqw_top100,180,90,1.0,0.6,M,q20,50000000.0,fund63,0.9259613408456485,0.3693359796753747,0.398867602116167,-0.5626305541127177,18.13825141840962,0.7437058336076299,1.1053500627912427,1704
beta,eqw_top25,730,180,3.0,1.0,W,q20,50000000.0,fund63,0.925300506265898,0.4552959552709788,0.49205198979988796,-0.661061189719709,29.370803350246543,0.8383103424198486,1.0047281611134709,1704
beta,sqrt_advw,730,180,3.0,0.8,M,q20,50000000.0,fund63,0.9251073024997237,0.36247525354819327,0.3918196868284925,-0.5555971277962455,15.020201315271729,0.6220820665935303,1.2091108035628004,1704
beta,eqw,365,90,1.0,0.4,W,q20,20000000.0,fund63,0.924933783465277,0.2922718360157266,0.31599217288909714,-0.36825397955015604,25.77246815660739,0.06776358896940343,1.6502797775597955,1704
beta,advw,365,180,3.0,0.6,M,q20,50000000.0,fund63,0.9243735045048543,0.3562166709020119,0.3853601051588138,-0.43307817557369854,15.177434265754721,0.5095827309727613,1.2706873106549648,1704
beta,eqw_top100,730,180,3.0,0.8,M,rank,5000000.0,fund90,0.9240894489895961,0.21091986110848623,0.22824615229522102,-0.32661937590946877,9.156650467486893,0.4882540889707092,1.334375174978696,1673
beta,eqw_top25,365,90,1.0,0.4,M,rank,20000000.0,fund90,0.9237479155733834,0.22068699365611993,0.23890391516514153,-0.3965588483013439,14.865912239335788,0.019172846779542802,1.7084438611241688,1673
beta,eqw_top100,730,180,3.0,0.6,M,q20,50000000.0,fund63,0.9236518141486268,0.3710960793012778,0.40177053042799943,-0.5682518042131557,15.547745993831347,0.4310248556225098,1.385848521649259,1704
beta,eqw,730,180,3.0,0.8,M,q20,50000000.0,fund63,0.9235467598502443,0.36365939689176907,0.39376392479655004,-0.5574425177813622,14.876066945720352,0.6607655229613932,1.1665385128788448,1704
beta,sqrt_advw,730,180,3.0,0.8,W,q20,20000000.0,fund90,0.9234304761190645,0.297475039470384,0.32214124090921636,-0.6468791585130392,21.922414610706337,0.7699484438967973,1.060096666545651,1673
beta,eqw,730,180,3.0,0.6,W,rank,20000000.0,fund63,0.923349294146976,0.2362955565026465,0.25591134146146177,-0.342275864394465,18.12654019882902,0.4365974877509975,1.308447583131602,1704
beta,sqrt_advw,730,180,3.0,0.6,W,rank,5000000.0,fund90,0.9225731700008034,0.1806547574509712,0.19581618382725552,-0.2890777385818057,12.40883390490278,0.4372309330345801,1.345531373498801,1673
idvol,advw,90,90,,,W,q20,50000000.0,fund63,0.9224023540530963,0.35885519945869837,0.38904410627516833,-0.33738727169035754,27.542474733239107,0.7018882894589309,1.1189662128482771,1704
beta,eqw_top25,730,180,3.0,1.0,W,q20,5000000.0,none,0.9221847781075394,0.5269897968596269,0.5714579218506386,-1.0892559727276308,24.96752176246503,0.8898835230199486,1.006598906737608,2021
beta,eqw,365,90,1.0,0.4,M,rank,20000000.0,fund90,0.9221164945728144,0.20236620305429562,0.21945839191179967,-0.3642570852641845,13.913802406429731,0.09544030497538719,1.624354600732746,1673
beta,eqw,365,90,1.0,0.6,M,q20,20000000.0,fund90,0.9216957616963969,0.2823754147250008,0.30636510056776645,-0.3678068132701319,15.083892262063213,0.13847763910936678,1.6379170698112855,1673
beta,advw_top100,365,180,3.0,0.6,M,q20,20000000.0,fund90,0.9216856746493116,0.27856492917999,0.3022341963663263,-0.3559198507822998,13.53096421283837,0.3485679789267167,1.4187993165144377,1673
beta,eqw_top25,365,90,1.0,0.6,W,q20,20000000.0,fund90,0.921527014214578,0.31336993498780075,0.3400550718037142,-0.36803053494124427,26.243647164800446,-0.12139604121687271,1.883324786245336,1673
beta,btceth,730,180,3.0,0.6,W,q20,5000000.0,none,0.9211730171485166,0.3440150705714342,0.37345326466067136,-0.7795222919451713,21.30269832200782,0.5925973511770318,1.378202951741626,2021
beta,btceth,730,180,3.0,0.6,W,rank,5000000.0,fund90,0.9210707091958772,0.17637388943111854,0.19148789302517097,-0.24533403913530788,11.789075343089786,0.40181786330253966,1.3859992447289045,1673
totvol,advw,180,180,,,M,q20,5000000.0,fund90,0.9209022125505318,0.23524975084844932,0.2554557342162327,-0.4031491372859294,9.141869784381278,0.7963708218495832,1.0301774122731706,1673
totvol,advw,180,180,,,M,rank,20000000.0,fund63,0.9203680353195067,0.2259167820928079,0.2454635248326292,-0.3940209711744219,12.003133328873629,0.6687165929943342,1.1265199042677563,1704
beta,advw,730,180,3.0,0.6,W,rank,20000000.0,none,0.9200653973985978,0.3187848932621145,0.3464806894851714,-0.42180603291496027,20.656238438995487,0.6015384813663305,1.3794006907331815,2021
beta,advw_top100,730,180,3.0,0.6,W,rank,20000000.0,none,0.9200009636393774,0.3193192938786668,0.34708582544901956,-0.41074039904378756,20.703784998110972,0.6110469304439804,1.3640532725266408,2021
beta,advw_top100,730,180,3.0,0.6,W,rank,20000000.0,fund63,0.9198137626454376,0.23180116735051262,0.2520088052214386,-0.2855378689830086,18.014848389521706,0.42113963990016895,1.3027206969355278,1704
beta,eqw_top25,730,180,3.0,1.0,W,q20,20000000.0,fund63,0.9197972081303583,0.40108543321266016,0.4360585460222622,-0.8065112456890962,28.64456305001719,0.9740683823317612,0.8800334934133881,1704
beta,btc,730,180,3.0,0.4,M,q20,5000000.0,fund63,0.9193826247809294,0.23983687045311494,0.2608673081137065,-0.2701172720126705,11.245541083537471,-0.007811240725147792,1.6467750844845932,1704
beta,advw_top100,730,180,3.0,0.8,W,q20,20000000.0,fund63,0.9185424912299142,0.2978857380117445,0.3243026216597559,-0.6238265314102858,23.22347283555622,0.866945225383234,0.9681747984814789,1704
beta,advw,365,180,3.0,0.6,M,q20,50000000.0,none,0.9183167352049368,0.42862743488418237,0.4667533743556654,-0.605769043732879,22.09087028955608,0.7086671059166815,1.1310868217620054,2007
beta,eqw_top25,365,90,1.0,0.8,M,q20,50000000.0,fund63,0.9181353040670901,0.429738228767646,0.4680554454926439,-0.6152966934717798,19.21867528872752,0.8485623795730993,0.9844616604403641,1704
beta,advw_top100,365,90,1.0,0.4,M,q20,50000000.0,fund90,0.917803330597514,0.33780203782030893,0.3680549269748138,-0.3646246016273699,15.745678033642191,0.30724208320777174,1.4617539859632933,1673
beta,advw_top100,730,180,3.0,0.6,W,rank,5000000.0,none,0.9175247859996548,0.2753616988603586,0.30011363514321693,-0.4824192449291974,15.076366685158206,0.6345074131806853,1.3371652988726526,2021
beta,sqrt_advw,365,180,3.0,1.0,M,q20,50000000.0,fund63,0.9174840884445767,0.44806004509352,0.48835729222631225,-0.5121355591748751,16.6101382690857,0.8350580257167977,0.9934095265053361,1704
beta,eqw,730,180,3.0,0.6,W,rank,50000000.0,none,0.9173264637779243,0.3395491144856844,0.3701507891610177,-0.44734185325769016,24.095396221261808,0.5198334206867555,1.4012446153440958,2021
beta,advw,730,180,3.0,1.0,M,rank,5000000.0,none,0.9172998108831105,0.29458355262135916,0.3211420618715218,-0.5069374829286806,10.615650056146453,0.6327152527377171,1.3062427821693225,2007
beta,eqw_top25,365,90,1.0,0.4,M,rank,20000000.0,fund63,0.9172883377980766,0.2268387187628904,0.24729270984455115,-0.388630719815135,15.970683939600471,0.20709731301689627,1.5238711923493025,1704
beta,eqw,365,180,3.0,0.4,W,q20,50000000.0,fund90,0.9171966257949133,0.36930455441302057,0.40264491170903816,-0.534809792253491,23.092331210409988,-0.07513575715139525,1.7902700714033513,1673
totvol,advw,180,180,,,M,rank,5000000.0,fund90,0.9170343667594291,0.18179484745421456,0.19824213142265568,-0.3180604301546617,7.736877847866514,0.9290944152508923,0.9210731574175853,1673
beta,eqw_top25,730,180,3.0,0.4,M,rank,5000000.0,none,0.9170066448062457,0.2664057242659919,0.29051667812317844,-0.3999818928207708,11.31236890855547,0.3987149333385032,1.5353105047989248,2007
beta,eqw,365,90,1.0,0.4,W,q20,20000000.0,fund90,0.9166255290324761,0.27979082673973926,0.30524005482922373,-0.30789192972829027,24.206705407526968,-0.1145774062946673,1.7963766963770145,1673
beta,eqw_top25,365,90,1.0,0.8,M,q20,50000000.0,fund90,0.9160578230970293,0.41512758451238374,0.4531674464706941,-0.49273212592090143,18.022252085305915,0.7052367676612326,1.1268503894579864,1673
beta,eqw_top25,730,180,3.0,0.4,M,rank,20000000.0,fund63,0.9159867790034397,0.24130202746447676,0.26343396323580626,-0.2976415263576075,14.121515444222625,0.1716318322842175,1.5066040133174081,1704
beta,btceth,730,180,3.0,0.4,W,q20,5000000.0,fund90,0.9158370345585044,0.23014559469814916,0.2512953571582688,-0.3121791169965951,15.86132106495842,0.1993435112735967,1.5108274917338775,1673
beta,advw_top100,730,180,3.0,0.4,M,q20,50000000.0,fund63,0.9157094115555661,0.3448845202061438,0.3766309659526917,-0.5924873589963404,14.201542169590251,0.30905836713695806,1.4332813555561312,1704
totvol,advw,180,180,,,M,q20,50000000.0,fund63,0.9157047672857618,0.35975320272138317,0.3928702957261287,-0.7093467749731057,14.54909749079184,1.2099161430829244,0.6629115928393449,1704
beta,advw,730,180,3.0,0.8,M,q20,5000000.0,fund63,0.9155127365552449,0.2717237942365761,0.29679957840780885,-0.4708685551655192,11.229397456377024,0.5536841595247838,1.2073431253254916,1704
beta,eqw_top100,730,180,3.0,0.4,M,rank,20000000.0,fund63,0.9151541317214308,0.23860365380552387,0.260725101417292,-0.31485032465542845,13.717043914057406,0.18483664682461262,1.4955071718226502,1704
totvol,advw,180,180,,,W,q20,5000000.0,fund63,0.9149524722700997,0.25553414595366153,0.27928679761873604,-0.41618358916356557,15.177009648144208,0.6747092429889401,1.1114854418351643,1704
beta,eqw_top25,730,180,3.0,0.6,W,q20,5000000.0,none,0.9144011434890734,0.42490255185252357,0.46467850010688544,-0.7529557470770576,22.59605922083647,0.7770282348895994,1.1698058530213091,2021
beta,sqrt_advw,730,180,3.0,1.0,W,q20,50000000.0,fund63,0.914383021756765,0.3916884530970685,0.42836365481123456,-0.4748431587711832,26.643392924899693,0.7789585233307843,1.033524222699616,1704
beta,btc,730,180,3.0,0.6,M,rank,5000000.0,fund63,0.9141494513974185,0.18299594493861274,0.20018164935599445,-0.2529398177088843,8.900369600362378,0.3918970081764832,1.353585201600901,1704
beta,eqw,365,180,3.0,0.4,M,rank,20000000.0,fund63,0.9127016836390123,0.2207001537020658,0.2418097365856905,-0.2598018256916448,13.12335597355623,0.15858089494716687,1.507487666443069,1704
beta,eqw_top25,730,180,3.0,0.6,M,rank,20000000.0,fund90,0.9122712004257547,0.22703331618418537,0.24886603465968174,-0.3673626097734702,13.32926374068634,0.35892559729795853,1.3971983876814638,1673
beta,btceth,730,180,3.0,1.0,W,rank,5000000.0,none,0.9116740894428637,0.3052224493113954,0.3347933793949556,-0.7178978288218735,14.695867047110934,0.7763076485076281,1.1443992597881958,2021
beta,btceth,730,180,3.0,1.0,M,q20,20000000.0,fund63,0.9115159086339615,0.3099857065137111,0.34007712161411363,-0.34751650187750016,14.125293606984059,0.6994512835475688,1.0970510837118417,1704
beta,advw,730,180,3.0,0.4,M,rank,20000000.0,fund63,0.9110898550443991,0.21897544951034348,0.2403445151956745,-0.2943835860194871,13.098359447687676,0.22020865121766386,1.451981554947896,1704
beta,btc,730,180,3.0,0.8,W,rank,5000000.0,none,0.9110488632060926,0.2765341691777549,0.30353385020930407,-0.6261969616201335,14.529421679601056,0.7080161259511204,1.256128931578241,2021
beta,advw,730,180,3.0,0.6,W,rank,5000000.0,none,0.9107628425898988,0.27308512312026695,0.29984218761462206,-0.48187317697701804,14.999329960475754,0.6219135863682174,1.3383421222987335,2021
beta,eqw_top100,730,180,3.0,0.6,M,q20,5000000.0,fund90,0.910743509306232,0.2504967234092503,0.27504639983662205,-0.4209782452107575,11.150408613536834,0.41748024655434973,1.3119718584326527,1673
totvol,advw,180,180,,,M,rank,20000000.0,fund90,0.9105978953842849,0.21443473290977236,0.23548784155631933,-0.40919069746537196,11.091482804595632,0.7675101676552275,1.0336304951084285,1673
beta,sqrt_advw,730,180,3.0,0.8,M,rank,5000000.0,fund63,0.9104316029603172,0.20652001810269446,0.22683748832002704,-0.3005952968128244,9.524646218656896,0.44353130291782816,1.318239764563676,1704
beta,sqrt_advw,730,180,3.0,0.4,M,rank,20000000.0,fund63,0.9104277247284024,0.22756490376465463,0.24995383772230959,-0.30053583468736084,13.325464353814498,0.22808610408379415,1.452640584088554,1704
beta,advw,730,180,3.0,0.8,M,q20,50000000.0,fund63,0.9102407127569785,0.33416647459156973,0.3671187960593754,-0.6139047886545579,13.99245928749869,0.6267204626308728,1.162552718963068,1704
beta,eqw_top100,730,180,3.0,0.4,W,rank,50000000.0,fund90,0.90981065232288,0.2799104238575514,0.30765788809231787,-0.41150601411907484,18.35177079458766,0.0693427324624904,1.658836764779115,1673
beta,eqw,365,90,1.0,0.4,M,rank,20000000.0,fund63,0.909704090461671,0.20770252361952055,0.22831877508005088,-0.357861535027362,14.944985271544121,0.2921844900275719,1.432192739967903,1704
beta,eqw_top25,730,180,3.0,0.6,M,rank,20000000.0,none,0.9094040124037963,0.294381275155711,0.3237079132492313,-0.3899254886310137,16.829552267481503,0.5684599457466745,1.306568721178346,2007
beta,sqrt_advw,365,90,1.0,0.4,M,q20,50000000.0,fund90,0.9086727362099023,0.35781185112462893,0.39377416848344265,-0.4252722227401302,15.986057672893612,0.35071264993306395,1.3891199859815044,1673
beta,eqw,365,180,3.0,1.0,M,q20,50000000.0,fund63,0.9083398171619835,0.4402427568718634,0.4846674653626411,-0.5299082336792551,16.143450984465396,0.7521997388316525,1.0417419427823733,1704
beta,advw,365,180,3.0,0.4,M,q20,50000000.0,fund90,0.9082822008208885,0.35331526452200396,0.38899283086543385,-0.43944587978597616,14.045160595494872,0.46876541736052435,1.2796576212829942,1673
beta,eqw_top25,730,180,3.0,0.8,M,rank,20000000.0,none,0.9073454664464032,0.3159997003369174,0.3482683410261833,-0.45088852992745276,17.37908806632046,0.6247759592920689,1.255884138394626,2007
beta,eqw,365,180,3.0,0.4,M,rank,20000000.0,fund90,0.9071581231022858,0.2103163913345394,0.2318409392789236,-0.2311872200747713,12.09665169974206,0.12842524380086742,1.5117426524927062,1673
beta,eqw_top25,730,180,3.0,1.0,W,rank,20000000.0,none,0.9067852825884258,0.41256013032032807,0.45497003341592823,-0.7032914934114861,24.191614342276598,0.7006354019564607,1.2100922971635557,2021
beta,btc,730,180,3.0,0.8,M,q20,5000000.0,none,0.9063967259666237,0.3900023691763237,0.4302777779348298,-0.7100921320258731,14.096344962738279,0.7303089712361208,1.239670916585409,2007
beta,btceth,730,180,3.0,0.4,W,q20,20000000.0,fund63,0.9060441712658064,0.33397705880335876,0.36861012894853645,-0.4521680622415698,23.02449752257601,0.30806820441894306,1.3100129212073663,1704
beta,advw,730,180,3.0,1.0,M,q20,5000000.0,none,0.9059679627237368,0.3924191568042051,0.4331490438408231,-0.7454777530881646,14.665000729183316,0.6730440572212837,1.2135034147850947,2007
beta,eqw_top25,730,180,3.0,0.4,W,rank,50000000.0,fund90,0.905929171543682,0.28339572831941756,0.3128232727471595,-0.40029625836616334,18.79571576912006,0.09460386955806759,1.6449868568369095,1673
beta,btceth,730,180,3.0,0.8,W,q20,20000000.0,none,0.9052133982847302,0.41790777133004664,0.4616676820315863,-0.6350688058692854,28.07145134634201,0.7359690261162505,1.0774700588194988,2021
beta,eqw_top25,365,90,1.0,0.4,W,q20,50000000.0,fund90,0.9046903772807086,0.3750934941175288,0.41460979749223553,-0.6343216184599745,27.35719968628719,-0.11992480294591773,1.8518599403787424,1673
beta,eqw,365,180,3.0,0.4,M,q20,5000000.0,fund90,0.904471248594901,0.2193979010786042,0.24257034308104267,-0.3670274373799425,10.885331611856365,-0.08410291740404607,1.7009407482003116,1673
beta,advw,730,180,3.0,0.4,W,rank,20000000.0,none,0.9042099474192722,0.3156504091373844,0.3490897330186313,-0.4211214208548483,20.797349348831208,0.5429607553535306,1.3844203610755006,2021
beta,advw_top100,730,180,3.0,0.4,W,rank,20000000.0,none,0.9030357926761337,0.3156770263527167,0.3495731054216714,-0.4182150075224014,20.826986008507276,0.5522482053704714,1.367958723268165,2021
beta,advw,365,90,1.0,0.4,W,q20,50000000.0,fund90,0.9029876185717488,0.3347795687654931,0.3707465771180919,-0.4819335749703675,25.52873478435037,-0.08187649776834001,1.807486096587474,1673
beta,eqw_top25,180,90,1.0,0.8,M,q20,50000000.0,fund63,0.902858597529005,0.3919314633259112,0.4341006048993403,-0.6122975185000996,18.7072091222934,0.808052153118768,1.0052537845857477,1704
beta,eqw_top100,730,180,3.0,0.6,M,rank,20000000.0,fund90,0.9025661991160583,0.21978001175628445,0.24350569738987485,-0.35748402672288965,12.823593809697739,0.3605448701228938,1.3692651299171132,1673
beta,sqrt_advw,730,180,3.0,0.4,W,q20,5000000.0,none,0.9017138706441625,0.3924486634556062,0.4352252707117063,-0.6837459742671756,20.88811548317349,0.7873167409942732,1.105049495651921,2021
idvol,advw,180,180,,,W,rank,20000000.0,fund90,0.9013452968401597,0.22219849157206706,0.24651872301439506,-0.380586459050012,15.659262015836564,0.9502148179695663,0.8884379017530883,1673
beta,btceth,730,180,3.0,0.8,W,q20,5000000.0,none,0.9007654108223856,0.356474449492882,0.3957461567795171,-0.868802918269184,21.39255244849033,0.6488769800331529,1.2593446283482719,2021
beta,advw_top100,730,180,3.0,0.8,W,rank,20000000.0,none,0.9002172503782174,0.3239957209184222,0.3599083674327486,-0.5112736284646868,20.703812950019383,0.6431417988122575,1.2862669615248759,2021
idvol,advw,90,90,,,W,q20,20000000.0,fund63,0.9002118485273082,0.3059411221305524,0.33985458270856295,-0.375347584238854,26.058428992849777,1.0771172504668904,0.7951347686245417,1704
beta,eqw_top25,730,180,3.0,0.8,M,q20,5000000.0,fund63,0.9001980223875334,0.30506542174437506,0.33888701614259376,-0.5243617022657728,12.877198213214127,0.576516778947486,1.1700334339874319,1704
beta,eqw_top100,365,90,1.0,0.6,W,q20,20000000.0,fund63,0.8997634266990212,0.3085455691563855,0.3429185494773357,-0.39476830832957654,26.94996135032458,0.17548440562514925,1.5308360431033947,1704
beta,advw,365,180,3.0,0.4,M,q20,50000000.0,none,0.8996537183192498,0.42745944606798925,0.47513775285292775,-0.608934504491565,22.18834080809745,0.6831341044014728,1.1083638334625652,2007
beta,eqw,365,180,3.0,0.6,W,q20,50000000.0,fund63,0.899541954071744,0.3613135556229227,0.4016639290557267,-0.5341922652174076,25.349087692677667,-0.011260048614280335,1.6777258239258002,1704
beta,advw_top100,730,180,3.0,0.4,M,rank,20000000.0,fund63,0.8991695506169677,0.21632380154942774,0.24058176947940077,-0.30031971236488575,13.161184052493562,0.2223546184214989,1.4289553173551408,1704
beta,eqw_top100,730,180,3.0,0.4,M,q20,50000000.0,fund63,0.8991269576024673,0.3703296644457448,0.4118769449791976,-0.5521383118050502,15.311415247194109,0.2789291094311047,1.460620580906993,1704
beta,advw,730,180,3.0,0.8,W,rank,20000000.0,none,0.8987057757009288,0.32282805983736074,0.35921440427550044,-0.5239670971830555,20.640442274536166,0.6336325516712566,1.2981493987203727,2021
beta,advw_top100,730,180,3.0,0.8,M,q20,50000000.0,fund63,0.8983569792163251,0.3295450058929596,0.36683079612787745,-0.6172873327563422,13.956993529537602,0.5784061510964942,1.1831877908000183,1704
beta,eqw,730,180,3.0,0.4,M,rank,20000000.0,fund90,0.8982475428051591,0.21185919485492224,0.23585836282201453,-0.3235851083303554,12.125003033328966,0.25404709582115204,1.4042592314355857,1673
beta,sqrt_advw,730,180,3.0,1.0,W,q20,5000000.0,none,0.8978426844245515,0.4667273281212425,0.5198319663543051,-0.9707695764378834,22.39741851719896,0.9307340690092848,0.8915960918234905,2021
beta,btceth,730,180,3.0,0.4,W,q20,5000000.0,none,0.8976210801188252,0.3323206206689537,0.3702237258342481,-0.7690742840403458,21.377622140551708,0.4980331492059291,1.4256641099873695,2021
beta,sqrt_advw,730,180,3.0,0.6,M,rank,5000000.0,none,0.8969963807929273,0.2528059877437216,0.28183612906023764,-0.4243507350405012,10.876714716971257,0.4046980093415145,1.5369469460349152,2007
beta,eqw_top100,365,180,3.0,0.4,M,rank,20000000.0,fund90,0.8963508805230681,0.2210732397479138,0.2466369415723738,-0.24126330548291447,12.545801172912466,0.1530846885704735,1.4750645421146384,1673
beta,advw_top100,730,180,3.0,0.8,W,q20,20000000.0,fund90,0.8962717713417818,0.27547593342779,0.3073575920118327,-0.6365394368650705,21.460231045783004,0.6980934227306063,1.0757948039618535,1673
beta,advw_top100,730,180,3.0,0.8,W,rank,5000000.0,none,0.8961223820429263,0.28357999637949644,0.3164523083699881,-0.5829186181015534,15.060487024667408,0.6703001314265365,1.2446856242543718,2021
totvol,advw,180,180,,,M,q20,50000000.0,fund90,0.8956510096624418,0.33863368478890277,0.3780866443912445,-0.6313149078861651,13.610709876457873,1.2580419473588145,0.582860416251816,1673
idvol,advw,180,180,,,W,rank,50000000.0,fund90,0.8956007963584302,0.24868818834056758,0.27767749800106206,-0.2720212190771274,16.046110351791658,0.8626050114619519,0.9301718686968142,1673
beta,eqw_top25,365,90,1.0,0.6,W,q20,20000000.0,fund63,0.8955732042211465,0.3148958796184121,0.3516137800173105,-0.43166302542090706,27.89629117827471,0.11292588196059518,1.5659499928389322,1704
beta,btceth,730,180,3.0,0.4,W,rank,20000000.0,none,0.8954854652840045,0.297999989630117,0.33278037576590463,-0.3882682514874466,20.417072652018984,0.615085076591128,1.254068435505329,2021
beta,sqrt_advw,730,180,3.0,0.6,W,rank,20000000.0,none,0.8952701521750447,0.3256199859612637,0.3637114285226365,-0.4546447809040549,20.99640433146919,0.5178345717196914,1.443273575475565,2021
beta,eqw_top25,730,180,3.0,1.0,W,q20,20000000.0,fund90,0.8951803614536696,0.37189524529869294,0.4154416934424008,-0.832766266678759,26.54619333875598,0.7805325194181446,1.0026058158628204,1673
beta,eqw_top25,730,180,3.0,1.0,M,rank,5000000.0,none,0.8949906885615961,0.3382393293109396,0.3779249702078446,-0.5460918825664656,12.406612625766346,0.5955206640748435,1.2761986626103887,2007
beta,advw,365,180,3.0,0.8,M,q20,50000000.0,none,0.8948403965113424,0.4328001078632001,0.4836617899130733,-0.6242923261549572,22.224660331854913,0.7045025920792511,1.0946675059620372,2007
beta,advw_top100,730,180,3.0,0.4,W,rank,5000000.0,none,0.8948083981865853,0.26781609389268635,0.2992999332990629,-0.4554570822124317,15.168020740540092,0.5654036758183439,1.342912587513706,2021
beta,eqw,730,180,3.0,0.4,W,rank,50000000.0,none,0.894746277658261,0.33803022287154894,0.3777945003093447,-0.509359906710662,23.818274546003998,0.4755457842522197,1.3726426633585582,2021
beta,eqw_top25,365,90,1.0,0.6,W,q20,50000000.0,fund90,0.8947165914057439,0.3663530479673724,0.4094626739756471,-0.526846649393284,28.28322230619607,0.004174921649579191,1.7515213491028048,1673
beta,eqw_top25,730,180,3.0,0.4,W,rank,20000000.0,none,0.8946089090643654,0.33504873762142134,0.37451978649735895,-0.41947950693221475,21.82258785891848,0.5313663823599158,1.36130732833174,2021
beta,eqw,365,180,3.0,0.8,W,q20,50000000.0,fund90,0.8944592660893008,0.3620222927887566,0.4047387136717448,-0.45208172069085467,24.218935920877634,0.19128976222455782,1.4860371082741224,1673
beta,eqw_top100,730,180,3.0,0.4,M,q20,5000000.0,none,0.8938367932501963,0.356887848200508,0.39927630065750774,-0.599025236603257,14.935140569215298,0.46788353176120717,1.4577821588692774,2007
beta,eqw_top100,365,90,1.0,0.6,W,q20,20000000.0,fund90,0.8938305634539029,0.2963642165302882,0.33156643848146106,-0.33009386346342473,25.306357641442258,-0.04232709428516356,1.757892559596737,1673
beta,eqw_top100,365,180,3.0,0.4,M,rank,20000000.0,fund63,0.8936352782409505,0.22911803006721596,0.2563887478997208,-0.26597254888405975,13.617550418852385,0.14609298017690509,1.480583035758312,1704
beta,eqw_top100,180,90,1.0,0.6,M,q20,20000000.0,fund90,0.8935350182109699,0.2782333278939799,0.31138491746082525,-0.3429103760626308,16.498144789587936,0.07030713685179517,1.7109977860909793,1673
beta,advw,365,90,1.0,0.4,M,q20,20000000.0,fund90,0.8934494557039441,0.2598714613178008,0.29086308090371993,-0.35032823078519426,15.039509274912321,0.08023541465099239,1.616029726206401,1673
totvol,advw,180,180,,,W,rank,50000000.0,fund90,0.8934192142959699,0.25987615708773587,0.29087818230160056,-0.2920708698199117,15.417541426134104,0.48616888843459977,1.2369610292433433,1673
idvol,advw,180,180,,,W,rank,20000000.0,fund63,0.8932984334897878,0.2273693693542248,0.25452789440811674,-0.3676245707656698,16.881467325930803,0.7997394532584257,0.9796861486803498,1704
beta,eqw_top100,180,90,1.0,0.4,M,q20,20000000.0,fund63,0.8931133116189935,0.28660398465059533,0.3209043924460751,-0.4431477396327794,17.197046624995576,0.00018751848315156722,1.7155032984045937,1704
beta,sqrt_advw,365,180,3.0,0.4,M,q20,5000000.0,fund63,0.8929283865183765,0.22930984094794263,0.2568065305237369,-0.4686219630094109,11.78556277304286,-0.22728304681429295,1.7814887891948725,1704
beta,advw_top100,730,180,3.0,0.8,W,q20,50000000.0,fund90,0.8926964360371646,0.3168822278729096,0.35497198720721357,-0.44679553881249623,22.335365419048244,0.5259628999052184,1.2163275329413556,1673
beta,advw_top100,365,90,1.0,0.4,M,q20,50000000.0,fund63,0.8919586768140789,0.33885051860241894,0.37989486218434915,-0.4201557570068255,16.785665859839202,0.3891822194221319,1.3400363983901449,1704
beta,eqw_top100,730,180,3.0,0.8,M,q20,50000000.0,fund63,0.8916705961139679,0.3750179037248843,0.4205789731760447,-0.5934168161779105,16.00277723122311,0.5616646169782088,1.207717188142714,1704
beta,advw,730,180,3.0,0.4,W,rank,50000000.0,fund90,0.8913255565638399,0.2510184977284448,0.281623808360381,-0.35987850027491686,17.752757245117948,0.08945182064355947,1.6035135108308487,1673
beta,eqw,730,180,3.0,1.0,W,q20,20000000.0,fund63,0.8908870924998362,0.3401091308255669,0.38176457341100084,-0.744181981285271,24.44976157136938,0.8987262236862071,0.894098167666252,1704
beta,eqw_top25,365,180,3.0,0.4,M,rank,50000000.0,fund90,0.8908451455309349,0.2754420602284778,0.3091918518165321,-0.47908544780552087,13.448251813991302,-0.06906893380084989,1.7130717561120652,1673
beta,advw,365,90,1.0,0.6,W,q20,20000000.0,fund63,0.890815817445608,0.27814545768527005,0.31223677469361194,-0.3847388417810289,25.036904048033236,0.22529022916419625,1.450665946797831,1704
beta,advw_top100,365,90,1.0,0.6,M,q20,20000000.0,fund63,0.8907147447036416,0.27286213362591616,0.30634064974045394,-0.378619268194129,15.980452628952648,0.4717408097491684,1.260477148180823,1704
beta,eqw,730,180,3.0,0.6,W,rank,50000000.0,fund90,0.8903319430358869,0.24957786724009748,0.2803200190583722,-0.31181833328350855,17.84448108595575,0.18080135008044396,1.5268613926427337,1673
beta,btceth,730,180,3.0,0.4,W,q20,20000000.0,fund90,0.890210840445618,0.3207235082111363,0.3602781427044742,-0.4256489631259812,21.305706831390946,0.24185859207683258,1.3195350631029013,1673
beta,sqrt_advw,365,180,3.0,0.4,M,rank,20000000.0,fund63,0.8898140037326634,0.21776566378866932,0.2447316662529117,-0.26521968737735013,13.255734264604786,0.18695442158701348,1.4392791273837644,1704
beta,advw_top100,365,180,3.0,0.4,M,q20,50000000.0,fund63,0.8897749838782663,0.3580612188904591,0.40241771838737933,-0.42302165188011953,15.385457763349539,0.3668239483103227,1.3097374049067767,1704
beta,sqrt_advw,730,180,3.0,0.6,W,rank,50000000.0,fund90,0.8893969302384676,0.2500816965499094,0.2811812004825076,-0.3294677729590439,18.07032377958947,0.15793463565835184,1.5585932989436204,1673
beta,btc,730,180,3.0,1.0,M,q20,20000000.0,none,0.8891787938268099,0.4146189899063171,0.466294285001892,-0.8883560076296073,18.004566066061507,0.6966842901581864,1.225574770661982,2007
beta,advw,730,180,3.0,0.8,W,rank,5000000.0,none,0.8889232787912192,0.2808637557628498,0.3159595011897714,-0.5827144284942168,14.96900384097899,0.6582838333370444,1.2449211558288353,2021
beta,advw,730,180,3.0,0.4,W,rank,5000000.0,none,0.8886715973655256,0.26588108873300575,0.2991893625510396,-0.45383288063422206,15.10584244562476,0.5526015462884148,1.3449210234992797,2021
beta,advw_top100,730,180,3.0,0.6,W,q20,5000000.0,fund63,0.8883197206036495,0.2349889739060027,0.264531979258907,-0.37997073670980597,17.18028829395674,0.14461082181881138,1.4915597963399352,1704
beta,advw,730,180,3.0,0.6,M,rank,20000000.0,none,0.8879738040948998,0.26310648174336726,0.29629982385747095,-0.38175926292390105,15.35426371896188,0.5622155480743944,1.28066267607954,2007
beta,eqw_top25,365,90,1.0,0.8,M,q20,20000000.0,fund63,0.8868258118126112,0.350190122033913,0.3948803895526545,-0.49575981784219714,18.407328716418796,0.7843918813605174,0.9805397341275163,1704
beta,eqw,730,180,3.0,0.8,W,rank,50000000.0,none,0.8866399467456821,0.34143819439624806,0.38509227522339895,-0.46325531697509376,24.571436666358707,0.541320827517668,1.3289310515256016,2021
beta,advw_top100,730,180,3.0,0.6,M,rank,20000000.0,none,0.8865531587535947,0.2626795753306256,0.29629309053495095,-0.3827943356363874,15.407868102679055,0.5902191261129339,1.2436102040898538,2007
beta,eqw_top25,730,180,3.0,0.4,W,q20,5000000.0,fund63,0.8863029981632544,0.2559154865780682,0.2887449180567132,-0.4016108182654662,18.061327433010998,-0.0926024100082327,1.6856091774334563,1704
beta,sqrt_advw,730,180,3.0,0.8,M,q20,5000000.0,fund63,0.8863013542469527,0.27177942885172246,0.30664449236077296,-0.44419360574907746,11.83692298183486,0.4571847283260911,1.231941243273415,1704
beta,sqrt_advw,730,180,3.0,0.6,M,rank,20000000.0,none,0.8860267554227537,0.27181641860639716,0.30678127600865074,-0.4014862368358725,15.758661433751227,0.493405851619,1.3502738322432668,2007
beta,sqrt_advw,365,180,3.0,0.8,M,q20,20000000.0,fund90,0.8859517296310929,0.30339018632000936,0.34244550371422594,-0.3790779986889746,13.830126172413701,0.33113975055607714,1.3950737391239871,1673
beta,sqrt_advw,365,180,3.0,0.4,M,rank,20000000.0,fund90,0.8857026598851954,0.20824136681821834,0.235114306696573,-0.22960134766813237,12.222816218712744,0.16230811226133018,1.44558839266089,1673
beta,advw_top100,365,180,3.0,0.4,M,rank,20000000.0,fund63,0.8856146058369315,0.213111921717088,0.2406373159526779,-0.25478408518391493,13.147586548526858,0.2504751176532395,1.3667073414690816,1704
beta,eqw_top25,730,180,3.0,0.6,M,rank,20000000.0,fund63,0.8852682119824729,0.23143458452727553,0.2614287753640222,-0.35048641048073975,14.481826542530705,0.316747476488144,1.3692661977056215,1704
beta,advw_top100,730,180,3.0,0.6,W,q20,50000000.0,fund63,0.885091913515969,0.32261608970640016,0.3645000985545434,-0.5286771213591785,23.876429724268345,0.3738219135625773,1.3273252535951017,1704
beta,eqw_top25,365,180,3.0,0.6,M,rank,20000000.0,fund63,0.8850473155635156,0.2315319383293224,0.2616040230367847,-0.2977414590511074,14.477724713645145,0.43390955933083314,1.2537460697444731,1704
beta,sqrt_advw,730,180,3.0,0.4,W,q20,5000000.0,fund63,0.8848289724758743,0.24043707827881938,0.2717328271994112,-0.3846395383094424,16.994014561149026,-0.06417430208186363,1.648829285478541,1704
beta,btceth,730,180,3.0,0.6,W,rank,20000000.0,none,0.8839353397261764,0.295770224053246,0.3346061762219723,-0.3895475214363452,20.114880229063786,0.6621568487392717,1.1925799677958981,2021
beta,eqw,730,180,3.0,0.4,M,rank,20000000.0,fund63,0.8836192965473266,0.21959786985253224,0.24852090794145593,-0.3172060839361359,13.160573901639957,0.20952225177543546,1.4205377208676522,1704
beta,advw,365,180,3.0,0.4,M,rank,20000000.0,fund63,0.8833957764640574,0.21167274200757372,0.2396125809598389,-0.25338308921393304,13.079081133937688,0.2523253738120175,1.3620609183155263,1704
beta,advw,365,180,3.0,0.6,M,q20,50000000.0,fund90,0.8833571535667877,0.3318268376279112,0.3756428940299773,-0.46654090816589017,13.933350769092035,0.5556958940280687,1.1692141185980793,1673
beta,eqw_top100,365,90,1.0,0.8,M,q20,20000000.0,fund63,0.8829572044155403,0.33284847053632266,0.3769701055405584,-0.41404508010134955,17.274642852577358,0.6644276278704967,1.0803828370230608,1704
totvol,advw,90,90,,,W,q20,20000000.0,fund63,0.8829049503568169,0.30848359717696544,0.34939615759578074,-0.35752267404378346,25.177515699215434,0.49180982525475503,1.1866348204249826,1704
beta,sqrt_advw,730,180,3.0,0.6,M,rank,20000000.0,fund90,0.8822213030511743,0.2040805051830391,0.23132575066734834,-0.3508017773597873,12.275933232799641,0.3712222819431139,1.3226761739167656,1673
beta,eqw_top25,730,180,3.0,0.6,W,rank,50000000.0,fund90,0.8815587739172391,0.26773670077354167,0.3037082820738584,-0.3425909945710467,19.330714841254984,0.16319446611916724,1.5661758257155207,1673
beta,eqw_top25,365,90,1.0,0.8,M,q20,50000000.0,none,0.8811621138116611,0.4927678296886911,0.5592249393895468,-0.6529377320310377,27.48619245949314,0.701317575197372,1.09633065812483,2007
beta,btc,730,180,3.0,0.6,M,rank,5000000.0,fund90,0.8811247230482349,0.1668184005253625,0.18932438979609753,-0.2705832283530405,7.993784997501721,0.296876837953066,1.4453703905722557,1673
beta,advw_top100,730,180,3.0,0.4,W,q20,50000000.0,fund63,0.8809683029349057,0.3382827296818533,0.3839896719948718,-0.5116979065669964,23.82778114386012,0.21457308843292383,1.4494541568280415,1704
beta,sqrt_advw,365,180,3.0,1.0,M,q20,50000000.0,fund90,0.8809019643629952,0.4199969523526034,0.4767805832472118,-0.5240002779296592,15.51698862199475,0.7923354270550343,0.9610619572908096,1673
beta,advw,730,180,3.0,0.8,W,q20,20000000.0,fund63,0.8806997219729324,0.284593725109718,0.3231450152750982,-0.6194010536530755,23.22421389465364,0.8388689052393559,0.9221643925009768,1704
beta,btc,730,180,3.0,0.4,W,rank,50000000.0,none,0.8805701116599807,0.2858627429088798,0.3246337107331455,-0.5701142134115199,23.693571189186077,0.5460794274097516,1.281883086847998,2021
beta,eqw_top25,365,180,3.0,1.0,M,q20,50000000.0,fund63,0.8801548580135045,0.49346054342262663,0.5606519567890123,-0.6595857328160895,18.417559391949233,0.7920937482741501,0.9597841009951353,1704
beta,eqw_top25,365,180,3.0,0.8,M,q20,20000000.0,fund63,0.8800278553837378,0.3392977580300328,0.38555342987646835,-0.38612114660499275,16.340708538550054,0.509772785320221,1.199062193151326,1704
beta,eqw_top100,365,90,1.0,0.4,M,q20,50000000.0,fund90,0.8799998114249215,0.35827674433840606,0.407132751265337,-0.4480206826488409,16.368795223002127,0.328253331952402,1.352836068175566,1673
beta,eqw,365,180,3.0,0.8,M,q20,20000000.0,fund90,0.8797740504390449,0.2950201700983176,0.3353362945304989,-0.36805863482599566,13.756491561517628,0.2850554837543219,1.4108993133180598,1673
beta,eqw_top100,730,180,3.0,0.6,M,rank,20000000.0,fund63,0.8796722723583356,0.22581451076146752,0.2567029993523334,-0.34712434369081385,13.925881228780682,0.32167591189615147,1.3511464930454198,1704
beta,sqrt_advw,365,90,1.0,0.6,M,q20,50000000.0,fund90,0.8792653128486009,0.3418785713357316,0.38882299385623437,-0.43742967382647113,15.997646854498388,0.44745724004078336,1.2714206731163094,1673
beta,eqw_top100,730,180,3.0,0.6,W,rank,50000000.0,fund90,0.8786662539632595,0.26033191956985297,0.2962807760006889,-0.34835700450296325,18.747049692723966,0.1325442902890985,1.567187098545133,1673
beta,sqrt_advw,730,180,3.0,0.8,M,rank,5000000.0,fund90,0.8783889687646377,0.1883390706001091,0.21441420292992558,-0.31064817108280063,8.653260396074057,0.4970084056489891,1.2362478926294052,1673
beta,eqw_top100,730,180,3.0,1.0,M,q20,5000000.0,none,0.8780040380890979,0.4473027686582203,0.5094541132541226,-0.8250024018135633,16.624791432950747,0.6858238659089854,1.1327148137272542,2007
beta,sqrt_advw,365,90,1.0,0.6,W,q20,20000000.0,fund63,0.877324043524623,0.285186137572182,0.3250636291996002,-0.37478427838645323,25.928744447944645,0.2292463834262195,1.4315954099641413,1704
beta,eqw_top100,730,180,3.0,0.6,W,rank,50000000.0,none,0.8768603374028434,0.33576166668414653,0.3829135067035109,-0.5026880996077494,25.0615460823409,0.4269684614770663,1.4099985392352554,2021
beta,advw,365,90,1.0,0.4,M,q20,50000000.0,fund90,0.8766082405143553,0.3248051385954405,0.37052485201925445,-0.36381111789144693,15.74164374496334,0.30360609452869997,1.3782190258529794,1673
totvol,advw,180,180,,,W,q20,5000000.0,fund90,0.8765810365960383,0.23208907219665445,0.26476624807890964,-0.4167281602987881,13.896375040612128,0.837198118644766,0.9220994675435626,1673
totvol,advw,90,90,,,W,rank,20000000.0,fund63,0.8764715485747308,0.23158030535705357,0.26421885083849733,-0.28771931949538043,19.393254840463868,0.29934806483262416,1.3293784476380937,1704
totvol,advw,90,90,,,W,q20,20000000.0,fund90,0.8763699640618163,0.2980434015466048,0.34008856278600363,-0.3609108623296547,23.51825941475887,0.4453463984745813,1.2054137122297461,1673
beta,sqrt_advw,730,180,3.0,0.8,W,rank,20000000.0,none,0.8756708357403421,0.3348905284960889,0.38243882841313687,-0.5857259240954167,21.279331594261777,0.563123178762477,1.3512647575685468,2021
beta,eqw,730,180,3.0,0.6,W,rank,5000000.0,fund63,0.8750710530169125,0.17833570225092718,0.2037956822318524,-0.29170473592374563,13.414557884794544,0.27155669463778254,1.3970725896633693,1704
beta,advw,365,180,3.0,0.4,M,q20,20000000.0,fund63,0.8749838737986754,0.2790954254319227,0.3189720791313002,-0.5361853993941391,14.573917558532147,0.14063970846884397,1.4705915595096632,1704
beta,sqrt_advw,730,180,3.0,0.4,W,rank,20000000.0,none,0.8744813084869293,0.31754571799418535,0.36312464876306916,-0.4280929479143943,20.86234078608185,0.4509970131303935,1.4392723033811983,2021
beta,advw,365,90,1.0,0.6,W,q20,50000000.0,fund90,0.8738739493600676,0.3117445268907374,0.3567385515027951,-0.4385837052437467,25.407866030748067,0.028415416804921195,1.680572646306719,1673
beta,eqw,365,90,1.0,0.4,M,q20,50000000.0,fund90,0.8737805408177376,0.34259333334247677,0.39208166963967495,-0.4224648447373842,16.075462523952684,0.19619584499703052,1.4443105887789014,1673
beta,eqw,365,180,3.0,0.6,M,q20,5000000.0,fund63,0.8734184634980314,0.22856627613793742,0.2616916010940872,-0.2941825549365509,11.853048484002139,-0.009546963963438848,1.6004002678170368,1704
beta,sqrt_advw,730,180,3.0,0.4,M,rank,5000000.0,none,0.8733123514949854,0.2437071803151914,0.27906072769725476,-0.4154449768743378,10.82863521010088,0.3230325512804546,1.5449900885210104,2007
beta,eqw,365,180,3.0,0.4,W,q20,50000000.0,fund63,0.8724230936381122,0.36306379425938046,0.41615564386926013,-0.6438224550127012,24.9587544893803,-0.17953469336997047,1.7869315460338417,1704
beta,eqw_top25,730,180,3.0,0.8,W,rank,20000000.0,fund90,0.8721990525442227,0.25030818081469025,0.2869851556070097,-0.36914087969436443,18.964945708677728,0.4890877444676908,1.2026224677769293,1673
beta,btc,730,180,3.0,0.4,W,rank,20000000.0,none,0.8713815882734762,0.2809442031049931,0.32241237006355117,-0.3762089402407315,20.251510906489294,0.6234797396256827,1.1960055690876366,2021
beta,advw_top100,730,180,3.0,0.4,W,rank,50000000.0,fund90,0.8713605103943476,0.24614581133855715,0.28248446928947935,-0.35862902183245454,17.72831236045156,0.07669332168533158,1.576945293292878,1673
beta,eqw,365,90,1.0,0.4,W,q20,50000000.0,fund90,0.8711727127707238,0.33533387624500943,0.3849223825875994,-0.45369647877084085,25.509700833773188,-0.21784902291646654,1.821966067458359,1673
beta,advw_top100,365,90,1.0,0.6,M,q20,50000000.0,fund90,0.8711102382799392,0.31221631161672303,0.358411941332722,-0.4013476300161497,15.50430479384095,0.38092751760677407,1.3324450960426413,1673
beta,advw,730,180,3.0,0.6,M,rank,20000000.0,fund90,0.8709925318414026,0.19352353403222838,0.22218736321779012,-0.3523157560205784,11.89307990617727,0.3530884856301748,1.3157338103241378,1673
beta,eqw_top100,365,180,3.0,0.4,M,q20,20000000.0,fund63,0.8709385523641825,0.3031873889290183,0.3481157058738636,-0.4741272837369653,15.052085290510243,0.10631739357300395,1.5139623113559912,1704
idvol,advw,180,180,,,M,q20,5000000.0,fund63,0.8707139310760529,0.23856591198097304,0.2739888538203891,-0.3289545003853589,10.549332415398764,0.7560934425412958,0.9720263061546199,1704
beta,btc,730,180,3.0,0.4,M,q20,5000000.0,fund90,0.8699185912725528,0.21525194129727765,0.2474391781676929,-0.28935174291346555,10.184236306271181,-0.05885437004054343,1.6316862522656088,1673
beta,advw_top100,365,180,3.0,0.6,M,q20,50000000.0,fund63,0.8697765759753805,0.3392751631170954,0.39007162585015254,-0.44089721962243567,15.277115300849484,0.4893811067664741,1.1851217673753687,1704
totvol,advw,180,180,,,W,rank,5000000.0,fund63,0.8695384116752886,0.18691354296264084,0.2149572008009692,-0.34393123013212057,11.932918658465002,0.5390113278972067,1.1373232440077692,1704
idvol,advw,90,90,,,M,q20,20000000.0,none,0.8691739168245594,0.3397681459931311,0.3909092753662469,-0.9213785764708868,22.095091481689956,0.21544127177102648,1.585449877019002,2007
beta,eqw_top25,365,90,1.0,0.6,M,q20,50000000.0,none,0.8680561309885403,0.44921461702978727,0.5174948957715703,-0.6278012196669336,26.58206104832014,0.6620627997729379,1.1022166582537412,2007
beta,eqw,365,180,3.0,1.0,M,q20,50000000.0,fund90,0.8663233174109655,0.40868844218317946,0.4717504815691187,-0.5000499057305654,15.070090656330096,0.730480767231366,0.984764035570189,1673
beta,eqw_top100,365,90,1.0,0.6,M,q20,50000000.0,fund90,0.8657004378465788,0.3506000629360089,0.4049900492231736,-0.46886498279196065,16.59130372127716,0.4514459633577597,1.2406400864088276,1673
beta,advw,730,180,3.0,0.4,M,rank,20000000.0,none,0.865546005879683,0.2598703860843357,0.3002386751472798,-0.3814771117214085,15.49648894821013,0.49768161174595515,1.2747298513514547,2007
beta,eqw,730,180,3.0,0.8,M,q20,5000000.0,fund63,0.8653453650685682,0.2671294403950125,0.3086969101335,-0.44171871817546277,11.642355822420845,0.4251632877697212,1.2241436279376727,1704
beta,sqrt_advw,365,90,1.0,0.4,M,q20,50000000.0,fund63,0.8650597945443413,0.3503297304771224,0.40497747402727674,-0.5346338446833403,17.147705631432405,0.41874468874603343,1.2509706642614724,1704
beta,eqw_top25,730,180,3.0,0.8,W,rank,5000000.0,none,0.8650595079725002,0.30833795769796607,0.3564355455969024,-0.6152496233758094,16.844869779010526,0.5944780555192682,1.2635463266519784,2021
beta,advw_top100,730,180,3.0,1.0,M,q20,50000000.0,fund90,0.8649629551191129,0.32584740976655086,0.3767183413325242,-0.5262737821817742,13.022730299583449,0.671546423328505,1.0471078278506598,1673
beta,sqrt_advw,730,180,3.0,0.8,M,rank,5000000.0,none,0.8642457276523166,0.2629290029667959,0.30422945066911733,-0.4569134931780216,10.986851644549493,0.45604922265055253,1.4079857091806218,2007
beta,advw_top100,730,180,3.0,0.4,M,rank,20000000.0,none,0.8641399299217322,0.25941070539206995,0.30019525358070837,-0.38534030182921564,15.536331825214518,0.526293083236207,1.2395598160894952,2007
beta,sqrt_advw,730,180,3.0,0.6,M,rank,20000000.0,fund63,0.863728357799373,0.21080490167230895,0.2440638885695527,-0.33989660572107605,13.316495050054542,0.35633761718523466,1.2916778444968595,1704
beta,eqw,365,90,1.0,0.6,W,q20,50000000.0,fund90,0.8635973268357567,0.3231029071301751,0.37413606676393096,-0.4520716493023895,25.821390081610073,-0.11486198170988644,1.72694846827168,1673
beta,btc,730,180,3.0,1.0,M,rank,5000000.0,none,0.8635696664130383,0.289909901542294,0.335711075571328,-0.6002838196359613,10.045064124864425,0.6810401324871922,1.1898736581422775,2007
beta,advw_top100,730,180,3.0,0.8,M,q20,5000000.0,fund90,0.8633209388744585,0.24491159680151564,0.28368545899143294,-0.46479526182413167,10.294900585524324,0.5260203998723039,1.156612431826528,1673
beta,advw_top100,365,180,3.0,0.4,M,rank,20000000.0,fund90,0.8632772660458989,0.20064886475662846,0.23242690691447015,-0.22831591028881904,12.115747165469518,0.18972041757219474,1.3732833909650919,1673
beta,btceth,730,180,3.0,0.8,M,rank,5000000.0,fund63,0.8629932443042797,0.1911996167501192,0.22155401332748417,-0.26558743802206586,8.859550737472523,0.5167257562791513,1.1517532774404713,1704
beta,sqrt_advw,180,90,1.0,0.4,M,q20,50000000.0,fund90,0.8628835075611619,0.31726386527448946,0.36767867562007084,-0.4089649409714251,16.185230614683295,0.4972479372836884,1.2015873908017851,1673
beta,advw,730,180,3.0,0.8,M,rank,20000000.0,none,0.8628447474887168,0.26716890695850626,0.30963728728266954,-0.4228784209879656,15.305347575173261,0.5929283484257329,1.2056956133299022,2007
beta,advw,365,180,3.0,0.4,M,rank,20000000.0,fund90,0.8628438598768934,0.1994834897870811,0.23119303394653867,-0.22877369352662452,12.052819714953888,0.19885235681326066,1.3656922498055428,1673
beta,eqw_top25,730,180,3.0,1.0,M,rank,20000000.0,none,0.862767877793992,0.343677071232359,0.3983424511713459,-0.5639750354595503,18.107544476340774,0.6527411556759384,1.1232017149564446,2007
beta,eqw_top100,730,180,3.0,0.8,W,rank,50000000.0,none,0.8626791384567016,0.34550139282784315,0.4004981428505751,-0.484204545983829,25.880997669493752,0.4555046294051043,1.3663468967200043,2021
beta,sqrt_advw,730,180,3.0,1.0,M,q20,50000000.0,fund90,0.8626298748268928,0.3620286823975039,0.41968020464182687,-0.47480097832866464,14.470392566580063,0.7137427284575131,1.0045181862424457,1673
beta,eqw_top25,730,180,3.0,0.8,W,rank,20000000.0,fund63,0.8625002101282983,0.2589130772462753,0.3001890019339955,-0.3634113517976978,20.50963627969734,0.5405007185968684,1.1281105892737098,1704
beta,advw_top100,730,180,3.0,0.8,M,rank,20000000.0,none,0.861932711873209,0.26686998465514433,0.30961811865240024,-0.42233521553081504,15.373274122115426,0.619418723209697,1.170046260483733,2007
beta,eqw_top25,730,180,3.0,0.4,M,rank,20000000.0,none,0.8613718474429795,0.27736877047629244,0.32200816790062725,-0.38463983111033195,16.41932960888668,0.4831900484987284,1.266964731587854,2007
beta,eqw_top100,365,180,3.0,0.6,M,q20,20000000.0,fund63,0.8610662040965605,0.29858928023790743,0.34676692548999793,-0.39228645167152987,15.361692781444853,0.26943348686382923,1.372580356495556,1704
beta,advw,365,90,1.0,0.6,W,q20,20000000.0,fund90,0.8607817437587022,0.25780950867829694,0.2995062459765261,-0.3275487715675367,23.46903507045503,-0.055596982799358666,1.7073296448715154,1673
beta,sqrt_advw,730,180,3.0,0.8,M,rank,20000000.0,none,0.8607510118516918,0.2803329509595049,0.32568413757241854,-0.45250383055630883,15.938991062384966,0.5360632272680504,1.2658370323026482,2007
beta,sqrt_advw,180,90,1.0,0.4,M,q20,50000000.0,fund63,0.8600365912375609,0.32534316474567,0.3782899100577955,-0.5071406517283605,17.500673005563193,0.49448951839442995,1.2008361861980124,1704
beta,eqw_top25,365,180,3.0,0.6,M,rank,50000000.0,fund90,0.8600279611146169,0.2620012006049945,0.30464265401956775,-0.4310471822254193,13.827275156174212,0.00041608804422695316,1.6311185567918063,1673
beta,eqw,365,180,3.0,0.8,W,q20,50000000.0,fund63,0.859484519649896,0.3583298982279419,0.4169125679819163,-0.4458590160174062,26.13746501160041,0.15559285422629948,1.4386924533205327,1704
beta,eqw_top25,730,180,3.0,0.4,W,q20,5000000.0,none,0.8593393316991259,0.38758291895981,0.45102429815875283,-0.7027590129272518,21.821421248079414,0.6808797222639456,1.14858759504137,2021
beta,advw,365,180,3.0,0.4,M,rank,50000000.0,fund90,0.8592167082989728,0.24016395273041352,0.27951499361072263,-0.4411985420304861,12.575070383963658,-0.1117670882662144,1.6722823579909705,1673
beta,eqw_top25,365,90,1.0,1.0,M,q20,50000000.0,none,0.8589824680365057,0.5551535602895046,0.6462920734092459,-0.7495663296740691,28.95203891434129,0.7234352366221929,1.0165032121400348,2007
beta,eqw_top100,730,180,3.0,0.6,W,rank,20000000.0,none,0.8587489494538355,0.3302852591471181,0.38461212599698613,-0.5625805400315327,21.446087474010927,0.4448661377630012,1.4636341505228225,2021
beta,eqw_top25,365,180,3.0,0.6,M,rank,20000000.0,fund90,0.8585480558139358,0.2165137411819249,0.25218593148715673,-0.2471813714792559,13.370366709599978,0.3445357648191563,1.2879156511931789,1673
beta,eqw,730,180,3.0,0.6,M,rank,20000000.0,none,0.8585281546996342,0.2670923314898538,0.3111049183742833,-0.53560362925775,15.587913866169856,0.46853872010650965,1.3345100334324231,2007
idvol,advw,180,180,,,W,q20,5000000.0,fund63,0.8579843241697418,0.2314817418579281,0.2697971691754735,-0.36777335961346114,15.412311435379166,0.8189441184887655,0.9012310142291121,1704
totvol,advw,90,90,,,M,q20,20000000.0,none,0.857719917718509,0.3470972737010356,0.40467437741716034,-0.8835203228413497,21.2377331208457,0.4855794848891672,1.2542153049257982,2007
beta,btceth,730,180,3.0,0.8,M,q20,5000000.0,fund63,0.85766782901955,0.26308063912766694,0.3067395444089464,-0.4006936125845124,11.157240936655635,0.44670524688970636,1.183052640989418,1704
beta,advw_top100,365,180,3.0,0.8,M,q20,20000000.0,fund63,0.8573203826920921,0.2875026904477989,0.3353503500581718,-0.3629233684113957,14.77062703060411,0.6613957317093089,1.0252537198528142,1704
beta,eqw_top25,730,180,3.0,0.6,W,rank,5000000.0,none,0.8572866975138999,0.28188676175616934,0.32881270941638385,-0.4910684798967452,16.322409788278353,0.5261799611191821,1.3263893354524514,2021
beta,eqw,730,180,3.0,1.0,M,q20,50000000.0,fund90,0.8568539029766553,0.3611447586605378,0.42147763744314415,-0.5117104715581366,14.464001016646584,0.7055135348670368,0.9965244690387569,1673
beta,advw,730,180,3.0,0.4,W,q20,50000000.0,fund90,0.8568428548188525,0.3183514433746519,0.3715400572978524,-0.40991042844302594,21.604346156534056,0.23749017023790295,1.3811039800760483,1673
beta,advw,365,180,3.0,0.8,M,q20,50000000.0,fund63,0.8565934197294851,0.33962144660669924,0.39647916827793606,-0.4984907571149604,15.23181316946698,0.6047093965833396,1.071938023759423,1704
beta,eqw,730,180,3.0,1.0,W,q20,20000000.0,fund90,0.8564633412740855,0.3106884920702113,0.3627574901314833,-0.764629999360486,22.63757457470167,0.7373000849124127,0.9628729423268872,1673
beta,advw,180,90,1.0,0.4,M,q20,50000000.0,fund90,0.856342631368068,0.31723063568267995,0.370448257581059,-0.5536217804967591,15.588350968461908,0.1289235379708004,1.5158998367831953,1673
beta,eqw_top100,730,180,3.0,0.6,M,rank,20000000.0,none,0.8562429805276001,0.2753684755871287,0.3216008561231673,-0.5383337353577123,16.270123370660745,0.4177763772959379,1.3706724817918738,2007
beta,eqw_top100,730,180,3.0,1.0,M,q20,50000000.0,fund90,0.855859103999255,0.3948267762986568,0.46132216676052373,-0.5465919062304714,15.785989117346887,0.7155245008259684,0.9915966289921712,1673
beta,sqrt_advw,730,180,3.0,0.4,M,rank,20000000.0,none,0.8557930676827836,0.2641873976257825,0.3087047647407547,-0.39220105895536606,15.690081678755325,0.4199320312892268,1.332249801767438,2007
beta,eqw_top25,180,90,1.0,0.8,M,q20,50000000.0,fund90,0.8557756735024264,0.36475206924803705,0.42622392823485983,-0.5755877734973498,17.420517816225757,0.7634186338948845,0.9597655168710574,1673
beta,eqw,365,90,1.0,0.6,M,q20,50000000.0,fund90,0.8554739017379647,0.33087110908466527,0.3867693782504337,-0.43517204909445306,16.104168843908656,0.30439337880776285,1.3398508035659025,1673
beta,advw_top100,730,180,3.0,1.0,W,rank,20000000.0,none,0.8554438337233712,0.3300441038857947,0.38581621712001557,-0.6237435227763181,20.824948914737096,0.653109488357095,1.1609627538339182,2021
beta,sqrt_advw,365,90,1.0,0.6,W,q20,20000000.0,fund90,0.855358001996017,0.2688922510382169,0.3143622324345415,-0.3136100598012108,24.266657668544294,-0.009560489598846904,1.6358210131278363,1673
idvol,advw,90,90,,,W,q20,50000000.0,none,0.8553119219984031,0.4069527456168649,0.47579454366313,-0.8224294653217223,37.68813669193789,0.24841032927094173,1.6023036138121227,2021
beta,btc,730,180,3.0,0.6,W,rank,50000000.0,none,0.855202691425519,0.2750544914251362,0.3216249132315682,-0.5038092570849377,23.215981252125726,0.5336340017743367,1.2835863896364574,2021
beta,advw_top100,365,180,3.0,0.4,M,q20,50000000.0,fund90,0.8550854223166042,0.3349457347517426,0.39171026193418773,-0.4424907158031767,14.146589902521756,0.45662681669058497,1.1907437814151733,1673
beta,advw_top100,730,180,3.0,0.6,M,rank,20000000.0,fund90,0.8550484126662458,0.1905915523813049,0.22290147500185956,-0.3620502451507893,11.96746695437969,0.3528572110872122,1.2872768340473226,1673
beta,advw_top100,365,90,1.0,0.6,M,q20,50000000.0,fund63,0.8549804142160189,0.31690016826868,0.37065196231338715,-0.44139826316783015,16.527665840953205,0.5223397002771477,1.1596778430210717,1704
beta,eqw_top100,180,90,1.0,0.6,M,q20,20000000.0,fund63,0.8548160880310163,0.27150443816929054,0.3176173705325013,-0.3868323449900264,17.576981534494923,0.15554167765483395,1.5444324100375009,1704
beta,eqw_top100,365,180,3.0,0.4,M,q20,20000000.0,fund90,0.8547094635526816,0.2896689152728309,0.3389092172547082,-0.43100768430509573,14.01958318277588,0.024615175271502275,1.5555571696504553,1673
beta,advw,730,180,3.0,0.6,M,rank,20000000.0,fund63,0.8539670347919907,0.19978048164329415,0.2339440206751736,-0.332705209064409,12.917433442144372,0.33743181903421104,1.2824310184559071,1704
totvol,advw,180,180,,,W,q20,50000000.0,none,0.8539605216466242,0.40607182778295414,0.4755159254902769,-0.8663583197672102,30.564153376424795,0.4712149404251519,1.2826642743266894,2021
idvol,advw,180,180,,,M,rank,5000000.0,fund63,0.8537413068733671,0.17487825747709615,0.2048375263902222,-0.2997529285000434,8.883085666249091,0.9620874817760057,0.784430817733502,1704
beta,btceth,730,180,3.0,0.6,W,q20,5000000.0,fund63,0.8531094220191225,0.2292011270867419,0.2686655675942169,-0.37012701698396505,17.11862558077853,0.2897600316813545,1.3081709893694236,1704
beta,advw,730,180,3.0,0.6,W,q20,50000000.0,fund90,0.8530823841582706,0.301197947641414,0.3530701761455355,-0.42379951888530565,21.604690456067267,0.37366072236365877,1.2692113706227088,1673
beta,btceth,730,180,3.0,1.0,W,q20,5000000.0,none,0.8529597151967802,0.36960598960304847,0.4333217419509423,-0.9776318053100623,21.642040653052717,0.671591464950769,1.1142329652765288,2021
beta,eqw_top100,730,180,3.0,1.0,W,q20,20000000.0,fund63,0.8528295087284953,0.3569794426744059,0.4185824235920675,-0.6820055932381934,26.55803268935757,0.8632017958108227,0.8516793829260121,1704
beta,eqw,180,90,1.0,0.4,M,q20,50000000.0,fund63,0.8524104043255476,0.3229909355809515,0.37891482077405125,-0.5085108576221062,17.802640987860904,0.5130860818523286,1.166706212476213,1704
beta,advw,730,180,3.0,0.6,W,rank,50000000.0,fund90,0.8522602618266852,0.2267229716058546,0.26602551093947485,-0.2973224642346002,17.576521411288383,0.14672550011025318,1.4997370760477775,1673
beta,sqrt_advw,730,180,3.0,1.0,W,q20,20000000.0,fund63,0.8522529338598305,0.3221321114008263,0.37797712228680597,-0.6857622356872888,24.496007646784193,0.9737662023372393,0.7632811412055178,1704
beta,advw,730,180,3.0,1.0,W,rank,20000000.0,none,0.8521398213880398,0.32810107684484285,0.3850319731689139,-0.6375457465552569,20.74646094952386,0.6437755227826136,1.1679345774303254,2021
beta,advw,365,90,1.0,0.4,M,q20,50000000.0,fund63,0.8521052642994975,0.3251633463328182,0.38159997356679853,-0.4192038289994633,16.772396669618576,0.3824931642252856,1.2649037509218541,1704
beta,eqw,365,90,1.0,0.6,W,q20,20000000.0,fund63,0.8518033394609916,0.27261684638118566,0.3200466982833074,-0.3917983326663539,26.010247022239362,0.24336470546094,1.3711785818802629,1704
beta,eqw_top100,730,180,3.0,0.8,W,rank,20000000.0,fund90,0.8515904918588003,0.23497321125104603,0.2759227744994671,-0.3913912615982478,18.04590216695931,0.430456160302751,1.2030564889999518,1673
beta,eqw,730,180,3.0,0.6,W,q20,5000000.0,none,0.8514973191661258,0.3965917777700307,0.46575810497960735,-0.7434198696315004,20.950308107911383,0.7793384696305056,1.0306806606888996,2021
idvol,advw,180,180,,,W,q20,20000000.0,fund63,0.8507600563707107,0.2881724822247568,0.3387235684924873,-0.44115678314068885,21.995980960484957,0.8467134249399917,0.8737626484520623,1704
beta,btc,730,180,3.0,0.6,W,rank,20000000.0,none,0.8506176519850074,0.2784903940162088,0.32739785421372525,-0.4324569931546264,19.892102920361783,0.6462878603341825,1.1452380634003485,2021
idvol,advw,90,90,,,M,q20,50000000.0,fund90,0.850547897066949,0.30720960168286404,0.361190243068325,-0.34973525055611554,16.965161393043083,0.7449687812706919,0.9453703294158792,1673
beta,sqrt_advw,180,90,1.0,0.6,M,q20,50000000.0,fund63,0.8498202592173761,0.31189376118627976,0.36701144483600767,-0.5184622362301179,17.53344921356905,0.6359031117168253,1.058975936453501,1704
beta,advw,730,180,3.0,0.8,W,q20,20000000.0,fund90,0.8493707433236058,0.2602127361404184,0.3063594292431129,-0.6384071666466788,21.45308951502356,0.6659465733678492,1.01385556171193,1673
beta,sqrt_advw,365,90,1.0,0.4,W,q20,50000000.0,fund90,0.8492963646247806,0.3310266730589325,0.3897657953654142,-0.5177086236187671,26.193529222655542,-0.15172395352155604,1.7555648885352721,1673
beta,eqw_top25,730,180,3.0,0.8,W,rank,5000000.0,fund63,0.8485067865367888,0.21314825940578558,0.25120395356619113,-0.3482752880674891,15.150371931513456,0.45483568703910926,1.196032340956752,1704
beta,advw_top100,730,180,3.0,1.0,W,rank,5000000.0,none,0.8474721356884114,0.29267894612243794,0.3453552439039089,-0.6854235495959323,15.11867787412426,0.6794217481207578,1.1074538290166123,2021
beta,eqw_top100,730,180,3.0,0.8,W,rank,20000000.0,none,0.8474649818609041,0.34770564341607507,0.41028909849769407,-0.6572175466117707,22.058723246050715,0.4990040305454082,1.3830557868501576,2021
beta,advw,730,180,3.0,0.4,W,q20,5000000.0,fund90,0.8474598676791922,0.2138467994066549,0.2523385561516726,-0.33753206213770626,15.696439469203286,0.08165391591336492,1.4336685848884188,1673
beta,eqw_top25,365,180,3.0,0.4,M,q20,5000000.0,fund63,0.846590836533417,0.23316972068870495,0.2754219755596199,-0.4698579356398062,12.26600790970793,-0.3380816045631261,1.7574865610747554,1704
beta,sqrt_advw,365,90,1.0,0.6,M,q20,50000000.0,fund63,0.8464832161656295,0.3385057688434859,0.3998966103271812,-0.548469104446613,17.14010419694825,0.5751868515576521,1.0890429626896168,1704
beta,advw,730,180,3.0,1.0,M,q20,50000000.0,fund90,0.8464331310191912,0.31975978520756376,0.37777323865210777,-0.5242420086170667,13.077841377797126,0.6652224690096028,1.0156777939997172,1673
totvol,advw,90,90,,,W,rank,20000000.0,fund90,0.8456747068741455,0.2155142552954193,0.2548429715865824,-0.28945832888165235,18.108101882309903,0.2777611054968377,1.287848863664523,1673
beta,eqw,730,180,3.0,0.6,W,rank,5000000.0,fund90,0.8455011367571778,0.16333863452063277,0.19318558830931826,-0.29428405300024496,12.248728497114694,0.3518908088881917,1.271743400824789,1673
beta,eqw_top100,180,90,1.0,0.8,M,q20,50000000.0,fund63,0.8454950001955566,0.3615896664618144,0.427666238568154,-0.5950921588566527,18.713260863498995,0.8356186107792951,0.8549498815736268,1704
beta,btceth,730,180,3.0,0.4,W,rank,20000000.0,fund90,0.845137906320041,0.20725258436063632,0.24522930850785057,-0.24758407044752218,16.26987570418184,0.15413886373842783,1.3368655804991347,1673
totvol,advw,180,180,,,W,rank,5000000.0,fund90,0.845094159194302,0.17209024793037225,0.20363440695701893,-0.3568652050755563,10.875868767371504,0.8072161560087978,0.886742005820426,1673
beta,eqw_top100,730,180,3.0,0.4,W,rank,50000000.0,none,0.8444166596862672,0.3282155602683963,0.38868911040947574,-0.557848098871069,24.46869477349373,0.3811434901391446,1.3626119976329942,2021
beta,btc,365,90,1.0,0.4,W,q20,50000000.0,none,0.8436751543524277,0.364204884247374,0.43168852652407846,-0.7514511576870876,37.831304728731595,0.6585522550452654,1.083912520600692,2021
beta,eqw_top25,365,180,3.0,0.8,M,q20,20000000.0,fund90,0.8434449369019288,0.3153467919768564,0.3738795245308624,-0.35627842332162435,15.09543521355823,0.31880291788157905,1.3298337156702296,1673
beta,eqw_top25,730,180,3.0,0.4,W,q20,5000000.0,fund90,0.8429218897785321,0.23313671404341227,0.27658163451499185,-0.4151778761361733,16.60078881985898,0.07448703302228141,1.4483314713397066,1673
beta,btceth,730,180,3.0,1.0,W,q20,20000000.0,none,0.8424480492499161,0.42595121862229124,0.5056112587613467,-0.7254133527162993,28.458555863369522,0.7474106098280779,0.9378787613652947,2021
beta,advw_top100,365,90,1.0,0.6,W,q20,20000000.0,fund63,0.8422793016722613,0.2656763940994641,0.31542552876699,-0.38697904010583106,25.425393287100594,0.2697572811953692,1.31713242159893,1704
beta,advw,365,90,1.0,0.6,M,q20,20000000.0,fund63,0.8421241282955161,0.2576457541509568,0.30594747911146947,-0.3785746331573073,15.96572276393941,0.4703196316140837,1.1688204051806312,1704
beta,btceth,730,180,3.0,0.8,M,rank,5000000.0,fund90,0.8418269361258304,0.17692872943525847,0.2101723309656753,-0.28478530413357583,7.988480193190259,0.45413905647081404,1.208670356138254,1673
beta,btc,365,90,1.0,0.4,M,q20,50000000.0,none,0.8414533281069486,0.3944590869695733,0.46878308492403703,-0.5434261153408355,24.09595980568012,0.893674898874522,0.7927206586406562,2007
beta,eqw,730,180,3.0,0.4,W,rank,50000000.0,fund63,0.841330910134734,0.2599447448658671,0.30896849472015536,-0.43193043246962276,19.208833999986446,0.05063335894906779,1.5512992796276042,1704
beta,sqrt_advw,730,180,3.0,0.8,W,rank,20000000.0,fund90,0.8413035632048403,0.21783755584787837,0.25892860243935434,-0.3551166736951034,17.157494051355265,0.46071644727496747,1.1582280077258111,1673
beta,eqw_top25,365,180,3.0,1.0,M,q20,50000000.0,fund90,0.8408236084645887,0.4606371820852752,0.5478404476849021,-0.7039662113582393,16.989595003250894,0.7284749088692123,0.9466687477904291,1673
beta,advw_top100,730,180,3.0,0.6,M,rank,20000000.0,fund63,0.8405465374050621,0.1971990039958505,0.23460807370005216,-0.3395504576114002,12.996144120052579,0.34018354336112244,1.2553978753605521,1704
beta,eqw_top100,365,180,3.0,0.6,W,q20,50000000.0,fund90,0.8404114754322393,0.34785777660101136,0.41391364441103284,-0.5910065789155257,24.021146033581896,-0.0834005828266797,1.683143671088706,1673
beta,btceth,730,180,3.0,0.8,W,rank,20000000.0,none,0.840131177602074,0.29482327037928335,0.35092528195510636,-0.4997328384150038,19.93835342420258,0.6773458997954434,1.0819286161498505,2021
beta,eqw,730,180,3.0,0.6,W,rank,20000000.0,none,0.8401171570571188,0.3138501213996027,0.37357899283833373,-0.5950387401346302,20.632601032422784,0.4422082141372355,1.4568441125791347,2021
beta,advw,730,180,3.0,1.0,W,rank,5000000.0,none,0.8400805749822435,0.28941944125297175,0.34451390720359065,-0.685371199846851,15.011961845349887,0.6682075660503279,1.1068050780079035,2021
beta,btc,730,180,3.0,0.8,M,q20,20000000.0,fund90,0.8400036710340555,0.25231481896479574,0.3003734717661327,-0.31225912839057335,12.76578393024687,0.48736085776352794,1.2207919562292975,1673
beta,advw_top100,730,180,3.0,0.8,W,q20,50000000.0,fund63,0.8399815689755955,0.3086999321577134,0.3675079829837103,-0.5522679197471523,24.216410619498028,0.5024552774023243,1.133320034981472,1704
beta,advw,730,180,3.0,0.6,W,q20,5000000.0,fund63,0.839976674068625,0.22265745309210905,0.2650757574178997,-0.38551417517355535,17.002764223179234,0.14148296776949065,1.4019439403353582,1704
beta,sqrt_advw,365,90,1.0,0.6,W,q20,50000000.0,fund90,0.8395415822892517,0.3177278724343758,0.3784540029190684,-0.5024634355137163,26.51513304461586,-0.03159325271109581,1.643716145768926,1673
beta,eqw_top100,730,180,3.0,0.8,W,rank,20000000.0,fund63,0.8394870096005822,0.24303289888888138,0.2895016791320136,-0.3873574847639506,19.544552321061243,0.4784689382646768,1.1322877100375885,1704
beta,sqrt_advw,365,180,3.0,0.6,W,q20,50000000.0,fund90,0.8392302637851499,0.3333959774783761,0.3972640071089337,-0.5508912255961972,23.498440702613074,-0.09867184689604021,1.6662702253232218,1673
beta,advw,365,180,3.0,0.4,M,q20,20000000.0,fund90,0.8391248141310624,0.26037788152624186,0.3102969631470981,-0.4710753018282635,13.383448649037275,0.013673004133181302,1.5100273520497944,1673
beta,eqw,730,180,3.0,0.8,W,q20,5000000.0,none,0.8390103568714253,0.41914387275391596,0.49956936683935105,-0.8943247085942954,21.424477732410217,0.8139047651993722,0.9463899409479133,2021
beta,eqw_top25,730,180,3.0,1.0,W,rank,5000000.0,none,0.8387946070205183,0.3409421645079946,0.4064668056451327,-0.7509191005433745,17.513293141574504,0.6373234723575589,1.1300711599723858,2021
beta,eqw_top100,730,180,3.0,0.8,M,rank,20000000.0,none,0.8387907978283964,0.2903501837768904,0.3461532774663219,-0.6183684297936956,16.713897968396736,0.4692802903177611,1.2969826106659714,2007
beta,btceth,730,180,3.0,0.4,M,q20,50000000.0,fund90,0.837906380708687,0.2868620524241633,0.3423557321302891,-0.6034495043838106,13.397633017514316,-0.03445684690888601,1.6273944655916188,1673
beta,advw,180,90,1.0,0.4,M,q20,50000000.0,fund63,0.83780043897926,0.31727315741940865,0.3786977693709024,-0.5483198384999746,16.7374686216061,0.16755844349916577,1.4434126428832537,1704
beta,btceth,730,180,3.0,0.4,M,rank,20000000.0,none,0.8376648555929909,0.24731269574749373,0.2952406252885216,-0.38842228050414285,15.249718296643561,0.5279456134062396,1.2186698254788588,2007
beta,eqw,730,180,3.0,0.4,M,rank,20000000.0,none,0.8376528427224456,0.2605576739598086,0.3110568730513385,-0.48384093054145066,15.519511722354785,0.4019911909271523,1.324780915493303,2007
beta,btc,730,180,3.0,1.0,M,q20,5000000.0,none,0.8375901250999863,0.3990833753131141,0.4764661895524066,-0.8221869928049697,14.164524092273412,0.6905706379163389,1.1151796749975262,2007
beta,btc,730,180,3.0,0.4,M,q20,50000000.0,none,0.8374423210916176,0.38906845877192847,0.4645913503210255,-0.6599612912777009,20.61288071057381,0.557048447866961,1.2387134839708558,2007
beta,eqw,365,180,3.0,0.6,M,rank,20000000.0,fund63,0.8374058262489484,0.1979526711290211,0.23638797930953567,-0.2815750929608365,13.088229663009816,0.28127982380666955,1.2869638318624868,1704
beta,eqw_top25,365,90,1.0,0.8,M,q20,20000000.0,fund90,0.8373751942653451,0.3186235036992211,0.38050267774979796,-0.48166497241142414,17.17636813940193,0.40230889929264807,1.2869121784410886,1673
beta,advw,365,180,3.0,1.0,M,q20,50000000.0,none,0.8371025067584587,0.4398044331518688,0.5253889811594745,-0.6465305696734609,22.614008582486584,0.6803546144443127,1.0009969933312066,2007
beta,btceth,730,180,3.0,0.4,W,rank,20000000.0,fund63,0.8370762928058916,0.21299616053273238,0.25445250613748266,-0.24675724922478337,17.617998871916875,0.1739894859291953,1.3064078562704111,1704
totvol,advw,180,180,,,M,rank,20000000.0,none,0.8366327956686451,0.2493738916433236,0.2980685109815968,-0.5790208603224307,14.125607431436501,0.3070665317650055,1.4136437087708533,2007
beta,eqw_top100,365,180,3.0,0.6,M,rank,20000000.0,fund63,0.8365328034145052,0.21113325247080414,0.25239088247228814,-0.292070393785822,13.83064619008086,0.27917104810261056,1.2915239477495788,1704
beta,eqw,180,90,1.0,0.6,M,q20,50000000.0,fund63,0.8364596558915097,0.3072988748588735,0.3673803903086639,-0.5207625095601516,17.818714154549596,0.6559299228095282,1.0092472418373604,1704
beta,eqw,365,180,3.0,0.4,W,q20,20000000.0,fund90,0.8357547653366859,0.26424322727080995,0.3161731625476989,-0.5219555919022147,21.328524337560907,-0.4484942039247641,1.8672208578610705,1673
beta,sqrt_advw,180,90,1.0,0.6,M,q20,50000000.0,fund90,0.8356153012905692,0.2988096959967761,0.3575924178689384,-0.41892951638534415,16.229601898355707,0.575870372529088,1.0902143955551065,1673
beta,eqw,365,90,1.0,0.6,W,q20,50000000.0,none,0.8354068037088995,0.3840765481214067,0.45974792929175073,-0.6531388192331095,37.69262947459883,0.31430710957473457,1.4218483577429946,2021
beta,btc,730,180,3.0,1.0,W,rank,5000000.0,none,0.8348870775681009,0.2814186989226055,0.3370739666283198,-0.738071399709698,14.48776398270724,0.6749323525963581,1.1173078122928721,2021
beta,eqw_top25,730,180,3.0,0.8,W,rank,50000000.0,none,0.8346474318176933,0.3280392532869568,0.39302733199879814,-0.4231652630873083,26.55083269560492,0.4138357785620159,1.3235180608076167,2021
beta,eqw_top100,730,180,3.0,0.4,W,q20,5000000.0,fund63,0.8341424507215204,0.23601174110699233,0.28293937192963353,-0.4236896505537645,17.43473935563023,-0.07114952168160935,1.5620306077850046,1704
beta,sqrt_advw,730,180,3.0,0.6,W,rank,50000000.0,none,0.8339022577493296,0.3006640019472829,0.36055065105443357,-0.4644401301187593,24.257375106091256,0.3684999174697197,1.373220919178733,2021
beta,eqw,365,90,1.0,0.6,M,q20,50000000.0,none,0.8337221110321067,0.4128773669969078,0.4952218029647624,-0.584735240152132,24.976051310412956,0.6605925036128414,1.037006340804756,2007
beta,eqw,730,180,3.0,0.8,M,rank,5000000.0,fund63,0.8336755226852234,0.18718713936893772,0.2245323681400866,-0.30755259070636387,9.399493267956228,0.3856574502069616,1.2256048096958676,1704
beta,btc,365,90,1.0,0.6,W,q20,50000000.0,none,0.8334663906635799,0.37417008090223713,0.44893241658411037,-0.7044612647979518,37.3725992193627,0.7022352041429057,1.0402278970739636,2021
beta,advw,365,90,1.0,0.6,M,q20,50000000.0,fund90,0.8329970462198854,0.29998645458390927,0.360129073620655,-0.3999892364580476,15.494392528109717,0.37767464027665754,1.2543710679387146,1673
beta,advw,365,90,1.0,0.4,W,q20,50000000.0,fund63,0.8328259617437498,0.3193727816472032,0.38348081870371636,-0.5558747466806169,27.16563785515895,0.05802571405560456,1.5337211691168977,1704
beta,eqw_top100,365,90,1.0,0.8,M,q20,20000000.0,fund90,0.8325273925394672,0.3041638657429281,0.365349979434471,-0.3835987825784861,16.129848238412684,0.3226592360691685,1.331555027373236,1673
beta,advw_top100,730,180,3.0,0.6,W,rank,50000000.0,fund90,0.8323052094169886,0.22237997035032284,0.2671856043122631,-0.2967933068554534,17.562279176217846,0.13431503173277562,1.4733398311305284,1673
beta,sqrt_advw,730,180,3.0,0.8,W,rank,20000000.0,fund63,0.8322575755431306,0.22618642052868096,0.2717745409299181,-0.35106544254188154,18.578906059537594,0.5233439735473249,1.0826893727913076,1704
beta,eqw_top25,730,180,3.0,0.6,W,rank,50000000.0,none,0.8321755108071011,0.3131417785581848,0.376292950815722,-0.45806838980148457,25.65848817128651,0.3772545075379397,1.3402107732387532,2021
beta,eqw_top100,365,180,3.0,0.6,M,q20,20000000.0,fund90,0.831711360365837,0.2799352137063635,0.3365773597023263,-0.3708429723037903,14.312270209477724,0.1297344597620191,1.4571149535958825,1673
beta,eqw_top100,730,180,3.0,0.4,W,rank,20000000.0,none,0.8310826123428262,0.3155973101006669,0.37974240516354496,-0.5073845665079971,21.017687075828984,0.3735216616844532,1.4438052604550495,2021
beta,eqw_top100,365,90,1.0,0.6,M,rank,20000000.0,fund63,0.8310754536667302,0.2049696811169454,0.2466318554020732,-0.4034156064252468,15.698728052635294,0.37104980580250846,1.2414855011622477,1704
beta,eqw,730,180,3.0,0.6,M,rank,20000000.0,fund90,0.830857527867205,0.19051920390888394,0.22930430009816843,-0.3629011491142522,12.094308582477435,0.3223762721995462,1.266801125501796,1673
beta,sqrt_advw,365,180,3.0,0.4,W,q20,20000000.0,fund63,0.8305989051352874,0.2794706764118979,0.33646887165879164,-0.6089116249551664,22.765379190889742,-0.23144717535112086,1.7140676383113735,1704
beta,btceth,730,180,3.0,0.6,M,rank,20000000.0,none,0.8303390033240143,0.24563551638469644,0.2958255789519316,-0.3735919574280452,14.982758807426224,0.5741165824290941,1.1789674408602535,2007
beta,advw,730,180,3.0,1.0,M,q20,50000000.0,fund63,0.8300972590895807,0.3292302020263894,0.3966164186440956,-0.6375125322364026,14.081322853370692,0.6995587204454476,0.9464061983074799,1704
idvol,advw,180,180,,,M,rank,5000000.0,fund90,0.8299876166943799,0.16053234652517664,0.19341535138142696,-0.3070492844328421,8.067701530642486,1.2573410824664089,0.5193565748284863,1673
beta,eqw,730,180,3.0,0.6,M,rank,20000000.0,fund63,0.8298919288304393,0.20111213226618507,0.24233532738366417,-0.3545287898446723,13.123204410011786,0.3333352836781636,1.2488428689544424,1704
beta,advw,365,180,3.0,0.6,M,q20,20000000.0,fund63,0.8297991447855677,0.26037660266244567,0.3137826837960056,-0.47546624865224973,14.517929288326682,0.29895274188706283,1.271175163212803,1704
beta,eqw_top100,180,90,1.0,0.8,M,q20,50000000.0,fund90,0.8296890378121623,0.35111233459556446,0.42318545695315624,-0.4871817615239482,17.421965629174988,0.7083926412872036,0.9508025287969544,1673
beta,eqw_top100,730,180,3.0,0.8,M,q20,5000000.0,fund63,0.8295447341276442,0.27031495471547495,0.32585940648485984,-0.49960951749929766,12.530248458835153,0.42301347151653856,1.1580652822856072,1704
beta,sqrt_advw,365,180,3.0,0.4,W,q20,20000000.0,fund90,0.8293648020804748,0.27035454153572913,0.32597783370784533,-0.5455195869256646,21.003786454276558,-0.30595341581381164,1.7734407708976505,1673
idvol,advw,90,90,,,W,q20,20000000.0,fund90,0.8291900714880737,0.27668412014863614,0.33367997237605085,-0.3789323551482629,24.584440628688668,0.9584832615423509,0.7644288470044338,1673
beta,eqw_top25,365,90,1.0,0.8,W,q20,50000000.0,fund90,0.8291464451217039,0.3633394450572397,0.4382090126478296,-0.5651390220647017,29.78355483026252,0.1373712261219657,1.5183027209239726,1673
beta,btc,730,180,3.0,0.6,M,q20,50000000.0,none,0.8289490454965732,0.3861463603588508,0.46582641292207994,-0.6424987803141335,20.297331597187753,0.5512772670462138,1.276433561490952,2007
beta,eqw_top100,365,90,1.0,0.4,M,q20,50000000.0,fund63,0.8286137728704467,0.34711876199808006,0.41891502816276727,-0.5620432089786753,17.56448393750144,0.3700735510178366,1.2234117339021167,1704
beta,btc,730,180,3.0,0.6,W,rank,5000000.0,fund63,0.8285905081063674,0.16726653369894307,0.20186875430326656,-0.28519612812238226,12.895506144190533,0.26222009886538966,1.3105921137050842,1704
beta,eqw,730,180,3.0,0.6,M,rank,50000000.0,none,0.828577890181404,0.3094122989082044,0.3734257244547805,-0.5623234146247995,17.615047332241552,0.7157385173395979,0.9789586752892161,2007
beta,eqw_top100,365,180,3.0,0.8,W,q20,50000000.0,fund90,0.8285687260004068,0.3615283251087248,0.43632871210800117,-0.5996869169710624,25.198216433689332,0.06690302211890928,1.5087099886112727,1673
beta,eqw,730,180,3.0,0.4,W,q20,5000000.0,none,0.8285306669710546,0.3763746536255423,0.45426761932843607,-0.7296377724606793,20.663395656336007,0.7192178194748718,1.0408500361882942,2021
beta,advw_top100,365,90,1.0,0.6,M,rank,20000000.0,fund63,0.8283311306876884,0.18877927397659375,0.2279031500601304,-0.36174472617026704,14.766079707246236,0.49323691706939,1.1274119115874435,1704
beta,advw_top100,365,180,3.0,0.6,M,q20,50000000.0,fund90,0.828215252699924,0.3142405017263249,0.3794188777638696,-0.4758895537395963,14.044102814482606,0.5448462676885232,1.0752402157974732,1673
beta,sqrt_advw,180,90,1.0,0.8,M,q20,50000000.0,none,0.8276852493059109,0.4186216753039176,0.5057739951931846,-0.5588048784743029,26.06781604108095,0.9021720153970539,0.7459538253965767,2007
beta,eqw_top25,730,180,3.0,0.6,W,q20,5000000.0,fund63,0.82716340348439,0.2441161472930991,0.295124453360449,-0.4234802293254993,18.735058509315163,0.07921394666985711,1.4532313208179624,1704
idvol,advw,180,180,,,M,q20,50000000.0,none,0.8270679407475937,0.36403632979226036,0.44015287240272527,-0.8269603453877434,20.24240721578824,0.47998532789648407,1.223702924785127,2006
beta,eqw,730,180,3.0,0.4,W,rank,20000000.0,none,0.8269158860159086,0.3062298143726966,0.37032764704535515,-0.521296209821839,20.49943254519747,0.3773965860569155,1.460141104476493,2021
beta,advw,730,180,3.0,0.8,W,rank,20000000.0,fund90,0.8267925220012019,0.20487285137653133,0.247792337164164,-0.33620931731930404,16.50932790171118,0.4233220294892825,1.1609096648329018,1673
beta,eqw,180,90,1.0,0.4,M,q20,50000000.0,fund90,0.8266458448078019,0.3048765633586609,0.3688115839129945,-0.4408571894518558,16.536014871820246,0.42964109324653876,1.1905173664195985,1673
beta,eqw_top100,365,90,1.0,0.6,M,rank,20000000.0,fund90,0.8263818605682265,0.19565399792720695,0.2367597926129135,-0.40769348135218214,14.597567234682423,0.1312796573911014,1.483065661401818,1673
beta,eqw_top100,365,90,1.0,0.6,M,q20,50000000.0,fund63,0.8257577088643013,0.3441650183722234,0.4167869275426659,-0.5864792003821981,17.785031111065173,0.5482402063904794,1.0745362669766403,1704
beta,sqrt_advw,730,180,3.0,1.0,M,q20,50000000.0,fund63,0.8257346987186677,0.35984678567629835,0.43578983205464167,-0.5858629018348016,15.442506042040808,0.6995531243876412,0.9418481004864823,1704
beta,sqrt_advw,730,180,3.0,1.0,W,rank,20000000.0,none,0.8250541243299698,0.34570043591915633,0.4190033425987673,-0.7267246556177616,21.727637030131866,0.5883648551936912,1.1851488126952916,2021
beta,eqw_top25,730,180,3.0,0.8,W,rank,5000000.0,fund90,0.8250154551545693,0.1978252945223822,0.23978374379098025,-0.35751362992439006,13.858134915558708,0.5189363491423428,1.1202837655515672,1673
beta,eqw_top25,365,180,3.0,0.4,M,rank,50000000.0,fund63,0.824503409251047,0.2650179033811818,0.32142729842914264,-0.5407296964698269,14.664065084640571,-0.23026678174378418,1.7011179786795394,1704
beta,eqw_top100,730,180,3.0,0.6,M,rank,5000000.0,none,0.8243895092607724,0.24176761695069862,0.2932686724355468,-0.5633469123829272,11.198119401651232,0.2112173808917885,1.6127537521081896,2007
beta,eqw,365,90,1.0,0.6,W,q20,20000000.0,fund90,0.8241553206132503,0.25504114113084747,0.30945761648553394,-0.32820443064997706,24.42461417897333,-0.016046631787755807,1.5739204613905857,1673
beta,eqw_top100,365,180,3.0,0.6,M,rank,20000000.0,fund90,0.8240289552462016,0.1995332474799958,0.24214349048011263,-0.2600985853136944,12.74451491429256,0.21574663596070873,1.3256473647836078,1673
beta,advw_top100,730,180,3.0,0.6,W,q20,5000000.0,fund90,0.8239158370892983,0.20881789154947214,0.2534456580992263,-0.3996621944857938,15.828449293472785,0.2105106285969731,1.3311919525769573,1673
beta,eqw,365,90,1.0,0.8,W,q20,50000000.0,none,0.8235575497959414,0.40746763807673,0.494765227005315,-0.6712090476706112,38.667899863976196,0.34431926932250256,1.3846147608323962,2021
beta,sqrt_advw,180,90,1.0,0.6,M,q20,50000000.0,none,0.8234515073351486,0.3920932924699671,0.4761583274513131,-0.5421272086039641,25.65476083197879,0.8673722795704724,0.7789156275460252,2007
beta,eqw_top25,365,90,1.0,0.6,M,rank,20000000.0,fund63,0.8234108847201486,0.20987753385739544,0.2548879760421508,-0.4244280281560183,16.39969643085494,0.3692047716745571,1.2329951383652396,1704
beta,sqrt_advw,365,180,3.0,0.4,M,rank,50000000.0,fund90,0.8232969730859924,0.23888106061870207,0.2901517537751851,-0.4739618340303377,12.849994935510106,-0.131078713274942,1.6241203274326543,1673
idvol,advw,180,180,,,W,q20,5000000.0,fund90,0.8226869068330244,0.21250093582168197,0.2583011034413022,-0.3788063862351199,14.187642164017088,0.9910764118182592,0.7113914617648595,1673
beta,advw_top100,730,180,3.0,1.0,M,q20,50000000.0,fund63,0.8225245297238654,0.325687450160352,0.39596077489590553,-0.6417622644836503,14.054564598355107,0.6577523695809127,0.9687153530059817,1704
beta,eqw,730,180,3.0,0.8,M,rank,20000000.0,none,0.8222776201957946,0.2742042597188602,0.33346919943360326,-0.6371717584105465,15.77432983907617,0.5067003573444607,1.23312487980638,2007
beta,advw,730,180,3.0,0.8,M,q20,5000000.0,fund90,0.8222414470149348,0.23169761267729194,0.28178780517382923,-0.4808115376238615,10.258691052552665,0.46407391785265756,1.1312940264126436,1673
beta,eqw_top100,180,90,1.0,0.6,M,q20,50000000.0,none,0.8218212119357419,0.4050382326248789,0.4928544393139232,-0.5848172284616018,26.546005015937602,0.7881111999209861,0.8625079863071119,2007
beta,eqw_top100,730,180,3.0,1.0,W,q20,20000000.0,fund90,0.8217234612523941,0.32769873784396236,0.3987944281699277,-0.6938585014072479,24.63395636886461,0.7011998185203582,0.9309345230166717,1673
idvol,advw,180,180,,,W,q20,20000000.0,fund90,0.8216802467266155,0.27186916835991193,0.33086978717448295,-0.44623305782059836,20.53946398898332,0.8707521629542339,0.8127004970333809,1673
beta,advw_top100,365,180,3.0,0.4,M,rank,5000000.0,fund63,0.8216378903618538,0.15830961884848477,0.1926756551828012,-0.31542525231583585,9.28872297987126,-0.3103814906293298,1.679616951405026,1704
beta,eqw,365,180,3.0,0.4,W,q20,20000000.0,fund63,0.8215009194175411,0.27021308452910636,0.3289260889941453,-0.5951549865846437,22.99271898394145,-0.3360752045472727,1.7597312913442746,1704
beta,btc,730,180,3.0,0.8,M,q20,20000000.0,fund63,0.8211086749447318,0.2604875682380882,0.3172388457053159,-0.3208265239554087,13.941391805945715,0.6430232522787919,0.9873909649415,1704
beta,sqrt_advw,730,180,3.0,0.4,W,rank,50000000.0,fund63,0.8210288353847391,0.25403898273485953,0.3094154209770419,-0.4522626695324952,19.41574378178848,-0.005621554366841352,1.5691269417891511,1704
beta,advw,365,180,3.0,0.4,M,rank,5000000.0,fund63,0.8207288471419266,0.15723563211365574,0.19158048685775678,-0.31712249518844116,9.25179310787405,-0.30960502397608486,1.686829666753603,1704
idvol,advw,180,180,,,W,rank,50000000.0,none,0.8204408790389075,0.2901780877450757,0.3536855551188529,-0.6250233095816413,21.763977428116686,0.3020226538748873,1.4350240479230403,2021
totvol,advw,90,90,,,W,q20,50000000.0,fund90,0.8201134352840762,0.3259710122413771,0.3974706403004666,-0.35307810165470954,24.30975348897983,0.3595630776607609,1.2275132554356427,1673
beta,advw_top100,365,90,1.0,0.6,W,q20,20000000.0,fund90,0.8199013294988583,0.24848962364207555,0.3030725950816031,-0.3741886368971401,23.854761562082228,-0.08970380206113789,1.6793338654729333,1673
beta,eqw_top100,730,180,3.0,0.4,M,rank,20000000.0,none,0.8185289542256905,0.2625613045338138,0.3207721647210278,-0.49165417343137935,15.96686410528837,0.3408151362463404,1.3368515347687122,2007
beta,advw,730,180,3.0,0.8,W,rank,20000000.0,fund63,0.818139069318362,0.21262699498990867,0.2598910172656346,-0.3275949066517314,17.867169163135095,0.4924285780971474,1.0770913172779844,1704
beta,eqw_top25,365,90,1.0,1.0,M,q20,50000000.0,fund63,0.8180768904217554,0.4521548673611507,0.5527046083993945,-0.6964873822476787,20.3946030732791,0.9457999902522333,0.6964822479658855,1704
beta,sqrt_advw,365,180,3.0,0.6,M,rank,20000000.0,fund63,0.8178469318288376,0.19570620959884855,0.23929442293219574,-0.28596457900789185,13.255095368391222,0.31321176341472656,1.2254306971132516,1704
beta,advw_top100,365,90,1.0,0.6,M,q20,20000000.0,fund90,0.8178300560903734,0.24156181530569007,0.29536920721705107,-0.3784114266981092,14.875202008689644,0.13003595335151533,1.4909613300023072,1673
beta,advw_top100,730,180,3.0,0.8,W,rank,20000000.0,fund90,0.8177267737471204,0.20421041982599816,0.24972940397956153,-0.34040124911090386,16.59866609923591,0.41171299266205763,1.1539974502002386,1673
beta,advw,365,90,1.0,0.6,M,q20,50000000.0,fund63,0.8175670430138211,0.3039965536041669,0.3718307338851815,-0.44043433141163746,16.509141516437065,0.5160826426039152,1.0905049606173172,1704
beta,btceth,730,180,3.0,0.6,W,q20,20000000.0,fund63,0.8175100956073281,0.3064672949418296,0.37487891169607523,-0.5120011402456816,22.816045718634257,0.41542129702896724,1.0959138713990633,1704
beta,eqw,365,180,3.0,0.6,M,rank,20000000.0,fund90,0.8174157265461118,0.18488576436686233,0.22618327292046855,-0.2336627435887959,12.069227900746528,0.18311894328572523,1.331209682509991,1673
beta,eqw_top25,365,90,1.0,0.4,M,q20,50000000.0,none,0.8172708073466595,0.4182850146572315,0.5118071157040712,-0.6280233383901639,26.074931630433177,0.5978893728204947,1.0475656176013668,2007
beta,btc,365,90,1.0,0.6,M,q20,50000000.0,none,0.8171905836733506,0.404349778397051,0.49480474503200916,-0.6012591202896473,23.619194724008995,0.876743077136879,0.7700266599789622,2007
beta,eqw_top25,365,180,3.0,0.4,M,rank,5000000.0,fund63,0.8170227828952751,0.17268206740038045,0.21135526574723998,-0.33977843372632954,9.903086219341652,-0.2841050231052545,1.682546487816402,1704
beta,eqw_top100,180,90,1.0,0.8,M,q20,50000000.0,none,0.8167898779191686,0.4347210761482205,0.5322312235990287,-0.6508387864367053,27.347774872906882,0.8190083331133535,0.818390330004217,2007
beta,advw_top100,365,180,3.0,0.4,M,rank,50000000.0,fund90,0.8164597231829221,0.22946197300750915,0.28104506136930374,-0.44740204318825433,12.61264486939287,-0.15566780562269458,1.6285988117511216,1673
beta,sqrt_advw,730,180,3.0,0.8,W,rank,50000000.0,none,0.8155164623253088,0.303066345221004,0.3716250489375296,-0.4453648060673183,24.65994427220367,0.39881771087458684,1.3178526077719273,2021
beta,eqw,365,90,1.0,0.4,M,q20,50000000.0,fund63,0.8155056206378569,0.3291038167289859,0.40355799935698006,-0.5308372604437497,17.21012137918062,0.2794193564615294,1.270074660830885,1704
beta,advw_top100,365,90,1.0,0.6,M,q20,50000000.0,none,0.8152753716428677,0.373849940227964,0.45855664629561427,-0.5589506875238581,24.254949346780432,0.6641871233262071,1.0012065244201342,2007
beta,advw,365,180,3.0,0.6,M,rank,50000000.0,fund90,0.8147427163805522,0.21825721704794876,0.26788483365343096,-0.3848352641036602,12.420105791917855,-0.04837409040460532,1.5620959770716858,1673
beta,sqrt_advw,365,90,1.0,0.6,M,rank,20000000.0,fund63,0.8141902675488853,0.19189734743672746,0.2356910357261248,-0.3852639017741752,15.08646199595413,0.4519111868804242,1.134389754666134,1704
beta,advw_top100,365,90,1.0,0.6,M,rank,20000000.0,fund90,0.8140474158565678,0.1780004068360998,0.21866098137391887,-0.36425812414866426,13.707394881042633,0.17511672385892021,1.4456778267237773,1673
beta,eqw,730,180,3.0,0.8,W,rank,20000000.0,none,0.8137165766062061,0.322424689263602,0.39623709106228233,-0.6886674593322348,20.922879918413734,0.48964053191411716,1.3451172982652861,2021
beta,eqw,365,90,1.0,0.4,W,rank,50000000.0,fund90,0.8136866891246729,0.2384592794264495,0.29306031745827515,-0.3252441889391256,20.72181028076347,-0.1449198599288669,1.686540022802176,1673
beta,advw_top100,365,180,3.0,0.6,M,q20,50000000.0,none,0.8135879326948986,0.380883206095045,0.46815247718021274,-0.6226931038411636,22.425455056209394,0.5820932532319711,1.04873544935219,2007
totvol,advw,90,90,,,M,q20,5000000.0,fund63,0.8131337116639517,0.2355523054158478,0.28968458943096403,-0.2982339403878405,12.903401781586053,0.7769851941774142,0.8577458842868522,1704
beta,sqrt_advw,365,90,1.0,0.8,M,q20,20000000.0,fund63,0.8129098551115451,0.2907288884726959,0.35763976367687517,-0.4070321719290966,16.605408209109395,0.6333297969088103,0.9723838379541306,1704
beta,sqrt_advw,365,180,3.0,0.8,W,q20,50000000.0,fund90,0.8124736212824138,0.33493806970344936,0.4122448543926643,-0.574643169066435,24.277968525271884,0.03699197631996992,1.4780565642024905,1673
beta,eqw_top25,365,90,1.0,0.6,M,rank,20000000.0,fund90,0.8123835621412211,0.1993321903114878,0.2453670896369476,-0.42950786843139027,15.269686656226213,0.09646026012761132,1.5028828353055979,1673
beta,sqrt_advw,365,180,3.0,0.4,W,q20,50000000.0,fund90,0.8123191827681248,0.333445343198388,0.4104856197807769,-0.591171349921655,23.083040692191688,-0.22636095991149496,1.7393988857090312,1673
beta,eqw,365,90,1.0,0.8,M,q20,50000000.0,none,0.8120955714138357,0.433528263398658,0.533838970016666,-0.6040185788754306,25.38668144376307,0.6572489343414226,1.0061144467215304,2007
beta,eqw,365,180,3.0,0.4,M,rank,50000000.0,fund90,0.8113472507733426,0.2333705806458597,0.2876334151911164,-0.49959692623675067,12.784276228332052,-0.2137774588141362,1.665501921065392,1673
beta,btceth,730,180,3.0,0.4,M,rank,20000000.0,fund63,0.8111007628799201,0.18594437946760384,0.22924942001951001,-0.22646773785347774,12.910877746903207,0.057396173081124297,1.394030308149062,1704
beta,advw,730,180,3.0,0.8,W,rank,5000000.0,fund63,0.8106684098217068,0.1767039404635187,0.21797314206727483,-0.3139702610369276,13.18309953027501,0.4472433771169033,1.1202206298484845,1704
beta,advw_top100,730,180,3.0,0.8,W,rank,5000000.0,fund63,0.8105692270935015,0.1781082349952806,0.21973229311200496,-0.3125702584026377,13.252774298000134,0.44966439401281855,1.1174108799155302,1704
beta,eqw,730,180,3.0,1.0,M,q20,50000000.0,fund63,0.8102258245870751,0.3548871002184732,0.4380101071196273,-0.6212435965376333,15.269488516913693,0.7228622366734084,0.8899720951234014,1704
totvol,advw,180,180,,,W,rank,50000000.0,none,0.8102154212180663,0.29369044108941333,0.3624843879765745,-0.5952831735033355,20.90716267736423,0.2927078899053815,1.3822556950544262,2021
beta,btceth,730,180,3.0,0.6,M,q20,50000000.0,fund90,0.8098249359638066,0.2640494249037401,0.32605741460589105,-0.5071342318858622,13.091062497677047,0.022203998794284086,1.5582655032765553,1673
beta,advw,365,90,1.0,0.6,W,q20,50000000.0,fund63,0.8096163462513585,0.29865353306911263,0.3688827855958219,-0.4408685429038252,27.01312858559094,0.22757950686887005,1.3423573206249377,1704
beta,advw,365,180,3.0,0.8,M,q20,50000000.0,fund90,0.8093351300780275,0.3127879720209929,0.38647521946914276,-0.5368097769683882,13.986177148066234,0.6082990454479966,0.989794019476059,1673
beta,advw_top100,730,180,3.0,0.8,W,rank,20000000.0,fund63,0.8091063733050069,0.2118084537321168,0.26178072589754753,-0.3295194654325636,17.95809890041915,0.4801094266388991,1.0700055379207931,1704
beta,advw,180,90,1.0,0.6,M,q20,50000000.0,fund90,0.8087312065416319,0.28881181775493475,0.3571171922374276,-0.5069878011839025,15.433209449048231,0.19676771524796896,1.3883071251399017,1673
beta,eqw_top25,365,90,1.0,0.4,W,q20,50000000.0,fund63,0.8085007127618445,0.3459689771559888,0.42791425127401084,-0.7375474204299537,29.205031173182554,-0.04177876966634894,1.5862635505546794,1704
beta,eqw_top25,730,180,3.0,0.4,W,rank,5000000.0,none,0.808173069884838,0.26026177029073116,0.3220371724682902,-0.45058902451303595,15.917067331492593,0.4336624728348788,1.2950712545364278,2021
beta,eqw,730,180,3.0,1.0,M,q20,20000000.0,fund63,0.8074433435534858,0.3103458418263734,0.38435618338318217,-0.579994174304612,14.765049134265157,1.0565613291705627,0.5968185879780987,1704
beta,eqw,730,180,3.0,0.6,W,rank,50000000.0,fund63,0.8072423203794805,0.23740607877282077,0.2940951840349715,-0.37450497874596794,19.328990470798665,0.14264503356330838,1.4071776550850448,1704
beta,advw,730,180,3.0,1.0,M,rank,20000000.0,none,0.8068743614411016,0.27226986172199774,0.3374377409089014,-0.5152389981931721,15.348794214888024,0.5966661956571849,1.0784475613475304,2007
beta,advw_top100,730,180,3.0,1.0,M,rank,20000000.0,none,0.8068076632728937,0.27220652888846625,0.3373871385705907,-0.5098079020889339,15.430447312329251,0.6211893997808254,1.046778183202805,2007
beta,sqrt_advw,730,180,3.0,0.4,W,rank,50000000.0,none,0.8066787066672756,0.29883449020270136,0.3704504503872559,-0.528920939402219,24.03388121288168,0.3203525882258056,1.3400987453494493,2021
beta,eqw,730,180,3.0,1.0,W,rank,50000000.0,none,0.8065573923200511,0.34364254478313566,0.4260608706277586,-0.5962781581353342,25.28624311402499,0.5416911003085605,1.1482388883470698,2021
beta,eqw_top25,365,180,3.0,0.6,M,rank,50000000.0,fund63,0.8060811845219971,0.255010209830917,0.31635797327552934,-0.4864270519807571,15.06131228899756,-0.10935300096674315,1.5927821498536578,1704
beta,sqrt_advw,365,90,1.0,0.6,M,rank,20000000.0,fund90,0.8056879431290762,0.18226048901905365,0.22621722290047272,-0.38903064960367156,14.038862455599752,0.17476799124187603,1.3979203613680349,1673
beta,eqw,365,90,1.0,0.6,M,q20,50000000.0,fund63,0.8053936153085022,0.32073885149597825,0.39823863189320263,-0.5452202535662136,17.213103254303352,0.445119280033486,1.1178536038923739,1704
beta,advw,365,90,1.0,0.6,M,rank,20000000.0,fund63,0.8051501083430419,0.18298765019160357,0.22727147186030047,-0.36899597876092,14.701944461239679,0.4902296966655622,1.085524526921196,1704
beta,sqrt_advw,730,180,3.0,0.6,W,q20,5000000.0,fund63,0.8050445487191117,0.21979390737323865,0.2730208008028224,-0.4145743600098478,17.222383176699093,0.08877237138595846,1.389821226848949,1704
beta,eqw_top25,365,180,3.0,0.4,M,q20,5000000.0,fund90,0.8049751132588908,0.21292665711838765,0.26451334160675793,-0.42354415311095917,11.32377252904652,-0.13155633587977708,1.5403308839869094,1673
beta,eqw,730,180,3.0,0.8,M,rank,50000000.0,none,0.8049527316085161,0.31583164484455606,0.3923604858305628,-0.5114336608592854,17.94074035575496,0.7319805295413612,0.9161122688428827,2007
idvol,advw,180,180,,,M,q20,5000000.0,fund90,0.8046213256712669,0.20878030442512988,0.2594764739188983,-0.32592558510121367,9.666758960471869,1.0468028400863167,0.6434908767735604,1673
beta,advw_top100,730,180,3.0,1.0,W,q20,20000000.0,fund63,0.8045699463587257,0.28554122544759636,0.35489919396055203,-0.693573043424988,23.684557217022704,0.8805852897574875,0.7478595423713001,1704
beta,advw,180,90,1.0,0.6,M,q20,50000000.0,fund63,0.8044576428370214,0.2932651209903668,0.3645501085130229,-0.49363458779789726,16.568639983347634,0.29238254825669896,1.2840680639592665,1704
beta,eqw_top100,730,180,3.0,0.4,W,rank,50000000.0,fund63,0.8044556138506141,0.25933400793678724,0.3223720531894318,-0.4772000639584333,19.85685986552652,-0.04350175604645207,1.5782541172122337,1704
beta,eqw_top25,730,180,3.0,0.4,W,rank,50000000.0,fund63,0.8044171113646572,0.2626901265025951,0.32655959550257846,-0.48319499343189665,20.321948935416156,-0.047738535592953615,1.5964054340010927,1704
beta,advw_top100,365,180,3.0,0.8,M,q20,50000000.0,fund63,0.8043627641838841,0.32357079764921737,0.40226973706013863,-0.5170956794201994,15.340042390879887,0.5878553080671126,0.9890163303161195,1704
beta,eqw_top25,730,180,3.0,0.8,W,rank,50000000.0,fund90,0.8041810138532509,0.25274717608671127,0.31429139924066046,-0.2940497056983997,20.04798183948678,0.22784652908459324,1.3735766161210532,1673
beta,eqw_top25,365,90,1.0,0.6,W,q20,50000000.0,fund63,0.8040900048936916,0.3394409270503099,0.42214295039668753,-0.6149341653939772,30.165232965491295,0.13473705118733417,1.4319864974060488,1704
beta,eqw_top100,365,90,1.0,0.4,W,q20,50000000.0,fund90,0.8036101044211068,0.3251839392278141,0.40465387062556335,-0.5095708081831295,26.001749107456455,-0.0797066758426424,1.6210200498797933,1673
beta,btceth,730,180,3.0,0.4,M,rank,20000000.0,fund90,0.8034156638403462,0.17543673710551422,0.21836360056377588,-0.24473914673802616,11.870423075577412,0.032073409818558295,1.4144823095218184,1673
beta,advw_top100,365,90,1.0,0.4,W,q20,50000000.0,fund90,0.8032871062727492,0.2979785884035888,0.3709490493208697,-0.4903695218889573,25.79834448073383,-0.04486397943604663,1.5814410340768636,1673
beta,btc,730,180,3.0,0.4,M,q20,50000000.0,fund90,0.8032176950579613,0.27418427903212866,0.3413573688915595,-0.5113073057805507,13.288430040930184,0.03876983633376412,1.562226961004089,1673
beta,eqw_top100,365,180,3.0,0.4,M,rank,50000000.0,fund90,0.8030248283755732,0.24269715381021056,0.3022287048099857,-0.49556899258219134,13.096447817250613,-0.12112230963003848,1.5916630693966847,1673
beta,eqw,730,180,3.0,0.4,M,rank,50000000.0,none,0.8028929366220074,0.3027779776085145,0.37710878225232014,-0.6698931106626385,17.427131997918593,0.6671891988252597,0.9644657434271825,2007
beta,eqw_top100,730,180,3.0,1.0,W,rank,20000000.0,none,0.8028445091136155,0.368637383552953,0.4591641088259405,-0.8037485009003469,22.900307963573344,0.5349262366782681,1.2126133349979926,2021
beta,eqw,730,180,3.0,0.4,W,q20,5000000.0,fund63,0.8024961993619892,0.21748248251393892,0.27100749223092224,-0.40557149602675596,16.899393555652278,-0.06749075817124493,1.5067441094919407,1704
beta,sqrt_advw,730,180,3.0,0.4,W,q20,5000000.0,fund90,0.8023451325929783,0.20923639836777105,0.2607810403131274,-0.39761562708816334,15.682021016466614,-0.0025904912851115987,1.4230818553219768,1673
beta,eqw,365,90,1.0,0.4,M,q20,50000000.0,none,0.8018861051655813,0.394439898291213,0.491890177109086,-0.5733359167828007,24.906614722888015,0.6285925920913282,0.9885434420417075,2007
beta,eqw_top100,730,180,3.0,0.8,M,rank,5000000.0,none,0.8016917533944953,0.25736835157201515,0.3210315566828211,-0.6575519440966486,11.487409278919765,0.2817470459281741,1.4861443940583683,2007
beta,sqrt_advw,365,180,3.0,0.6,W,q20,20000000.0,fund63,0.8015793973529134,0.2641145437797663,0.32949267989167624,-0.49203704604168186,23.039545041314835,-0.08550884979845944,1.552988528818804,1704
beta,eqw_top100,365,180,3.0,0.4,W,q20,50000000.0,fund90,0.8012281172639489,0.3390246447970952,0.4231312375242195,-0.635831558636837,23.282435577353986,-0.21583361292605666,1.7329479337732316,1673
beta,eqw_top100,730,180,3.0,0.8,W,rank,5000000.0,fund63,0.8010360627253537,0.19284241355637743,0.24074123816632223,-0.35597410636148,14.454426997690108,0.3747433249857484,1.171566963597612,1704
beta,btc,730,180,3.0,0.8,W,rank,20000000.0,none,0.8005371921290905,0.2772787636023887,0.34636587322688206,-0.5405434985561258,19.663876558428367,0.6352157336262511,1.057108204609982,2021
beta,eqw,730,180,3.0,1.0,W,q20,5000000.0,none,0.8001616439729747,0.444419294939521,0.5554118949427311,-1.0764933577569793,22.11959860149336,0.8265599900869454,0.8146278083962941,2021
beta,eqw,365,180,3.0,0.4,W,rank,50000000.0,fund90,0.8000853250880005,0.23595427436695698,0.2949113887834458,-0.46011600420362175,17.86603481062603,-0.07171183749756731,1.562478785087232,1673
beta,advw,730,180,3.0,0.4,W,rank,50000000.0,fund63,0.7995995358978798,0.23548838392226693,0.29450790470736604,-0.42483156520926224,19.189294695761436,-0.02930248195292498,1.544521057619323,1704
beta,advw_top100,365,180,3.0,0.6,M,rank,20000000.0,fund63,0.7993458447436144,0.1885471580511341,0.23587682264315704,-0.27261445863405287,13.012160615755079,0.38102478745950463,1.1287875845224589,1704
beta,eqw_top25,365,90,1.0,0.6,M,q20,20000000.0,none,0.7993090861500332,0.3305804726490098,0.41358277839839125,-0.5665807394716055,23.63144321087818,0.4431171252401718,1.1983376697688057,2007
beta,advw,730,180,3.0,0.8,W,q20,50000000.0,fund90,0.7991524195467002,0.284912580054293,0.35651844765220464,-0.44574480835461894,21.882757822714634,0.479839137470041,1.0813426737403646,1673
beta,eqw_top100,730,180,3.0,1.0,W,rank,50000000.0,none,0.7986420626275067,0.3579639625092991,0.4482157643082424,-0.5987110568816478,27.002685896744623,0.4649723311806401,1.2095116036018145,2021
beta,eqw_top100,365,180,3.0,0.6,W,q20,50000000.0,fund63,0.7985781586464681,0.33970184778148776,0.42538334426433305,-0.6081032530611364,26.024571288555894,-0.15586977506390748,1.6401611214652527,1704
beta,eqw_top25,730,180,3.0,0.8,M,rank,20000000.0,fund90,0.7985617835667221,0.21417287711479843,0.26819825531621333,-0.4288436458124521,13.774869635091914,0.40450828185240933,1.1821077976024146,1673
beta,sqrt_advw,365,180,3.0,0.6,M,rank,20000000.0,fund90,0.7983303789560005,0.18313157317819911,0.22939321614904032,-0.23753585874476135,12.226846213403572,0.21658234889664976,1.2728543194775976,1673
beta,eqw_top25,180,90,1.0,0.4,M,q20,20000000.0,fund63,0.7983086420281328,0.27291421042221375,0.34186553427364264,-0.5216869108209325,17.339315244269024,0.02726426337918478,1.5021910175481439,1704
beta,advw,365,180,3.0,0.4,M,rank,50000000.0,fund63,0.7982880031842705,0.2322529293831198,0.29093876953767567,-0.5013628094335246,13.721883759352203,-0.22729392268366305,1.6340788770320855,1704
beta,advw_top100,365,180,3.0,0.4,M,q20,50000000.0,none,0.7982773564818316,0.380063237141283,0.4761042437885221,-0.6087236624566756,22.502252492856975,0.5578571982646466,1.030350134906102,2007
beta,eqw,365,180,3.0,0.6,W,q20,20000000.0,fund90,0.7981333766036879,0.24741724353420602,0.3099948589884128,-0.4358668126849477,21.53046842806063,-0.3378334767160998,1.7467084636118635,1673
beta,advw,365,180,3.0,0.6,M,rank,20000000.0,fund63,0.798104439182452,0.18706445076735534,0.23438592943923112,-0.27098341001301984,12.922865431348477,0.3802462706357927,1.1270059711378366,1704
beta,sqrt_advw,180,90,1.0,0.4,M,q20,20000000.0,fund90,0.7973591830430926,0.2399350344374975,0.3009121103011494,-0.4285493095366756,15.621036955701932,-0.16742559378384592,1.6842271815166119,1673
beta,btc,730,180,3.0,0.6,W,rank,5000000.0,fund90,0.7972681903879237,0.1532379535651853,0.19220377209659506,-0.3058006713134193,11.73153679925166,0.20505522540758012,1.3690117937609827,1673
beta,sqrt_advw,730,180,3.0,1.0,M,rank,5000000.0,none,0.7971030674582406,0.27426887851982173,0.34408207635481264,-0.5843635167358707,11.162238217108621,0.4793173707257084,1.2164295711118187,2007
beta,eqw_top25,730,180,3.0,1.0,W,rank,50000000.0,none,0.7968610162414129,0.34901047572718985,0.43798161613349074,-0.5092755715565399,27.73786924293598,0.4349447542250446,1.216288574273507,2021
beta,eqw_top100,730,180,3.0,1.0,M,q20,50000000.0,fund63,0.7966257312501557,0.38226636556351457,0.4798569146939538,-0.6727717997123697,16.758309309717344,0.6579112420150601,0.9260183429646128,1704
beta,advw_top100,365,90,1.0,0.8,M,q20,50000000.0,none,0.7963850684325362,0.3833432561121328,0.48135414802118026,-0.560096707970108,24.27432606379984,0.6653663991926121,0.9669827951118182,2007
beta,advw_top100,365,180,3.0,0.8,M,q20,20000000.0,fund90,0.7962562199924215,0.2579024926143083,0.32389384991776005,-0.37732043557389305,13.639834400115351,0.38748260998937667,1.1677752518934617,1673
beta,sqrt_advw,365,90,1.0,0.6,W,q20,50000000.0,none,0.7962496647347406,0.36586852087933563,0.4594897016392711,-0.547138587793734,38.59127162972944,0.297505760084619,1.3527521854125406,2021
beta,advw_top100,730,180,3.0,1.0,M,q20,5000000.0,fund63,0.7960797340485599,0.272118511073004,0.34182318608854956,-0.5283452051671267,11.41888600373573,0.6128720063452279,0.947972213737867,1704
beta,advw_top100,730,180,3.0,0.8,W,q20,20000000.0,none,0.7959108776396195,0.41689741297287103,0.5237991145556852,-0.7470686201811654,28.951602825817503,0.6071416153699902,1.1919944373147613,2021
beta,advw_top100,730,180,3.0,0.6,W,q20,20000000.0,none,0.7958906580168604,0.40140005573160165,0.5043407052066419,-0.6308735594130701,28.644669773060215,0.564035826467908,1.252971296772898,2021
beta,eqw_top25,365,90,1.0,0.8,W,q20,20000000.0,fund90,0.7958283976946272,0.3064438642592886,0.3850627410972035,-0.42423717155389973,27.67577730967998,0.0034079266203555815,1.581919303648828,1673
beta,sqrt_advw,730,180,3.0,0.6,W,rank,5000000.0,none,0.7956932698756508,0.25030687690973824,0.31457709444853743,-0.5047489081172272,15.233019674210087,0.44462279520585435,1.30786459955666,2021
beta,eqw,730,180,3.0,0.8,M,q20,5000000.0,fund90,0.7955374195325023,0.23216477643284336,0.2918338857891499,-0.4504590528985473,10.673471992264433,0.464338332146926,1.0770968790209317,1673
beta,eqw_top25,365,90,1.0,1.0,M,q20,50000000.0,fund90,0.7954138444151648,0.4257669175007883,0.5352772276849634,-0.5691635649418094,19.17570017398422,0.741868179951022,0.8505246784735107,1673
beta,eqw,730,180,3.0,0.8,W,rank,20000000.0,fund63,0.7952621147383017,0.21301649373386214,0.2678569616056209,-0.36984952689044803,18.307983861731003,0.48922735066624207,1.0442101090397196,1704
totvol,advw,90,90,,,M,rank,20000000.0,fund63,0.7952211946761005,0.19606966195003547,0.2465599046689092,-0.3392764921832638,13.836909906663173,0.4577118775285742,1.0684635340917912,1704
beta,sqrt_advw,730,180,3.0,1.0,M,rank,20000000.0,none,0.7949496505298328,0.2899286025861699,0.36471316440347246,-0.5803667104412902,16.242398678267108,0.5513861579797501,1.1025611989945816,2007
beta,eqw_top25,180,90,1.0,0.4,M,q20,20000000.0,fund90,0.7947871362103612,0.265916169128301,0.33457533094486236,-0.4893042086249949,16.2106274947412,-0.039296446909054566,1.5533224349711956,1673
beta,advw_top100,365,90,1.0,0.4,M,q20,50000000.0,none,0.7947705649636458,0.3680677123812507,0.46311190752023723,-0.5814885467420846,24.521281070467882,0.6334053590898793,0.9756326586741482,2007
beta,eqw,180,90,1.0,0.6,M,q20,50000000.0,fund90,0.794644482981206,0.28510426992320864,0.3587821674085059,-0.4211065352232235,16.586112018968805,0.512543786800717,1.0635057435073643,1673
beta,sqrt_advw,365,90,1.0,0.8,W,q20,50000000.0,none,0.7945822779383044,0.3894179982261336,0.49009147200784914,-0.4996411879204474,39.58594665641041,0.34528017139892686,1.3131633684436916,2021
beta,btc,730,180,3.0,0.4,M,rank,20000000.0,none,0.7942601950528572,0.23063744485488336,0.2903802132996664,-0.3830483847650668,15.039815822792027,0.5732433584170623,1.0839200507746847,2007
beta,eqw,365,180,3.0,0.6,W,q20,20000000.0,fund63,0.7940976556449821,0.2566728472013446,0.3232257964454885,-0.4925213247377217,23.209196761065808,-0.17428236046732962,1.5923265325068783,1704
totvol,advw,180,180,,,W,rank,50000000.0,fund63,0.7940622850787146,0.2410837311786015,0.3036080868073253,-0.3628926213602943,16.812870658650837,0.42276873731352116,1.1109392454626812,1704
beta,btc,730,180,3.0,0.8,W,rank,50000000.0,none,0.7939277339922461,0.2654131141254054,0.33430387019078184,-0.4882254190407822,22.891177521145046,0.49253700736185846,1.2318696705867782,2021
beta,eqw_top25,730,180,3.0,0.4,W,rank,50000000.0,none,0.7935398734729062,0.30273296809151873,0.381496857576439,-0.52771798249115,24.98539109978102,0.32798423379738045,1.2867224814865188,2021
beta,sqrt_advw,730,180,3.0,0.6,W,rank,50000000.0,fund63,0.7928871496239406,0.2336594481754336,0.29469445719514586,-0.40723569873429755,19.529413197050385,0.0918357176604319,1.4335372051518234,1704
beta,btc,365,90,1.0,0.8,W,q20,50000000.0,none,0.792878197383074,0.3933054254406476,0.49604772427690375,-0.7599566155419597,37.406241991262384,0.7167843245424336,0.9478700176820583,2021
beta,btceth,730,180,3.0,0.6,W,q20,20000000.0,fund90,0.7923611901340375,0.2913287759142679,0.367671687535562,-0.4822762118945103,21.094270012964387,0.2979754606208724,1.1250295363876361,1673
beta,eqw_top25,730,180,3.0,0.8,M,rank,20000000.0,fund63,0.7921016568302688,0.22342815342190359,0.28207004933683616,-0.40765094244114986,14.96684435691935,0.427635151608474,1.1215771017059664,1704
beta,advw_top100,365,180,3.0,0.8,M,q20,50000000.0,none,0.7919931968023669,0.3844390751489227,0.48540704225879255,-0.6435535662463735,22.58585124556344,0.5813495979584711,1.0129773849887191,2007
beta,sqrt_advw,365,180,3.0,0.6,W,q20,20000000.0,fund90,0.7918385849725001,0.25183547693271413,0.3180389055446952,-0.43747185404492883,21.26162188035033,-0.21270009766611436,1.6641444703730708,1673
beta,eqw_top100,730,180,3.0,0.4,M,rank,5000000.0,none,0.7917864961058161,0.22823111610125196,0.2882483058548534,-0.4952612993955137,10.987459180588539,0.1210979857197174,1.6018374411506986,2007
beta,eqw,365,90,1.0,0.4,W,q20,50000000.0,none,0.7917814416000608,0.3658364495294377,0.462042213050791,-0.7044740795006575,37.27875971090218,0.2652289542424836,1.3482624461251753,2021
beta,eqw,365,90,1.0,0.8,M,q20,20000000.0,fund63,0.7915928287340811,0.28328128711665246,0.3578623717065213,-0.3931671405346231,16.322040939587406,0.5262551456973986,1.0194312166598143,1704
beta,sqrt_advw,365,180,3.0,0.6,W,q20,50000000.0,fund63,0.7915806407168954,0.32310368740451756,0.4081753276733733,-0.5517198114233229,25.418299320952382,-0.13837975334717437,1.5895299169448094,1704
beta,eqw_top100,365,180,3.0,0.8,W,q20,50000000.0,fund63,0.7915204963229806,0.3544144609852619,0.44776409787453286,-0.5861038446625206,27.277353084456948,0.024758603888259068,1.4474859577998678,1704
beta,eqw,730,180,3.0,0.8,W,rank,20000000.0,fund90,0.7914966693840879,0.2013772519267907,0.25442589933258297,-0.3731200729544334,16.895011067573012,0.41062953082748227,1.1078048991704534,1673
beta,eqw_top100,365,180,3.0,0.4,M,rank,5000000.0,fund63,0.791074553077017,0.16427318385249043,0.20765828355054822,-0.3678101134751107,9.66079627978145,-0.35567803082226845,1.7186960289465325,1704
beta,advw,365,90,1.0,0.6,M,rank,20000000.0,fund90,0.7910536424956178,0.17243318666529234,0.21797913239018749,-0.37166946018722546,13.649371666869689,0.1747122906325955,1.394536717012558,1673
beta,sqrt_advw,730,180,3.0,1.0,W,q20,20000000.0,fund90,0.7906176887638201,0.28505466631225074,0.3605467855872937,-0.7146382338728513,22.759491852344066,0.7826643564701964,0.8007075039811736,1673
beta,advw_top100,730,180,3.0,1.0,W,q20,50000000.0,fund90,0.7902113447530806,0.30084999890047703,0.3807209310497616,-0.4927751583193849,22.981844003528483,0.5901072365745246,0.9667603101162175,1673
beta,eqw_top25,730,180,3.0,0.8,M,q20,5000000.0,fund90,0.7900229043777742,0.2539952091123211,0.3215036016106,-0.5424791429154152,11.790082354176022,0.5151786026561979,1.0344284794998893,1673
beta,btc,730,180,3.0,0.8,M,q20,50000000.0,none,0.789945810351185,0.3837723145720296,0.4858210646138074,-0.6521538094600228,20.14994496311689,0.5189859422460917,1.2622031540462448,2007
beta,sqrt_advw,365,180,3.0,1.0,M,q20,20000000.0,fund63,0.789901010628527,0.32181140321402507,0.40740725595218397,-0.4152238108775217,15.306847201511472,0.6104085068265132,0.9437725294174119,1704
beta,sqrt_advw,730,180,3.0,0.8,W,rank,50000000.0,fund90,0.7898486666953507,0.2255544927873446,0.2855667196743427,-0.31268148415450797,18.32490618996791,0.20013546831724363,1.33747912948881,1673
beta,btceth,730,180,3.0,0.8,M,q20,5000000.0,fund90,0.7897139117296197,0.23046570136125008,0.2918344199565733,-0.3652132575931051,10.02932048040617,0.34047306168026215,1.1820057385000562,1673
beta,sqrt_advw,180,90,1.0,1.0,M,q20,50000000.0,none,0.7897076665023312,0.4506607111929951,0.5706677677184038,-0.6755848072261199,26.88109045074368,0.9067972167885593,0.654994099480038,2007
beta,eqw_top100,365,90,1.0,0.6,W,q20,50000000.0,fund90,0.789359018270317,0.31271983021063365,0.3961693259625778,-0.5558062316911478,26.665566700857013,0.03488839360784036,1.5056648589811694,1673
beta,eqw_top25,730,180,3.0,0.6,W,rank,50000000.0,fund63,0.789325071039333,0.2503495534837867,0.31716913939416913,-0.4518262230567275,20.893909003210158,0.06325356868053755,1.4794392788697404,1704
beta,sqrt_advw,365,90,1.0,0.8,M,q20,50000000.0,fund90,0.7892646803038834,0.32691798535213723,0.41420577090345273,-0.4724931542219033,16.258804590241663,0.5044871131368982,1.0584050719726203,1673
idvol,advw,180,180,,,M,rank,20000000.0,none,0.7890596694775946,0.2328505490005815,0.2950987840434712,-0.7055095582668501,15.092917905461444,0.23479062381780724,1.4003815889239388,2007
idvol,advw,180,180,,,W,q20,50000000.0,fund90,0.7889655019290857,0.28629695508184055,0.3628763924174389,-0.3244257787357179,22.334698699387346,0.7785249973169697,0.8023586713898885,1673
beta,advw,365,90,1.0,0.8,W,q20,50000000.0,fund90,0.788935013300957,0.29133980260392395,0.36928238409008957,-0.4807213612333874,25.649196275954843,0.12035809269203038,1.4424965349527548,1673
beta,eqw_top25,365,90,1.0,0.8,W,q20,20000000.0,fund63,0.7885947046939068,0.3141640000232256,0.3983846177932026,-0.4714038779435312,29.408544883078765,0.3020335354767523,1.2141521617916535,1704
beta,eqw_top100,365,90,1.0,0.8,M,q20,50000000.0,fund90,0.7885843496594223,0.3450524449172055,0.4375593366343479,-0.5128778238574232,17.101858658952256,0.5378477370987393,1.0258365862762937,1673
beta,sqrt_advw,365,90,1.0,0.4,W,rank,50000000.0,fund90,0.7872151225510843,0.23330464163431675,0.29636707292697745,-0.33906035108916,20.805513896563095,-0.18327002838076,1.6883389392440413,1673
beta,eqw,730,180,3.0,0.8,M,rank,5000000.0,fund90,0.7871810601635195,0.16675494110961422,0.21183810123045207,-0.31322645253426945,8.531164831736472,0.41548074238691657,1.129057153859164,1673
beta,advw,730,180,3.0,0.6,W,q20,50000000.0,fund63,0.7869835897121368,0.28754890242029507,0.365381065347849,-0.5267139019405098,23.482377833748448,0.30567513150867665,1.2081527310189153,1704
beta,sqrt_advw,730,180,3.0,0.8,M,q20,5000000.0,fund90,0.7868192152104775,0.2288247316935106,0.2908225006074604,-0.4555788639657329,10.884236245800711,0.46099170156404234,1.0640556508090178,1673
beta,btceth,730,180,3.0,0.8,M,rank,20000000.0,none,0.7866862022242146,0.24523793960487905,0.3117354021355816,-0.4414072112016821,14.816335732424125,0.5882691069637078,1.0772783677967859,2007
beta,advw_top100,730,180,3.0,0.8,W,rank,5000000.0,fund90,0.7863524705742013,0.1646125400784835,0.20933683842600762,-0.32281960494836087,12.109562012211617,0.4920548743443522,1.0604235532712705,1673
beta,advw,730,180,3.0,0.8,W,rank,5000000.0,fund90,0.7860882773497021,0.16316627877638332,0.2075673731282429,-0.3235717894124781,12.040310205058521,0.49063152867992893,1.060103080513462,1673
totvol,advw,180,180,,,M,q20,20000000.0,none,0.7860151983761183,0.31589681090801136,0.40189656836234694,-1.021501633125589,17.23660202903926,0.1029467386889014,1.5557290471039253,2007
idvol,advw,90,90,,,M,q20,50000000.0,fund63,0.7852657138599509,0.2924109856665598,0.37237202708013567,-0.35968337398069306,18.068704411335023,0.6990529277128275,0.8644242606288821,1704
beta,eqw_top25,180,90,1.0,1.0,M,q20,50000000.0,fund63,0.7852167659728055,0.4043268329750563,0.5149238407742548,-0.6815689939936229,19.955554879008368,0.9033462399255947,0.6571470709486952,1704
beta,eqw_top100,365,180,3.0,0.8,M,q20,20000000.0,fund63,0.7846850888987489,0.2974920707376019,0.379122879925132,-0.40490903535217093,15.87637429126317,0.41388728822091764,1.106544433905485,1704
beta,sqrt_advw,180,90,1.0,0.4,M,q20,20000000.0,fund63,0.7846039643704005,0.24133119890680182,0.30758345594194925,-0.4594473524969269,16.654036333268028,-0.06590269052521536,1.5685509663159807,1704
beta,advw,730,180,3.0,0.6,W,q20,20000000.0,none,0.7845542355461604,0.39649801746826213,0.5053799973334457,-0.6342599091670615,28.546734314886386,0.5866302642144583,1.1865964670231703,2021
beta,eqw_top25,730,180,3.0,1.0,M,rank,5000000.0,fund63,0.7844976286378738,0.2412778405590763,0.3075571317889232,-0.4039638822651815,11.001993610185156,0.5671595046443564,0.9765919193116814,1704
beta,advw,730,180,3.0,0.8,W,q20,20000000.0,none,0.7841842595879162,0.41145865657806296,0.5246963982601255,-0.7098852528740837,28.842045539478207,0.6302891594267297,1.1213366984963413,2021
beta,advw,365,180,3.0,0.4,M,q20,5000000.0,fund63,0.7835317060638177,0.1952169404150313,0.24915002022793845,-0.47449637474632667,11.470458423854875,-0.37552033900313314,1.6596027641245124,1704
beta,btc,730,180,3.0,0.6,M,q20,5000000.0,fund63,0.7835115452054838,0.21777545873820195,0.2779479894978294,-0.36576679536522805,11.112275251720705,0.11175478522451136,1.31821331030701,1704
idvol,advw,180,180,,,W,rank,50000000.0,fund63,0.7835024594874882,0.22700658323492529,0.28973308313979884,-0.32500006115885494,17.469822038481006,0.708259658749738,0.8518353617052504,1704
beta,eqw,365,90,1.0,0.8,W,q20,50000000.0,fund90,0.7834557702410135,0.3096761924274203,0.3952695278919893,-0.4901211467966463,26.57128561675808,-0.02050576145708425,1.4885135938183864,1673
beta,eqw_top100,365,180,3.0,0.4,M,q20,5000000.0,fund63,0.7834444863346001,0.2128203479426445,0.27164700454826024,-0.5791474977606456,12.000718076802311,-0.434703671475396,1.7463941965969514,1704
beta,eqw_top100,730,180,3.0,0.8,W,rank,50000000.0,fund90,0.7834163436420318,0.23898602795347004,0.30505621933089316,-0.33887103788788925,19.324431414122778,0.18481401832199354,1.3464150593281137,1673
beta,advw,365,90,1.0,0.4,W,rank,50000000.0,fund90,0.7832920284958568,0.22266833649579676,0.2842724404120175,-0.3355443163687758,20.54405080793298,-0.22612618690613523,1.7364181580484317,1673
beta,sqrt_advw,730,180,3.0,0.8,W,rank,5000000.0,none,0.7832646566105282,0.2625691068137012,0.3352239943391975,-0.6271095582187735,15.393957361196566,0.49951263781465627,1.2125303186825362,2021
beta,sqrt_advw,365,180,3.0,0.4,M,q20,5000000.0,fund90,0.7830854866455422,0.19253780190415892,0.2458707321073232,-0.4291892483081855,10.892927231372779,-0.15343701557006642,1.53016649387881,1673
beta,eqw_top100,365,90,1.0,0.8,W,q20,20000000.0,fund63,0.7830200743338388,0.30184671227288457,0.38549038800784674,-0.4264025321743363,28.0991438712225,0.331855164425207,1.1771006491821574,1704
beta,advw_top100,730,180,3.0,0.4,W,rank,50000000.0,fund63,0.7829073286589127,0.23101836116414998,0.2950775305167659,-0.427348162396176,19.188704326765077,-0.04281113234549356,1.5244878367105021,1704
beta,advw,365,90,1.0,0.6,M,q20,50000000.0,none,0.7827919258738124,0.3600960152757698,0.460014984025037,-0.5702339117261194,24.27370153141729,0.6410489044145746,0.9557826267057371,2007
beta,advw,365,180,3.0,0.6,M,q20,20000000.0,fund90,0.7826020480602439,0.23803516677392128,0.30415863000092425,-0.42059667312909355,13.334411328140245,0.10895854572863814,1.3606726900918888,1673
beta,eqw_top100,730,180,3.0,0.6,M,rank,50000000.0,none,0.7824089272906285,0.3003213344468932,0.383841906670037,-0.60009581000331,18.19693298439836,0.5785851770082682,1.0342955093878181,2007
beta,eqw_top100,730,180,3.0,0.6,W,rank,50000000.0,fund63,0.7820108982329981,0.24278754077780812,0.310465674233443,-0.4355755404333411,20.28007687712819,0.05679171302898692,1.452687940181812,1704
beta,eqw,730,180,3.0,1.0,M,q20,20000000.0,fund90,0.7819093878197245,0.28677192189955075,0.36675850983089653,-0.5999884810652415,13.725541888895997,0.9646685559312894,0.6152249000088169,1673
beta,advw,730,180,3.0,0.4,W,q20,50000000.0,fund63,0.7818029985771802,0.30114421683950776,0.38519194399045087,-0.5104179713482677,23.488364602830806,0.14026689906130432,1.337876670046434,1704
totvol,advw,90,90,,,M,q20,5000000.0,fund90,0.7816252289712304,0.21410281742684772,0.27392004440369494,-0.34348890842030744,11.93838910634119,1.1033171286787478,0.5705186085915435,1673
beta,advw_top100,365,90,1.0,0.4,W,rank,50000000.0,fund90,0.7816012365924292,0.2226872039914056,0.2849115297747759,-0.33932353955046063,20.658754312761307,-0.20768578447805114,1.7183670088759564,1673
beta,sqrt_advw,365,180,3.0,0.6,M,rank,50000000.0,fund90,0.7815895932114395,0.2186791282599371,0.2797876662628221,-0.417421817134046,12.879706007630553,-0.06921360341705234,1.5095838234911259,1673
beta,eqw,365,180,3.0,1.0,M,q20,20000000.0,fund63,0.7811314493976259,0.3125215867085629,0.40008834230085816,-0.4182718380310646,15.108359998575109,0.5896948924029897,0.944514009073508,1704
idvol,advw,90,90,,,M,q20,5000000.0,fund63,0.780472877513725,0.21943933213537484,0.2811620217148621,-0.3049491679202314,13.447895109994366,1.024125001058375,0.625317352454174,1704
beta,eqw,365,180,3.0,1.0,W,q20,50000000.0,fund90,0.7801430104787671,0.35539379129600157,0.45554954222803246,-0.48130514113716977,25.465343748120592,0.30105992898554185,1.162447714900116,1673
beta,eqw_top100,730,180,3.0,0.8,M,rank,20000000.0,fund90,0.779691623891726,0.2027089383466372,0.25998604080782955,-0.40565424376280484,13.124775697767578,0.40251793418235676,1.1309505523524737,1673
beta,btceth,730,180,3.0,1.0,W,rank,20000000.0,none,0.7792964301181746,0.29498201439351135,0.3785235027302504,-0.6189582778604643,19.878360706742047,0.6688059224019745,0.9534562524699982,2021
idvol,advw,180,180,,,M,rank,20000000.0,fund63,0.778621506271327,0.18720193366831508,0.24042738629811317,-0.3534115845381579,12.583623799042176,0.831536049332595,0.7500747384647215,1704
idvol,advw,180,180,,,M,rank,20000000.0,fund90,0.7785572573223546,0.18042899079817476,0.23174787608905398,-0.3686072185367445,11.658004635822975,0.9907919995108064,0.6337232084937089,1673
beta,eqw_top25,365,90,1.0,0.4,M,q20,20000000.0,none,0.77822418348182,0.31168362597529853,0.4005062199182862,-0.5575880534707656,23.023543275715518,0.36476900222779746,1.2161083745371633,2007
beta,sqrt_advw,365,90,1.0,0.4,W,q20,50000000.0,fund63,0.7777100410584641,0.31233308253125436,0.4016060820124795,-0.607907371851859,27.937684815662397,-0.053518376519308804,1.53453502355394,1704
beta,btc,730,180,3.0,0.6,M,rank,20000000.0,none,0.7775206721260417,0.22986705971401228,0.29564109091204865,-0.4059465679418627,14.718949392718224,0.5902526223132704,1.0571102428874808,2007
beta,eqw,730,180,3.0,0.8,W,rank,50000000.0,fund90,0.7773729929148409,0.22186141059857034,0.28539891740601625,-0.3024863979431007,18.12027667892485,0.2150861049057823,1.2852868073152155,1673
beta,advw_top100,730,180,3.0,1.0,W,q20,20000000.0,none,0.7773426150711208,0.43540197377079987,0.5601159197105949,-0.8826600800220146,29.55182840272899,0.6334238250126685,1.0799393716057668,2021
beta,advw,730,180,3.0,0.6,W,rank,50000000.0,none,0.7772450598467961,0.2610114029283327,0.33581609766652104,-0.4227532608956075,23.80259283699718,0.326644802707721,1.287924404000628,2021
beta,eqw_top25,365,90,1.0,0.8,M,q20,20000000.0,none,0.7771888079993494,0.3602405284474462,0.46351739080595167,-0.6724935245998668,24.589212444989176,0.4991864748371504,1.0903998059408637,2007
totvol,advw,90,90,,,M,q20,50000000.0,none,0.7771268220720847,0.39261799850366297,0.5052174077029148,-0.913870454085598,23.349263076560412,0.8609013412964481,0.6846242354573298,2007
beta,btceth,730,180,3.0,0.6,W,q20,5000000.0,fund90,0.7770876200364072,0.20108580641476997,0.25876851107903237,-0.38674160703391314,15.733180693005442,0.23579483996390257,1.2531916312335598,1673
beta,eqw_top100,730,180,3.0,1.0,M,rank,20000000.0,none,0.7763636551254621,0.3080036043152023,0.39672594444858217,-0.7318664058772957,17.333327632503586,0.49499235018775506,1.1277755813445303,2007
beta,eqw_top25,365,90,1.0,0.8,W,q20,50000000.0,none,0.7760366710676959,0.3945473217359,0.5084132444322113,-0.6157420390839381,41.988928494792034,0.2749903579957036,1.3063370433944268,2021
beta,eqw,365,90,1.0,0.4,W,q20,50000000.0,fund63,0.7760020930492963,0.3073187172395288,0.3960282066146515,-0.5299986497276488,27.24137259448812,-0.08738715491084167,1.5384842787081965,1704
beta,eqw_top100,730,180,3.0,0.8,M,rank,20000000.0,fund63,0.7759879702815572,0.21284919069989006,0.27429444637222977,-0.3912103104594426,14.251888774770478,0.41166239687429823,1.0988304917617455,1704
beta,eqw_top100,180,90,1.0,0.4,M,q20,50000000.0,none,0.7758572369380431,0.38150955028584227,0.4917264828146574,-0.5651150992989185,26.113159703361696,0.7157124086427487,0.8403270038265819,2007
beta,btceth,365,90,1.0,0.6,M,q20,50000000.0,none,0.7757440730928861,0.35797683116319795,0.4614625410361781,-0.7165886637251242,24.0281319262054,0.7215030162325653,0.8696519091160327,2007
beta,eqw_top100,365,90,1.0,0.6,W,q20,50000000.0,none,0.7756631045510467,0.37179630148886045,0.47932704199467613,-0.5667906839837639,38.84868085783169,0.312961731372886,1.2881779617974305,2021
beta,sqrt_advw,180,90,1.0,0.8,M,q20,50000000.0,fund63,0.7754280945089457,0.30078592813776556,0.38789660868328973,-0.5372770346873628,17.815686492914057,0.7412982144157756,0.8088491311367306,1704
beta,eqw,365,90,1.0,0.6,M,rank,20000000.0,fund63,0.7753219510351542,0.18179793983885778,0.2344805788048877,-0.3794643354427403,14.915514977053366,0.4200255916397842,1.0830157146943606,1704
beta,advw_top100,365,180,3.0,0.4,M,rank,5000000.0,fund90,0.7753126011389909,0.14234369815979644,0.18359523365244307,-0.2513001296232234,8.460468697606846,-0.16823836009894572,1.498683184668938,1673
beta,btceth,365,90,1.0,0.4,M,q20,50000000.0,none,0.7734137017431165,0.3507884729511576,0.4535586480567283,-0.7085126064789089,24.44331635863249,0.6977273817122723,0.8758593654963311,2007
beta,sqrt_advw,365,180,3.0,0.4,M,rank,5000000.0,fund63,0.7731874101666895,0.15216989285737534,0.1968085497209136,-0.3588753269021937,9.452306257405557,-0.36311859137675406,1.6988266234275031,1704
beta,sqrt_advw,365,90,1.0,0.8,M,q20,50000000.0,fund63,0.7730113827524399,0.32924939645702866,0.42593085147683024,-0.5697681475926892,17.38570937320047,0.6889805803501986,0.8500297321194052,1704
beta,btceth,365,90,1.0,0.6,W,q20,50000000.0,none,0.7729736148786083,0.3314011909636766,0.42873545045353395,-0.7806154886002253,37.30055275446903,0.5054943536415623,1.0920827226277892,2021
beta,sqrt_advw,365,90,1.0,0.6,W,q20,50000000.0,fund63,0.7729352209721827,0.30101614488111317,0.38944550165860076,-0.5018312741933224,28.25829678886475,0.11758227369368394,1.3724218230371803,1704
beta,eqw_top25,365,180,3.0,0.4,M,rank,5000000.0,fund90,0.7725778983908785,0.15608585951263287,0.20203251974684716,-0.30303397232781126,9.031159997192923,-0.0825915219000973,1.4490329030643776,1673
beta,advw_top100,365,90,1.0,0.8,M,q20,50000000.0,fund90,0.7725567815023892,0.2897971054989675,0.3751143119026148,-0.44490676126725137,15.47741150498496,0.4205245984473036,1.1182574883083924,1673
beta,eqw_top25,365,180,3.0,0.8,M,rank,50000000.0,fund90,0.772103687121366,0.24979069580309593,0.32351962562747305,-0.38614789306710223,14.339605528035516,0.07565824861923641,1.4238232979706438,1673
beta,eqw_top100,365,90,1.0,0.8,W,q20,50000000.0,none,0.771996131790595,0.3991788297566523,0.5170736138674462,-0.6091223375209921,40.38576678568134,0.35103664480310454,1.2524464044231938,2021
beta,advw_top100,365,180,3.0,0.4,W,q20,20000000.0,fund63,0.7718325315138508,0.24747463769420938,0.32063255640290195,-0.6409905659197187,22.371422488905665,-0.1949373077467868,1.5265601388546377,1704
beta,advw_top100,730,180,3.0,1.0,M,rank,5000000.0,fund63,0.7716568586198265,0.19501460912748536,0.2527219280812011,-0.35774489806733006,9.18721660380248,0.5231024672737685,0.9818394044146277,1704
beta,eqw_top25,365,180,3.0,0.8,M,q20,20000000.0,none,0.7716430679585371,0.35952794774891345,0.46592519608850036,-0.756337587311365,20.726878150003277,0.4646213988802939,1.0958777047578223,2007
beta,advw_top100,730,180,3.0,0.4,W,q20,20000000.0,none,0.7715655547257748,0.38808608081298396,0.5029852336408605,-0.6381931973139989,28.60958856288292,0.5018592063598047,1.243938127976927,2021
beta,advw_top100,365,90,1.0,0.6,W,q20,50000000.0,fund90,0.7713727744663647,0.27613077034136574,0.35797318687115043,-0.41142376551536314,25.700267621470463,0.06169007688697485,1.4466744770896152,1673
beta,eqw,365,90,1.0,0.6,W,q20,50000000.0,fund63,0.771216502640897,0.2964364081767424,0.3843750842489072,-0.4496354860920517,27.550435752128223,0.07092564269089635,1.3884610155641535,1704
beta,advw,365,180,3.0,0.4,M,rank,5000000.0,fund90,0.7711990887446486,0.14072315571136862,0.18247318722904168,-0.25681519813820863,8.426630172365748,-0.1679462444610004,1.495541577846124,1673
beta,sqrt_advw,365,180,3.0,0.8,W,q20,50000000.0,fund63,0.7709834491583283,0.32616806312962227,0.4230545590643941,-0.5687864640939568,26.234758265237886,0.02895487610488451,1.386456439658301,1704
beta,eqw_top100,730,180,3.0,0.8,M,rank,50000000.0,none,0.7709736880975939,0.3124757202230927,0.4053001095201291,-0.5724136751987451,18.77316195483723,0.6037880076718902,0.9925741552294,2007
beta,advw_top100,180,90,1.0,0.4,M,q20,50000000.0,fund90,0.7709242532737205,0.2862601017987842,0.371320659044237,-0.5771882374453539,15.678407047357279,0.005744255364057751,1.46926273119692,1673
beta,eqw_top100,730,180,3.0,0.8,W,rank,5000000.0,fund90,0.7708721199591224,0.1763898333438709,0.22881854042564728,-0.36512566248504613,13.196160836454636,0.4423548013065422,1.0709500454631318,1673
beta,sqrt_advw,180,90,1.0,0.4,M,q20,50000000.0,none,0.7708665276146094,0.369824922635835,0.47975221311039595,-0.5326217816345791,25.551989647859376,0.7933001314527378,0.7488395577721974,2007
idvol,advw,90,90,,,M,q20,5000000.0,fund90,0.7705426645331044,0.20643494596104708,0.2679085214394097,-0.3043221972459799,12.50442613286162,1.4300669577002934,0.3100614943335922,1673
beta,eqw,365,180,3.0,0.6,M,rank,50000000.0,fund90,0.7703505072861875,0.21334296264949987,0.2769427171549097,-0.4248228841932137,12.816497712308127,-0.15218147721022057,1.545491148939203,1673
totvol,advw,90,90,,,M,rank,20000000.0,fund90,0.7701474051466679,0.18346091601774261,0.23821532708118912,-0.34674083343969186,12.864129319854872,0.4875756798005664,0.9977250202579768,1673
beta,eqw,365,90,1.0,0.8,M,q20,50000000.0,fund90,0.769798651077697,0.31737997799495576,0.4122896000800112,-0.4546015839532942,16.383478044721542,0.3754286856814007,1.1258922297424607,1673
beta,advw_top100,365,90,1.0,0.8,M,q20,50000000.0,fund63,0.7697558937123081,0.2990648924446471,0.38851913299727314,-0.47968661488062314,16.486043513579823,0.620743095903021,0.9071173112458633,1704
beta,eqw,365,90,1.0,0.6,M,rank,20000000.0,fund90,0.7696128678063971,0.17319192339384815,0.22503771784311702,-0.3832853905220889,13.897863004476234,0.14389325082122884,1.3383595708018075,1673
beta,advw_top100,365,180,3.0,0.6,M,rank,50000000.0,fund90,0.7693983090154946,0.20768285222081453,0.2699289169046407,-0.39132563546501364,12.467431374547443,-0.09175632368708281,1.5161479356955545,1673
beta,eqw_top100,730,180,3.0,0.8,W,q20,5000000.0,none,0.7693183706342008,0.39291041230256335,0.5107253736559818,-0.9541269274125621,22.794355625395585,0.6735082511217465,0.9709777667216389,2021
beta,eqw,365,90,1.0,1.0,W,q20,50000000.0,none,0.7691686350180952,0.43927937106833087,0.5711093134446342,-0.7784490495098288,40.3679722819999,0.36012655485445105,1.2410470997170273,2021
beta,eqw_top100,730,180,3.0,0.4,W,q20,5000000.0,fund90,0.7685841398264117,0.20854212192075228,0.2713328458324062,-0.4328825982629382,16.118998074726555,0.04729149903378022,1.3187184746168747,1673
beta,advw,730,180,3.0,0.6,W,rank,50000000.0,fund63,0.7683607865937219,0.2139060839036422,0.2783927650081225,-0.38645445450333665,19.000631663944898,0.06703487850188358,1.4038120695773593,1704
beta,advw,730,180,3.0,1.0,W,q20,20000000.0,fund63,0.7677680740358808,0.271333535394278,0.3534055980837744,-0.6867846701357306,23.6727728377529,0.8609311948701517,0.698099024809291,1704
beta,eqw_top100,730,180,3.0,0.6,W,q20,5000000.0,fund63,0.767723461665438,0.21939310162156417,0.28577100033601976,-0.45123909397491324,17.947901346280094,0.09016764414587336,1.3240979776111976,1704
beta,eqw_top100,365,90,1.0,0.8,M,q20,50000000.0,fund63,0.7674338150764768,0.3455270425560082,0.45023692697405504,-0.6214222049107405,18.302392946466462,0.687792183459889,0.8410400096627569,1704
beta,sqrt_advw,365,90,1.0,0.8,W,q20,50000000.0,fund90,0.7673503024319375,0.3053746118234874,0.3979598507431012,-0.5466083578304236,27.275693016179925,0.07917990380174306,1.4048974492942568,1673
beta,eqw_top25,730,180,3.0,0.6,W,q20,5000000.0,fund90,0.7671106827008671,0.21629709491469018,0.2819633460886565,-0.43531021917014445,17.218774390739192,0.17733869501598284,1.2677660276625173,1673
beta,sqrt_advw,730,180,3.0,0.8,W,rank,5000000.0,fund63,0.7670266185279367,0.1732902425458323,0.2259246789614782,-0.3304883542017493,13.701477873490411,0.38189413306671555,1.1009024338211637,1704
beta,sqrt_advw,730,180,3.0,0.4,W,rank,5000000.0,none,0.766492741007496,0.23899948597296392,0.31180919686051733,-0.4676464029859708,15.158393765830985,0.3652749657526245,1.3072570672433386,2021
beta,btc,365,90,1.0,0.8,M,q20,50000000.0,none,0.7664839008498439,0.4226298390343447,0.5513877572193638,-0.6774985593118396,23.458993013404953,0.8366660647957619,0.7114176210920522,2007
beta,advw,365,90,1.0,0.8,M,q20,50000000.0,none,0.7663858792422827,0.36992866486360226,0.4826924332548332,-0.5711559263204633,24.29204625771619,0.6433630918995257,0.9263756836204641,2007
beta,eqw,365,180,3.0,0.6,W,rank,50000000.0,fund90,0.7661715333795774,0.21644475374031077,0.28250169095368816,-0.3913209952419334,17.96931883962762,-0.010906500968772905,1.4407207783709852,1673
totvol,advw,180,180,,,W,rank,20000000.0,none,0.765854403227689,0.2424370951030635,0.31655768261083794,-0.5928821316247186,18.51776066458406,-0.12213618513836857,1.7318412376902284,2021
beta,btc,730,180,3.0,0.6,M,q20,50000000.0,fund90,0.7658470061808473,0.2530997609497348,0.33048345022839676,-0.4311674645653903,12.998383345083921,0.10862573417207595,1.4645794467662423,1673
beta,advw_top100,730,180,3.0,1.0,W,q20,20000000.0,fund90,0.7657922004855192,0.2573771956003538,0.3360927356496636,-0.7134915744805947,21.890981878187723,0.6838479030211905,0.8418939816192108,1673
beta,eqw_top100,365,180,3.0,0.6,M,rank,50000000.0,fund90,0.7656700925712221,0.22508026056475902,0.2939650676558484,-0.4471921722330175,13.340433677435595,-0.0589964423019607,1.4889575399208697,1673
beta,advw,730,180,3.0,1.0,M,rank,5000000.0,fund63,0.765630568530308,0.1915156136814725,0.2501410230381772,-0.3536874421955115,9.122586926130131,0.5056370335377277,0.9856245145841727,1704
beta,eqw_top100,180,90,1.0,1.0,M,q20,50000000.0,none,0.765019913205594,0.47280763713226476,0.6180331112573285,-0.8270600975117316,28.703682819270675,0.8162674520605216,0.7099021475870722,2007
beta,advw,730,180,3.0,1.0,W,q20,20000000.0,none,0.7647961789167009,0.428951406190581,0.5608702266245251,-0.8448437688103708,29.43059502496177,0.6566524666010195,1.0077362648506527,2021
beta,sqrt_advw,365,180,3.0,0.8,W,q20,50000000.0,none,0.7645533516312956,0.38119458977381965,0.49858468210293055,-0.5859320347013168,35.22693836484685,0.4358147525704923,1.0886178222000746,2021
beta,advw,365,90,1.0,0.6,M,q20,20000000.0,fund90,0.7644506695835677,0.22573886325389875,0.29529552688712973,-0.3773032340641993,14.889046150232149,0.12513340120479982,1.3837874499498133,1673
beta,advw_top100,730,180,3.0,0.6,W,rank,50000000.0,none,0.7639131171961566,0.2568697253904467,0.33625515730539296,-0.422313497563487,23.719316639719672,0.3226263954796938,1.2626748945025803,2021
beta,advw,365,180,3.0,0.6,M,rank,50000000.0,fund63,0.7638049434576314,0.21292523263113786,0.2787691209057341,-0.43515326996107406,13.544741461372201,-0.1132276116181945,1.488694519289119,1704
beta,sqrt_advw,365,180,3.0,0.6,M,q20,5000000.0,fund63,0.7635695565472534,0.20188819375400616,0.2644005277880828,-0.3522889257670644,11.9074615052945,-0.08161058965113227,1.4356634244447768,1704
totvol,advw,90,90,,,W,rank,50000000.0,fund90,0.7635290685372164,0.23017693583394427,0.3014645352991231,-0.2903219262373357,18.615680234895482,0.16600646544293882,1.2748238908633724,1673
beta,eqw_top25,365,180,3.0,0.6,M,q20,20000000.0,none,0.7632418008709237,0.32728900140904044,0.42881430371813467,-0.7142218053733421,19.935648197252583,0.38611159934740613,1.154830594490065,2007
beta,advw,730,180,3.0,1.0,M,q20,5000000.0,fund63,0.7631376078115123,0.2587758235315423,0.3390945759751595,-0.5427177041520295,11.354148259928973,0.568436645426864,0.9227832497337572,1704
beta,sqrt_advw,365,180,3.0,0.4,W,q20,50000000.0,fund63,0.762961293096721,0.32202633687469645,0.42207427793309166,-0.6545703145709905,24.988027033574834,-0.29440189090631075,1.682468350966972,1704
beta,advw,730,180,3.0,0.8,W,rank,50000000.0,fund90,0.7628214896522505,0.2033022942714162,0.2665135907014053,-0.2724824933080637,17.51949546111453,0.1843486417705073,1.3042972472724237,1673
beta,eqw_top100,365,180,3.0,1.0,W,q20,50000000.0,fund90,0.7625820832260555,0.3827076795611855,0.5018576858535212,-0.633136026972456,27.01179043140323,0.21694864447944937,1.2261769136301968,1673
beta,btc,730,180,3.0,0.4,W,rank,20000000.0,fund63,0.7623123278079161,0.1909322356473875,0.2504645782082875,-0.2634374126493603,17.514646520427107,0.04684430571063203,1.2876190730941586,1704
beta,advw,365,180,3.0,0.6,M,rank,20000000.0,fund90,0.762049617014208,0.1719037548978521,0.22558079035770584,-0.22563549368158764,11.909885710244968,0.2460212022911877,1.1776571682239332,1673
beta,advw_top100,365,180,3.0,0.6,M,rank,20000000.0,fund90,0.7613839754652644,0.17299837493443931,0.22721567633298814,-0.22712128300730183,11.98985863198065,0.237973442455291,1.1846431197014182,1673
beta,btceth,730,180,3.0,0.4,M,q20,50000000.0,fund63,0.761271912484741,0.27407712849949883,0.360025273499096,-0.6422648175015754,14.593873656019927,-0.12464861046945293,1.5414286150356857,1704
beta,btceth,365,90,1.0,0.8,W,q20,50000000.0,none,0.7611139572780531,0.34750203633523385,0.45657031120279806,-0.8434610088886049,37.38106062837178,0.5423686198855352,1.0412482472269242,2021
beta,advw,365,90,1.0,0.4,M,q20,50000000.0,none,0.7609671643832586,0.3536161732980659,0.4646930772429074,-0.5923237961429606,24.542897587378047,0.6099798612166784,0.928061389986673,2007
beta,eqw_top25,365,90,1.0,0.6,W,q20,50000000.0,none,0.7603901154732415,0.35943452522859587,0.4726975244870138,-0.7321776504165407,40.1782937669775,0.19592299577141858,1.3399045663709954,2021
beta,advw,730,180,3.0,0.4,W,q20,20000000.0,none,0.7602495311079108,0.3833106779243294,0.5041906140550078,-0.6406286503532548,28.52430908483897,0.5233257322995882,1.1839529214242253,2021
beta,advw,730,180,3.0,0.8,W,rank,50000000.0,none,0.7593809786266733,0.2592583789124116,0.3414075229817787,-0.397423592373689,23.809464670793147,0.3498684111054932,1.242789880233811,2021
beta,eqw_top25,365,180,3.0,0.8,M,rank,20000000.0,fund63,0.759144787850052,0.21798601742524615,0.28714682747489695,-0.32535669488467567,15.010661650949071,0.5509717766737938,0.936966897749164,1704
beta,eqw_top100,365,180,3.0,0.4,W,q20,50000000.0,fund63,0.7590647296271583,0.3304058640477836,0.4352802220307011,-0.7005619114768591,25.239221700177534,-0.3128237930691877,1.7108381785196243,1704
beta,sqrt_advw,365,180,3.0,0.4,M,rank,50000000.0,fund63,0.7588304930175431,0.22937558753087375,0.3022751321164566,-0.5394130254207681,14.010487374407003,-0.27523875903814965,1.6198589724412664,1704
beta,eqw_top100,365,90,1.0,0.8,W,q20,20000000.0,fund90,0.7586481329199533,0.282903707431152,0.3729050335130817,-0.40316128895239545,26.387301178700344,0.05998660959006001,1.4311116028883664,1673
beta,eqw,730,180,3.0,1.0,W,rank,20000000.0,none,0.758089985326161,0.3321946558391331,0.4381995043717792,-0.8048048151029334,21.390230646404447,0.5206672783881078,1.1503218390774455,2021
beta,advw_top100,365,180,3.0,0.4,M,rank,50000000.0,fund63,0.7578247986109784,0.2215072625106908,0.29229349965413215,-0.5084576502186031,13.780799513488653,-0.27311956514804925,1.5950630736749432,1704
beta,eqw,365,180,3.0,0.4,M,rank,50000000.0,fund63,0.7574511180863737,0.22735735695967182,0.3001610949285651,-0.5692880162394391,13.959779570723533,-0.3369007713562424,1.6705439867770375,1704
beta,eqw,730,180,3.0,0.6,M,rank,5000000.0,none,0.7568127766302897,0.21690052523859985,0.2865973354788615,-0.6148644941967628,10.680144919459284,0.2228230007234813,1.4679398551702814,2007
beta,eqw_top25,365,90,1.0,1.0,W,q20,50000000.0,none,0.7565496232976201,0.4479217811134229,0.5920586929394509,-0.6667845419895204,44.79997437972344,0.34250012127357543,1.1850055579333272,2021
beta,eqw_top100,730,180,3.0,0.6,W,q20,5000000.0,none,0.7565005838392627,0.35821926998696973,0.4735214719451985,-0.7984370167303434,21.913258080441288,0.6095029642978674,1.033336125342662,2021
beta,btc,730,180,3.0,0.4,W,q20,50000000.0,fund90,0.7564889636917134,0.2569850951328663,0.33970765928793334,-0.5121286450116329,21.56409654865318,-0.1180649930890479,1.5777440633967843,1673
beta,eqw,365,180,3.0,1.0,W,q20,50000000.0,fund63,0.7563198625209092,0.35346473609286644,0.4673482128510072,-0.4812348957761844,27.44970509248406,0.3026616713861925,1.1093379694178285,1704
beta,advw_top100,365,180,3.0,0.8,M,q20,50000000.0,fund90,0.7560370593504655,0.2958700047503381,0.39134325638022166,-0.5520910593630237,14.116278222134813,0.5989896530038663,0.897450280866883,1673
beta,eqw_top100,365,90,1.0,0.6,M,q20,50000000.0,none,0.7559964280523022,0.3870608091786248,0.5119876163645666,-0.6254067002916976,25.662104149640307,0.599346276422188,0.9359882500641195,2007
beta,eqw,365,180,3.0,0.6,M,q20,20000000.0,none,0.7559682024691573,0.3090843732791036,0.40885896029696284,-0.6744244418807988,19.183910963374636,0.30793163399060197,1.2413442615389385,2007
beta,sqrt_advw,365,90,1.0,1.0,W,q20,50000000.0,none,0.7558051506059927,0.42203862384537544,0.5583960674348295,-0.6006364315295003,41.27825890956803,0.37734797520220764,1.183617406297979,2021
beta,eqw_top100,365,180,3.0,0.4,W,q20,20000000.0,fund63,0.755792972297901,0.26486446361390925,0.3504457878307859,-0.7619724831368719,23.44395097004705,-0.26943515971232124,1.5982289774312453,1704
beta,advw,730,180,3.0,0.4,W,rank,50000000.0,none,0.7554384536326396,0.263179092489539,0.3483792640207851,-0.4868991232560068,23.94031819642723,0.28287305207496494,1.2625400973330125,2021
beta,sqrt_advw,730,180,3.0,0.8,M,rank,20000000.0,fund90,0.7551638219435198,0.18401626957687917,0.243677284623206,-0.3919320448046828,12.354880672110253,0.4021686043282875,1.0818551374936183,1673
beta,sqrt_advw,730,180,3.0,0.8,M,rank,20000000.0,fund63,0.7546290294297471,0.19411440227861737,0.2572315597576526,-0.37739004449158436,13.402055294994494,0.4318419920084689,1.0386835406688948,1704
totvol,advw,90,90,,,W,q20,50000000.0,fund63,0.754603388402917,0.3092191478614596,0.4097770466097529,-0.4039569201071871,26.035856781044732,0.4510795919889936,1.0287121940295085,1704
beta,eqw_top100,365,90,1.0,0.8,M,q20,50000000.0,none,0.7544861238358385,0.4182278910412593,0.5543215147748132,-0.6571784903131612,26.39452243314744,0.6222377147748085,0.9154240252746307,2007
beta,eqw_top25,180,90,1.0,0.6,M,q20,20000000.0,fund63,0.7543979123885726,0.2583531357395484,0.342462686464165,-0.5223558642653106,17.96133252994055,0.19252700546922913,1.3047741590240338,1704
beta,btceth,365,180,3.0,0.4,M,q20,50000000.0,fund90,0.754211449889487,0.2700819216910202,0.35809841090399075,-0.3937620575665087,14.146289093193325,0.4757731971601176,0.9874454503207926,1673
beta,advw_top100,730,180,3.0,1.0,W,q20,50000000.0,fund63,0.753890421053901,0.2967952859963617,0.3936849145548987,-0.5938133635790614,24.884348674563483,0.5945735822087524,0.8916890075320835,1704
beta,eqw_top100,365,180,3.0,0.4,W,q20,20000000.0,fund90,0.7537471490493877,0.2565140162145325,0.3403183899773861,-0.6949245846925836,21.713432339334926,-0.41850576161462355,1.7158301573801287,1673
beta,advw,365,180,3.0,1.0,M,q20,50000000.0,fund63,0.753594511341926,0.3256517784573205,0.4321313034478346,-0.6033513899824507,15.462574845500605,0.6736607944045108,0.8254688686068943,1704
beta,eqw_top25,365,90,1.0,0.8,W,q20,50000000.0,fund63,0.753178086128029,0.3400325122232893,0.4514636292345458,-0.570453406430141,31.727603057969276,0.3216727437374357,1.161235096564735,1704
beta,eqw_top100,730,180,3.0,1.0,W,q20,5000000.0,none,0.7531628802242293,0.4335878753895334,0.5756893850908411,-1.1381529802678396,23.97983626619993,0.7132491819560691,0.855064672965478,2021
beta,sqrt_advw,730,180,3.0,1.0,W,rank,50000000.0,none,0.7531532633694243,0.30614048458099385,0.40647833511521386,-0.5148286971901759,25.27714516535,0.41036714755267045,1.1665719776808139,2021
beta,eqw_top100,365,90,1.0,0.4,W,rank,50000000.0,fund90,0.7530724416469802,0.23340452070077156,0.3099363458186208,-0.37544139209435357,21.234482869760154,-0.2428178764054875,1.6880403542461495,1673
idvol,advw,180,180,,,W,rank,5000000.0,fund63,0.7528795083637383,0.1568432790589104,0.20832454239561368,-0.3192021593608453,12.25867947252629,0.8550426302925141,0.6854656745672343,1704
beta,eqw,365,180,3.0,0.8,M,q20,20000000.0,none,0.7525355311837808,0.3317147955785449,0.44079619078814625,-0.7332811773095896,19.480562638016156,0.38060121360453447,1.168602641425416,2007
beta,advw_top100,365,90,1.0,1.0,M,q20,50000000.0,none,0.7514274389836988,0.3976691963299499,0.529218359217485,-0.5879775235319553,24.58509444855658,0.6504534011970415,0.8817744468822034,2007
beta,advw_top100,730,180,3.0,0.6,W,rank,50000000.0,fund63,0.7512960349834621,0.20987596659935642,0.279351889037956,-0.38975264370846824,19.009934505079766,0.05383340058805269,1.383011882787309,1704
beta,eqw_top100,180,90,1.0,0.8,M,q20,20000000.0,fund90,0.7512452614091489,0.2600501594038273,0.3461588016089951,-0.3686021027315648,17.125283877609316,0.14421236850946656,1.387827949769632,1673
beta,sqrt_advw,365,90,1.0,0.4,W,q20,50000000.0,none,0.750550386328933,0.34808851621891185,0.4637776790995615,-0.6837855435685409,38.15526636966144,0.2309049671517539,1.2969138463089738,2021
beta,eqw_top100,730,180,3.0,0.4,M,rank,50000000.0,none,0.7505298437061847,0.28969950538933187,0.38599331901149897,-0.7017297318595974,17.77942510507306,0.5284408463128294,1.0037023064042465,2007
beta,eqw,365,90,1.0,0.6,W,rank,50000000.0,fund90,0.7503338048848267,0.21336257013901125,0.2843568672369247,-0.32616010238498033,20.802441996285882,-0.08516026021410285,1.5184082752438421,1673
idvol,advw,90,90,,,W,q20,5000000.0,fund63,0.7502760665297081,0.20783929013863953,0.2770170866571416,-0.3510402667387427,20.07063334107283,1.0695669385503157,0.534986812481968,1704
beta,advw,180,90,1.0,0.6,M,q20,50000000.0,none,0.7501388505899919,0.3424758800859355,0.4565499838017651,-0.5547916095234827,24.64210428218729,0.7657198302295612,0.736580524773189,2007
beta,advw_top100,730,180,3.0,0.8,W,q20,5000000.0,none,0.7500413545977552,0.33219281296410336,0.4428993293873206,-0.8810529479519733,21.91678825244257,0.4904650447449148,1.1940237121308634,2021
beta,sqrt_advw,365,90,1.0,0.8,W,q20,20000000.0,fund63,0.7496279739724901,0.2708704973087204,0.36133990020850104,-0.3978532680013529,26.604701682144082,0.3631314152484333,1.080338920075825,1704
beta,btceth,730,180,3.0,0.8,W,rank,5000000.0,fund63,0.7488640601331183,0.1654269736086296,0.2209038761710947,-0.30018681587631063,12.800970431228407,0.399422813374238,1.0394885460655312,1704
beta,eqw,180,90,1.0,0.8,M,q20,50000000.0,fund63,0.7487102898441063,0.29081365765148687,0.38841947492405776,-0.5447369501448471,18.09966523511199,0.7600310248586517,0.7380122012020691,1704
beta,advw_top100,365,180,3.0,0.4,M,q20,5000000.0,fund63,0.7486050779624845,0.18823689470709637,0.25145019750524533,-0.47984502420337666,11.459097646477074,-0.36867365006605307,1.5963159338021018,1704
beta,eqw_top25,730,180,3.0,1.0,M,rank,5000000.0,fund90,0.7484284990130883,0.2187476285366335,0.29227592057903196,-0.42549077221659487,9.995808777118611,0.5611213606001764,0.9361156427017522,1673
beta,eqw,365,90,1.0,1.0,M,q20,50000000.0,none,0.7483250423384074,0.45773019508627244,0.6116729618668538,-0.6333309493752108,26.219194355586538,0.6346185722104368,0.8911554699719665,2007
beta,advw_top100,730,180,3.0,0.8,W,q20,5000000.0,fund63,0.7482441439979131,0.2155236136621457,0.2880391585968053,-0.4583949613090068,17.343632017994267,0.2371221810437696,1.1629868490987347,1704
beta,btc,730,180,3.0,0.4,W,rank,20000000.0,fund90,0.7481471486365114,0.18107205282272573,0.24202732464158583,-0.2770692153684889,16.136537391531338,-0.02584541740609493,1.3186052662656391,1673
beta,advw_top100,730,180,3.0,0.8,W,rank,50000000.0,none,0.7476411039734284,0.25557485493781235,0.34184163173951926,-0.397540504500381,23.733184226065156,0.3456674348172214,1.2205292016943043,2021
beta,advw,730,180,3.0,0.8,M,rank,20000000.0,fund90,0.7472639511855538,0.17294591617664318,0.23143885892295477,-0.39171133088800103,11.795333719031966,0.3688389091877727,1.0970631828809334,1673
beta,btceth,365,90,1.0,0.8,M,q20,50000000.0,none,0.7469376712255857,0.3705032745928953,0.4960297075189263,-0.7367865126295141,23.92557300156096,0.7208496037115026,0.8133340314230774,2007
beta,sqrt_advw,365,90,1.0,0.8,M,q20,20000000.0,fund90,0.7467026769356747,0.2589803681367773,0.3468319802998207,-0.36767142340876235,15.515704989660646,0.27074993850728457,1.2051631172727086,1673
beta,sqrt_advw,365,180,3.0,0.6,W,q20,50000000.0,none,0.7466753061001891,0.3548697350388632,0.47526646741849893,-0.7357260281326701,34.17659889181877,0.37232835128553854,1.1130102086898044,2021
beta,eqw,730,180,3.0,1.0,M,rank,20000000.0,none,0.7466256168285527,0.2819017553969945,0.37756775155188316,-0.7439533656409834,16.095220531552034,0.5207263233753684,1.047221031571646,2007
beta,advw,730,180,3.0,0.8,W,q20,50000000.0,fund63,0.7465897575072042,0.2748938650255618,0.36819935213604804,-0.5495331849273875,23.769367793766207,0.4424966797204712,1.0123484722800795,1704
beta,advw,365,90,1.0,0.8,W,q20,20000000.0,fund63,0.7464343272701807,0.256481553321857,0.34360900075408835,-0.4020615347858012,25.353322610969595,0.34919143563833366,1.084629868761352,1704
beta,btceth,730,180,3.0,0.4,W,rank,50000000.0,fund90,0.7463907248740851,0.1981337608731558,0.2654558186083846,-0.3797817304565255,17.12133039541065,-0.08647751111668754,1.5249834330574932,1673
beta,eqw,365,180,3.0,0.4,M,rank,5000000.0,fund63,0.7462269042271698,0.14416012701329714,0.19318537859821155,-0.3822172509909426,9.420502867669077,-0.3978605775548346,1.708612683161389,1704
beta,btceth,365,90,1.0,0.4,W,q20,50000000.0,none,0.7459188612022908,0.3191017605082932,0.42779687859609405,-0.8351057158262963,37.66290427405782,0.4384489158291152,1.0824451546090035,2021
beta,advw,365,90,1.0,0.6,W,q20,50000000.0,none,0.7457407843332413,0.31905345560615345,0.42783425864446395,-0.46730016189960016,37.09190841120692,0.18046487137538889,1.3553798046996215,2021
beta,advw,730,180,3.0,0.8,M,rank,20000000.0,fund63,0.7456584706569578,0.18194982271496213,0.24401227891189425,-0.36905302502858583,12.820362958912982,0.40266602521866074,1.0414898521750402,1704
idvol,advw,180,180,,,W,q20,50000000.0,fund63,0.7454748131090776,0.2785940548382415,0.37371357145701145,-0.3964716974917726,24.065925884048145,0.7183632243615268,0.7719502026252364,1704
beta,eqw_top25,365,180,3.0,1.0,M,q20,20000000.0,none,0.7453739101034147,0.4043267610276784,0.5424482337617387,-0.8353450431964677,21.871862381265927,0.522110431682474,0.9724751497783353,2007
beta,eqw,365,180,3.0,0.6,M,q20,5000000.0,fund90,0.745247759008937,0.18551575217860453,0.24893164714149757,-0.27023512884738643,10.98878440874281,-0.020738849035292564,1.3736888641543155,1673
beta,advw_top100,730,180,3.0,0.8,W,rank,50000000.0,fund90,0.7451241432026405,0.19957047616506188,0.2678352030136642,-0.2730724374040054,17.51351696962711,0.1731777941293861,1.2819838499000262,1673
beta,advw_top100,730,180,3.0,0.6,W,q20,5000000.0,none,0.7441352457866408,0.31406235285981093,0.42205009726129694,-0.7612068680203268,21.643354766756786,0.43026411502703654,1.2728975337679622,2021
beta,advw_top100,730,180,3.0,1.0,M,rank,5000000.0,fund90,0.7441054686501325,0.1780433676271578,0.23927168274968177,-0.38002489278663715,8.338920663986562,0.5122595994866878,0.9641126920915994,1673
beta,advw,730,180,3.0,0.6,W,q20,5000000.0,fund90,0.7430846287549923,0.18856280820480417,0.2537568412910564,-0.4023567985354012,15.696612583761155,0.15815685790078984,1.2204572176348758,1673
beta,eqw_top100,365,180,3.0,0.4,W,rank,50000000.0,fund90,0.7429879466037047,0.2316328753727979,0.3117585910129796,-0.4883373998507596,18.309393626465866,-0.02502302808555157,1.4355147129899029,1673
beta,sqrt_advw,180,90,1.0,0.8,M,q20,50000000.0,fund90,0.742661144038279,0.28164285836425396,0.37923467603650096,-0.4366923205572486,16.49528890692007,0.6156034039836568,0.87094778791757,1673
beta,eqw_top100,365,180,3.0,0.6,W,q20,20000000.0,fund63,0.7426430115298966,0.2575414912391208,0.3467904326044451,-0.617086278358621,24.09930464398209,-0.11014573185288914,1.4612795906417777,1704
beta,advw_top100,730,180,3.0,0.4,W,rank,50000000.0,none,0.7419434819589993,0.258698861555678,0.3486773155181839,-0.48530852875866687,23.849127994854488,0.27945090082183477,1.237393835865735,2021
beta,sqrt_advw,730,180,3.0,1.0,W,rank,5000000.0,none,0.7418530292448166,0.2760898461711739,0.37216245710046475,-0.7586184651619314,15.647151714985112,0.5310149069424726,1.0597286914079131,2021
beta,eqw_top100,365,180,3.0,0.4,M,rank,5000000.0,fund90,0.741657652251064,0.14692178449407028,0.19809919583265448,-0.3135940575463029,8.807581312108093,-0.18036742199733902,1.4772701075920298,1673
beta,btc,365,90,1.0,1.0,W,q20,50000000.0,none,0.7415550596134045,0.4225010371261202,0.5697500565182347,-0.872057037738047,37.89943978944014,0.7203855503051568,0.8277636870148164,2021
beta,eqw,730,180,3.0,0.4,M,rank,5000000.0,none,0.741443368457462,0.20899038470725467,0.28186965262370517,-0.5515651633419695,10.635846764618313,0.14131882902666432,1.4900510721135602,2007
beta,advw,180,90,1.0,0.8,M,q20,50000000.0,none,0.7413011962632063,0.3531020589437182,0.476327383152294,-0.5860114096327046,24.749420543270855,0.7951385564392792,0.6832267134745564,2007
beta,eqw_top100,365,180,3.0,0.8,M,q20,20000000.0,fund90,0.7411911567502699,0.27217578051324565,0.3672140149466867,-0.38510529575049585,14.80334118867428,0.22186437746903456,1.221602715519106,1673
beta,eqw_top100,730,180,3.0,1.0,M,rank,5000000.0,none,0.7410759115714501,0.2755147294732562,0.37177666305335405,-0.7655207137070672,11.871785123861963,0.32779426191348976,1.275596521836611,2007
beta,advw_top100,365,180,3.0,1.0,M,q20,50000000.0,none,0.740649329766246,0.39061786321132724,0.527399198936167,-0.677843663941732,23.012233537446846,0.5634889693752507,0.9255862354185336,2007
beta,btceth,365,90,1.0,0.4,M,rank,20000000.0,fund63,0.7401052862792928,0.156645425361199,0.21165289353450967,-0.3255010569685456,14.569146464454864,0.3685965589532376,1.0594673824773215,1704
beta,btceth,730,180,3.0,0.8,M,q20,50000000.0,fund90,0.7398408115593231,0.24315268957567274,0.32865541583626984,-0.4494762012857443,12.927742689649566,0.060834005481300094,1.4074846333335544,1673
beta,eqw_top100,730,180,3.0,1.0,M,rank,5000000.0,fund63,0.7396472863567307,0.2138998321410302,0.2891916675509394,-0.3992803121003441,10.387425123197612,0.44293309717574014,0.9957993264599081,1704
beta,advw_top100,365,180,3.0,0.4,W,q20,20000000.0,fund90,0.7394161013890714,0.23119025861569667,0.3126659781703175,-0.5754661467911951,20.72554836673497,-0.4022353970840466,1.6393555417439751,1673
beta,advw,365,90,1.0,0.8,M,q20,50000000.0,fund90,0.7393762289262492,0.27793288496340507,0.375901840078129,-0.4427684175902702,15.463936779674189,0.41724582900794205,1.0509492226023915,1673
beta,eqw_top100,730,180,3.0,0.8,M,q20,5000000.0,fund90,0.7390966947925732,0.22858900722048073,0.3092815985121324,-0.5137379576736822,11.514085869260649,0.4449513243021984,0.9894762985730325,1673
beta,eqw_top100,365,180,3.0,0.4,M,rank,50000000.0,fund63,0.738907365849682,0.23237022882733474,0.3144781600060629,-0.5653876062700429,14.311023455225325,-0.2861159336837889,1.6024306887238062,1704
beta,eqw_top25,730,180,3.0,1.0,M,q20,5000000.0,fund63,0.7386486721868539,0.30536755443715,0.4134138000046415,-0.6476246093393903,13.618367028226132,0.6341388180247071,0.8300539448147736,1704
beta,eqw_top25,365,180,3.0,0.8,M,rank,50000000.0,fund63,0.7380401673608912,0.24742214822455344,0.33524211711849483,-0.44247839037580555,15.59729904161973,0.03542657080907488,1.3532916746427632,1704
beta,sqrt_advw,365,180,3.0,1.0,W,q20,50000000.0,none,0.7379746758608087,0.41259827067013427,0.5590954326296631,-0.5794310958353355,36.88504533610806,0.4768181051805417,0.987992716984936,2021
beta,sqrt_advw,730,180,3.0,0.6,M,rank,50000000.0,none,0.737616440680748,0.2683619531756589,0.3638231720106279,-0.5695653753906773,17.602466882086297,0.5418205662763605,0.9773113475936613,2007
beta,eqw_top100,180,90,1.0,0.8,M,q20,20000000.0,fund63,0.7374999475384303,0.25989753374233415,0.3524034606508107,-0.42043249875622957,18.23190323105027,0.29975891216066813,1.178354315677208,1704
beta,btc,730,180,3.0,0.4,M,rank,20000000.0,fund63,0.7373200064135352,0.16659910701535585,0.22595223995850267,-0.25804459695913645,12.702626206489226,0.025093488806836785,1.3205595798567742,1704
beta,sqrt_advw,730,180,3.0,0.8,W,rank,5000000.0,fund90,0.7372511755018047,0.15832856561608036,0.21475525692897693,-0.33896643107542695,12.510452000824165,0.438878115116519,1.0092505311564606,1673
beta,advw,365,90,1.0,0.8,M,q20,50000000.0,fund63,0.7366341629985774,0.2865568937128339,0.3890084225069904,-0.478609115853754,16.464785803896635,0.6140335649923712,0.8488942871003153,1704
beta,btc,730,180,3.0,1.0,W,rank,20000000.0,none,0.7366242604570253,0.27650391182484907,0.37536628464191113,-0.6526970116736536,19.55245385918916,0.6026545846316568,0.956932630779186,2021
beta,advw,365,90,1.0,0.8,W,q20,50000000.0,fund63,0.7364569503119749,0.28110552893787544,0.3816998791562693,-0.4866323704643778,27.241925598778344,0.3736034283051775,1.0653117680338922,1704
beta,sqrt_advw,365,180,3.0,0.4,W,rank,50000000.0,fund90,0.7364548388207122,0.22056825703542554,0.29950004454940143,-0.4668548948954362,17.95734860771202,-0.040528069020028784,1.420558398573387,1673
beta,eqw_top25,730,180,3.0,1.0,W,rank,20000000.0,fund63,0.736261514754087,0.25318398924005053,0.3438777990787886,-0.4443958145385667,21.43294375605313,0.6023825219137932,0.8517188659308723,1704
beta,advw,365,90,1.0,0.8,W,q20,50000000.0,none,0.7360405180200952,0.3306264005129261,0.44919592389056406,-0.41194902965769387,37.40673716635684,0.23327529460428903,1.3019057299114638,2021
beta,btceth,365,180,3.0,0.4,M,q20,50000000.0,fund63,0.7359863770328978,0.27458952897331756,0.3730905048546077,-0.4888049863395928,15.309358013412677,0.41651101517379646,0.9884915783671023,1704
beta,eqw,730,180,3.0,1.0,M,rank,50000000.0,none,0.7353044075521874,0.32144689204584503,0.43716165542368335,-0.518506897111112,18.435645886497433,0.7203902693493842,0.7705861750286428,2007
beta,sqrt_advw,365,180,3.0,1.0,W,q20,50000000.0,fund90,0.7352512359291867,0.338707106935268,0.4606685312228287,-0.6068757241387999,25.529897342365125,0.1647985368277187,1.201591045684978,1673
beta,eqw,365,90,1.0,0.8,M,q20,50000000.0,fund63,0.7351937447758867,0.31205844499915203,0.4244574266532675,-0.5676827724743954,17.473466325064507,0.5692256267884465,0.8807882701004196,1704
beta,eqw_top100,365,180,3.0,1.0,W,q20,50000000.0,fund63,0.7349714189916229,0.3776134071322882,0.5137797162920591,-0.630502917640851,29.205961487977827,0.20938091845767992,1.15989521232074,1704
beta,advw_top100,365,90,1.0,0.4,W,q20,50000000.0,fund63,0.7344112905395248,0.28140147365674295,0.3831660505246527,-0.5658662977811684,27.523598982749924,0.05633676627042013,1.3446813350745161,1704
beta,sqrt_advw,180,90,1.0,0.6,M,q20,20000000.0,fund63,0.734225975711744,0.2224787779935271,0.3030113144360776,-0.36342912470009825,16.759809888646384,0.08865012104354637,1.3647796384858268,1704
beta,advw,730,180,3.0,1.0,M,rank,5000000.0,fund90,0.7337489214165883,0.1736957739332521,0.2367237196041284,-0.3746585845490149,8.28149878723149,0.5031310191960137,0.9514960721482025,1673
beta,eqw_top100,365,90,1.0,0.4,W,q20,50000000.0,none,0.7334109450267307,0.3525517254852451,0.4807014783129472,-0.6759740040619446,37.96570756660204,0.257626190298775,1.2321706451060785,2021
beta,eqw_top25,365,180,3.0,0.6,M,q20,5000000.0,fund63,0.7331953932851561,0.21144509712374726,0.2883884692405746,-0.35527896402812265,12.746758862362356,-0.1815809562844922,1.4589288867501113,1704
beta,advw_top100,730,180,3.0,1.0,W,q20,5000000.0,none,0.7329610919462366,0.35164946395181657,0.4797655261864982,-1.0066218141144696,22.35350412073109,0.5283353007717053,1.0725383265681656,2021
idvol,advw,180,180,,,W,q20,50000000.0,none,0.7326967149171824,0.33429038461315674,0.45624659945546775,-0.7038677666065803,31.96844846731422,0.29356475667080073,1.2644628625610268,2021
beta,advw,365,180,3.0,0.8,M,q20,20000000.0,fund63,0.7325524210408615,0.24549936526327673,0.33512873374229535,-0.4376425382940039,14.611980107103514,0.42861026889825166,0.9873210751196468,1704
beta,eqw,180,90,1.0,0.6,M,q20,50000000.0,none,0.7325495994558878,0.35017090177317584,0.4780166449251634,-0.554813305651239,25.803876757002083,0.778231083061978,0.6844357523212197,2007
beta,eqw_top25,365,90,1.0,1.0,M,q20,20000000.0,none,0.7322490981814096,0.40570811355944386,0.5540575120775806,-0.8026583865466472,26.040523662563402,0.537337524883422,0.939859960093615,2007
beta,advw_top100,730,180,3.0,0.8,M,rank,20000000.0,fund63,0.7321711860338607,0.1794894580247972,0.24514684741567577,-0.3771918893349312,12.913983154426404,0.4065390513153451,1.0129209752944686,1704
beta,eqw_top100,365,90,1.0,0.4,W,q20,50000000.0,fund63,0.7320817737782467,0.305762418028127,0.4176615632022889,-0.5788848267787794,27.765196415235135,-0.011970172156626315,1.424249666827682,1704
idvol,advw,180,180,,,W,rank,5000000.0,fund90,0.7320395504987617,0.14563270494602543,0.19894103378267097,-0.3318294901939658,11.216479627664455,1.1438898810737206,0.43519099892645274,1673
beta,eqw_top100,365,90,1.0,0.4,M,q20,5000000.0,fund63,0.7316095910823657,0.19725614612337575,0.26961940976135773,-0.3530724584248439,14.184011797799522,-0.08049950713529185,1.414156466142318,1704
beta,advw_top100,730,180,3.0,0.8,M,rank,20000000.0,fund90,0.7313299122665025,0.1701021286879783,0.23259287748918403,-0.40275764206770925,11.884113834543347,0.36803615936879386,1.0685244460417822,1673
beta,eqw_top100,365,180,3.0,0.6,W,q20,20000000.0,fund90,0.731100552326876,0.24543991155076467,0.3357129341095452,-0.5680583557937698,22.3210560619894,-0.3106500990203476,1.6318067088837942,1673
beta,btceth,365,90,1.0,0.4,M,q20,50000000.0,fund90,0.7309134784691491,0.25019754222472285,0.3423080153737832,-0.4160016848669923,15.486397425215843,0.15134930270177016,1.3091010486933958,1673
beta,btceth,730,180,3.0,0.6,M,q20,50000000.0,fund63,0.7305824723920167,0.25147731796157397,0.34421482510825413,-0.5782296720259755,14.305041203077003,-0.05111835949410809,1.437920986062856,1704
beta,eqw_top100,730,180,3.0,0.6,W,rank,5000000.0,none,0.7303839721183916,0.2432006607572949,0.3329764480618604,-0.6745795475724043,15.584747245832128,0.31163941509797655,1.341930739975937,2021
beta,btceth,730,180,3.0,0.6,W,rank,20000000.0,fund90,0.730148162869374,0.17790844441689574,0.24366074375609179,-0.2771697607841323,15.930280319724417,0.17679960608031225,1.1430376343193724,1673
beta,sqrt_advw,365,90,1.0,0.6,W,rank,50000000.0,fund90,0.7300765819472823,0.20934934136388209,0.2867498376752466,-0.3393662280236963,20.894956527785524,-0.12197546963552494,1.536367829633415,1673
beta,eqw_top25,180,90,1.0,0.6,M,q20,20000000.0,fund90,0.7298042297140331,0.24506111817821047,0.3357902135950011,-0.4710258278539907,16.80796205305867,0.05832165997415414,1.3952087741708075,1673
beta,eqw_top25,730,180,3.0,0.8,W,rank,50000000.0,fund63,0.729707007967807,0.2394464319548751,0.32814051302826314,-0.4331307669543119,21.65922117591081,0.17573155391701775,1.2588085330648093,1704
beta,btceth,730,180,3.0,0.6,W,rank,20000000.0,fund63,0.7296402834940084,0.18469890990976534,0.253136941706813,-0.28181840403904723,17.26926098279324,0.25259263251664765,1.0762066973791773,1704
beta,btc,730,180,3.0,0.4,W,rank,50000000.0,fund90,0.7295768000763004,0.19274895453167004,0.26419282317024334,-0.4270221378245139,17.05360893052596,-0.2568979640595312,1.6869646925731352,1673
beta,btc,730,180,3.0,1.0,M,q20,50000000.0,none,0.7295588686254131,0.38055798630195015,0.5216275240666631,-0.663779514976369,20.169549649924033,0.4672765546582592,1.2050421419062023,2007
beta,eqw_top100,730,180,3.0,0.8,W,rank,5000000.0,none,0.7295202880180306,0.26206053904382265,0.3592230995464044,-0.759936982613486,15.988053771120132,0.38136094193441566,1.2559573765098384,2021
beta,eqw_top100,365,90,1.0,1.0,W,q20,50000000.0,none,0.7292409205339916,0.44011277995986525,0.6035217821259806,-0.7727646922029954,42.842808372997055,0.37499513006432583,1.120302588812079,2021
beta,sqrt_advw,365,180,3.0,1.0,M,q20,20000000.0,fund90,0.7289613758351527,0.2874964469458213,0.3943918792905095,-0.39096391958267035,14.2191636300379,0.35955173368467297,1.064796023695024,1673
beta,btc,730,180,3.0,0.8,M,rank,20000000.0,none,0.7280254834118679,0.229777005419291,0.31561670663291685,-0.49486745193783727,14.504161912121706,0.5717145431924634,0.9846987212701728,2007
beta,sqrt_advw,365,180,3.0,0.6,M,rank,50000000.0,fund63,0.7270607697435051,0.21171597430660635,0.2911943308140476,-0.47552424452327685,14.019916199486826,-0.1711627678034303,1.4838742293285234,1704
beta,advw_top100,730,180,3.0,0.8,W,q20,50000000.0,none,0.7268913713613062,0.3285178847849236,0.451949077576313,-0.5794729994421115,32.945026705461224,0.3392275683196171,1.1629919384824845,2021
beta,btc,730,180,3.0,0.6,M,q20,5000000.0,fund90,0.7267879112721893,0.19118511952447947,0.2630548975282539,-0.39223622726130647,10.031864627007858,-0.003792269741090271,1.373880065411085,1673
beta,eqw_top25,730,180,3.0,1.0,W,rank,20000000.0,fund90,0.726720532052713,0.23876528724145157,0.32855172891156537,-0.4573498813649016,19.81937803656309,0.5023423817316119,0.9288546998587817,1673
beta,advw_top100,365,90,1.0,0.8,M,q20,20000000.0,fund63,0.7266648037223692,0.2475193272470908,0.3406238006563181,-0.41673723206402696,16.07222324176857,0.542364002661407,0.8899384534472368,1704
beta,eqw,365,180,3.0,0.6,M,rank,50000000.0,fund63,0.7259341865826651,0.20962093127393083,0.2887602418350364,-0.48757738817928975,13.967309220154423,-0.23524854278728297,1.530299719515964,1704
beta,eqw,730,180,3.0,0.4,W,q20,5000000.0,fund90,0.7256368845057275,0.18893806238569846,0.2603754941624762,-0.41663360651795756,15.61307427721254,0.03808687392955307,1.2544116515130437,1673
beta,btceth,730,180,3.0,1.0,M,rank,20000000.0,none,0.7254147171999422,0.246012711844347,0.33913388577769893,-0.5326587606591733,14.741337826323292,0.5797707566358556,0.9507290251609083,2007
beta,sqrt_advw,180,90,1.0,0.6,M,q20,20000000.0,fund90,0.7253692900253514,0.21550244756192294,0.29709342610078127,-0.3415357540742022,15.741970898638483,-0.08624821005094595,1.531453051390856,1673
beta,btceth,365,90,1.0,1.0,W,q20,50000000.0,none,0.7253272831797238,0.36730812655627915,0.5064032955523973,-0.9605682391981887,37.897620363537484,0.5588309527402037,0.9486866370810308,2021
beta,eqw,365,180,3.0,0.4,W,rank,50000000.0,fund63,0.7251137301032273,0.22315776259334089,0.30775553313763904,-0.5399950688324664,19.4208392358255,-0.2351775896453227,1.56692679267391,1704
beta,eqw_top100,365,90,1.0,0.4,W,rank,20000000.0,fund90,0.7248251866744441,0.17768021560130315,0.24513526691382537,-0.39773805716745153,20.679526074457517,-0.42229138697495505,1.703721680823366,1673
beta,advw,365,90,1.0,1.0,M,q20,50000000.0,none,0.7242392576437509,0.38419507248419427,0.5304808713823927,-0.5888509986117156,24.60350582671037,0.6301335002253434,0.8464660372420497,2007
beta,advw_top100,180,90,1.0,0.6,M,q20,50000000.0,fund90,0.7241641742763834,0.2599731515672264,0.35899753233029374,-0.47658860069656744,15.543002335486321,0.08186933829651381,1.342677406962298,1673
beta,btceth,365,90,1.0,0.4,M,q20,50000000.0,fund63,0.7237611723696395,0.25880647889255093,0.3575854698659811,-0.43479263444521443,16.725728328580512,0.28133908591344503,1.1431189153882215,1704
beta,btceth,730,180,3.0,0.8,W,rank,5000000.0,fund90,0.7234916025481833,0.15248866879058262,0.21076771071496594,-0.30412037153166877,11.655311239454244,0.3673193114403337,1.0573774136355945,1673
beta,eqw_top100,365,180,3.0,0.8,M,q20,20000000.0,none,0.7229968075375985,0.33287467671871307,0.4604096079655266,-0.6862818346440462,20.465933114018103,0.41358206592613556,1.0505713337700449,2007
beta,eqw,730,180,3.0,0.8,M,rank,5000000.0,none,0.7228842826123127,0.22552228328690302,0.31197563525924926,-0.699847561893862,10.789815461792383,0.28424918665382737,1.3258700237458168,2007
beta,eqw_top100,365,90,1.0,0.6,W,q20,50000000.0,fund63,0.7226894866484882,0.29521753976580645,0.4084984564185288,-0.5537529373555046,28.453072471169655,0.15201069559611116,1.2609595921091121,1704
beta,advw,365,180,3.0,0.8,M,rank,50000000.0,fund90,0.7224307248682119,0.19793612797720642,0.2739863092247558,-0.3514579825246523,12.345526976960384,0.00820182819846319,1.35537060902594,1673
beta,eqw_top25,365,180,3.0,1.0,M,q20,20000000.0,fund63,0.7224120219582354,0.338232132232328,0.46819837149925236,-0.44991319349907477,17.45393132879845,0.599828668118659,0.830281713994046,1704
beta,eqw_top25,180,90,1.0,1.0,M,q20,50000000.0,fund90,0.7221826345126282,0.36591098001212063,0.5066737450133498,-0.6393546096297782,18.605478775219126,0.78638131491114,0.651781555258659,1673
beta,sqrt_advw,730,180,3.0,0.8,M,rank,50000000.0,none,0.721908291906573,0.272966375521269,0.37811780053164346,-0.5172167668478619,17.88002093190472,0.5672064126523302,0.9237274405601267,2007
beta,advw_top100,730,180,3.0,0.6,W,q20,50000000.0,none,0.7218050136183932,0.3196673529647603,0.44287217036949433,-0.5571894714222709,32.47839253357835,0.28744894246402974,1.1984138041252832,2021
beta,advw,365,90,1.0,0.6,W,rank,50000000.0,fund90,0.7216509554048424,0.19685457521846336,0.27278364109977377,-0.3463575012657038,20.313358325669785,-0.17086146700912766,1.5934428370358793,1673
beta,btceth,730,180,3.0,0.4,W,q20,50000000.0,fund90,0.7213319329946667,0.25636208313037445,0.3554009900352905,-0.6562263583073775,21.882388711314196,-0.2977016508120178,1.650399128897588,1673
beta,advw_top100,365,180,3.0,1.0,M,q20,20000000.0,fund63,0.7212221244802813,0.2754275823926248,0.38189009050588985,-0.4544253047223398,15.037672754006289,0.7231807567698684,0.7272655712913977,1704
beta,advw_top100,365,180,3.0,0.6,M,rank,50000000.0,fund63,0.7209539329559568,0.20235719919138892,0.28067979095656165,-0.4460248408765244,13.614773144243852,-0.15796590993421017,1.4461959231080803,1704
beta,btceth,365,90,1.0,0.4,M,q20,20000000.0,fund63,0.7209501152928729,0.20904113119434994,0.28995228207908774,-0.4084285178916329,15.850871239508706,0.3064365560491168,1.0781535709025551,1704
beta,advw_top100,365,90,1.0,0.6,W,rank,50000000.0,fund90,0.7208783908295255,0.19723841458851996,0.27360844366766873,-0.3470912996652652,20.442751682613,-0.1533655979268473,1.579898679903882,1673
beta,advw,730,180,3.0,1.0,W,q20,20000000.0,fund90,0.7206722597346302,0.24144049262760836,0.3350212102190708,-0.7129909856880935,21.86935371680873,0.6622076200663605,0.7747057683327024,1673
beta,eqw,180,90,1.0,0.8,M,q20,50000000.0,none,0.720578504155953,0.3688227193810641,0.5118425227145559,-0.6708294770432355,26.220386680486495,0.7982734975644621,0.6331714341700965,2007
beta,eqw,365,90,1.0,0.8,M,q20,20000000.0,fund90,0.7201522743798277,0.2502928212190055,0.3475554131028048,-0.3919530296620297,15.270033460785596,0.1727392465011863,1.2230445932671832,1673
beta,advw,180,90,1.0,0.8,M,q20,50000000.0,fund63,0.7197998727599143,0.27166588126339886,0.37741862918335306,-0.5067382435368903,16.603518843068972,0.3991043732700263,1.0233591090297713,1704
beta,eqw_top25,365,90,1.0,1.0,W,q20,50000000.0,fund90,0.7189333637397578,0.3686594350557836,0.5127866554114079,-0.6983879137271474,32.12404307126693,0.26482230831384396,1.1714848377039193,1673
beta,advw,180,90,1.0,0.4,M,q20,50000000.0,none,0.7188274349879165,0.33403174553148457,0.4646897562237585,-0.578025732370383,24.809595664036106,0.7023011238102834,0.7381804350659606,2007
beta,sqrt_advw,365,90,1.0,0.6,M,q20,50000000.0,none,0.7181878942021213,0.35422557184001097,0.4932213069861638,-0.7006442289437333,25.03156711451334,0.4663556359680085,1.0133987099604602,2007
beta,btc,730,180,3.0,0.8,M,rank,5000000.0,fund63,0.7175176881176855,0.1620436277827713,0.22583920991254122,-0.3243471590072229,8.7887575004794,0.42027762074031466,0.9722711774355726,1704
beta,btceth,365,180,3.0,0.4,M,rank,5000000.0,fund63,0.7170348202870284,0.13571852479126423,0.1892774534114483,-0.2732866611187155,9.195870699905086,-0.16215935862201022,1.3353245719796754,1704
beta,eqw_top25,365,90,1.0,0.4,M,q20,5000000.0,fund63,0.716320534320896,0.19741092863941828,0.2755902130134698,-0.42134845160587786,14.714553775298905,-0.18542711923799038,1.473265885732714,1704
beta,eqw_top25,365,90,1.0,1.0,M,q20,20000000.0,fund63,0.7161872662289995,0.3530202419920409,0.49291611096470306,-0.6671294222855391,19.693064541306065,0.8282155470244921,0.6197752621541119,1704
beta,eqw,365,90,1.0,0.6,W,rank,50000000.0,none,0.7160895471595076,0.25063242643724915,0.35000151507786387,-0.6537496806836219,28.539849535599533,0.15540270438847428,1.3408589127811668,2021
beta,eqw_top100,180,90,1.0,1.0,M,q20,50000000.0,fund63,0.7160490510765605,0.3585959027017196,0.5007979581323099,-0.6579983629751474,19.675508515175625,0.8874990284111438,0.5483854068902478,1704
beta,eqw_top100,365,90,1.0,0.4,M,q20,50000000.0,none,0.7159085010370694,0.3628730879632887,0.5068707627268407,-0.6037026571270963,25.310305175838963,0.5459104907859016,0.8958813705205971,2007
beta,eqw_top100,365,90,1.0,1.0,M,q20,50000000.0,none,0.7159020266833488,0.46032600440614196,0.6430013985834812,-0.797358912007339,27.66581848368541,0.6257698739899821,0.8231583250537244,2007
beta,eqw_top25,365,180,3.0,0.4,M,q20,20000000.0,none,0.7158874171853874,0.3041476765723755,0.42485406122679886,-0.7274874015983785,19.402389643660936,0.29068514548168256,1.1355231128451289,2007
beta,advw,180,90,1.0,0.4,M,q20,20000000.0,fund63,0.7156374029705587,0.21667970854573587,0.30277862454689236,-0.47711657607303615,16.085238413748066,-0.06088365341698682,1.4113523643264219,1704
beta,eqw_top100,365,90,1.0,0.8,W,q20,50000000.0,fund90,0.7150716017634773,0.30165545512430186,0.42185349604203665,-0.6118612337889306,27.841980290443775,0.1470350587207,1.2589091092240334,1673
beta,advw,730,180,3.0,0.8,W,q20,5000000.0,none,0.7149985859732407,0.31831529448325296,0.44519709650889594,-0.8219432228011169,21.679096781838265,0.5024102625085526,1.0799538715571122,2021
beta,sqrt_advw,365,180,3.0,0.4,M,rank,5000000.0,fund90,0.7147954332552003,0.13407298886851207,0.18756833442253476,-0.29674558341713475,8.623362593320223,-0.21967072831996803,1.4614983159533619,1673
beta,eqw,365,180,3.0,1.0,M,q20,20000000.0,fund90,0.7145508775513706,0.27679018151342405,0.38736245410814013,-0.3768745801531115,14.118205653019338,0.32586890987874917,1.0534055449094457,1673
beta,sqrt_advw,365,90,1.0,0.8,M,q20,50000000.0,none,0.7145453704337669,0.37661554961101906,0.5270701696414232,-0.6982478400997331,25.435812447061448,0.5020739999369142,0.9768400741964353,2007
beta,eqw_top25,365,180,3.0,0.6,M,rank,5000000.0,fund63,0.7144453083277722,0.15462970444719146,0.21643322819085634,-0.27903833378737397,10.168897667184329,-0.11227880916939709,1.3989104275033588,1704
beta,advw_top100,365,180,3.0,0.6,W,q20,20000000.0,fund63,0.7143438765608092,0.22602568727865535,0.3164101977983634,-0.5572680413163219,22.435404540654584,-0.041792667987863824,1.3154728508986502,1704
beta,eqw_top25,365,180,3.0,0.8,M,rank,20000000.0,fund90,0.7140322781320484,0.19746625845559374,0.2765508850274631,-0.2812938902801716,13.871786825307629,0.37580086291330694,1.0182026608798818,1673
beta,btc,730,180,3.0,0.4,W,q20,50000000.0,none,0.7139761640156946,0.30391572261857747,0.4256664829106211,-0.6515938504049135,32.65580622628489,0.1863569150471985,1.3423723696866772,2021
beta,btc,730,180,3.0,0.4,M,rank,20000000.0,fund90,0.7138452864498589,0.15430166808008616,0.21615561664274494,-0.278598253210176,11.624054547074923,-0.05588256022356934,1.3581384373700636,1673
beta,sqrt_advw,730,180,3.0,1.0,M,rank,5000000.0,fund63,0.7136557663258383,0.18862577201588668,0.2643091822644429,-0.35979554385139384,9.640170646730642,0.453333498023769,0.9381371568483856,1704
beta,eqw_top100,730,180,3.0,1.0,M,rank,50000000.0,none,0.7134968507245919,0.325984375517065,0.4568827110953768,-0.5517873358279624,19.561623234687566,0.6041592748542896,0.8617272601110799,2007
beta,eqw_top25,365,180,3.0,0.6,M,rank,20000000.0,none,0.7134682219379889,0.22761912901152825,0.3190319092183923,-0.5006311289890447,16.78172895466319,0.41349856036131216,1.0308899786145145,2007
beta,eqw,730,180,3.0,0.6,W,q20,5000000.0,fund63,0.7134401470117361,0.19413464255985965,0.2721106225560728,-0.45025037383630506,17.081309547392383,0.06358892997205376,1.2484851952413942,1704
beta,btc,730,180,3.0,1.0,W,rank,50000000.0,none,0.713240231764152,0.25605595367117995,0.3590038002172742,-0.5321009852610368,22.692536709219297,0.43542672851984604,1.1443443816888335,2021
beta,eqw_top100,365,180,3.0,0.6,W,rank,50000000.0,fund90,0.7132309716565297,0.21511234250441852,0.3016026379292037,-0.42916513824693997,18.70352169778397,0.04056463193526205,1.3270958556054877,1673
beta,sqrt_advw,365,180,3.0,0.6,M,q20,20000000.0,none,0.7132017986891985,0.2890679758964871,0.4053102171471921,-0.6176083046694436,19.135272256019608,0.25905150782862,1.1814676463598193,2007
beta,eqw_top25,730,180,3.0,0.8,M,rank,50000000.0,none,0.712718630895164,0.2857160699711223,0.40088199969217464,-0.537713149719911,19.214403657007335,0.46763744152629705,1.0192895038654903,2007
beta,sqrt_advw,365,90,1.0,0.8,W,q20,50000000.0,fund63,0.7127030517543007,0.29149087511871774,0.4089934432036178,-0.5499585921071467,29.041020983498093,0.2735909708919282,1.1069611083544988,1704
beta,eqw,365,180,3.0,0.4,W,q20,5000000.0,fund63,0.7125797256178903,0.18340053153493927,0.25737545560380554,-0.5148180910280078,17.99271790921005,-0.43581082261694015,1.7294527001299302,1704
totvol,advw,90,90,,,M,q20,50000000.0,fund90,0.7124348456336345,0.28089797114919324,0.3942788212434564,-0.6476634000687944,15.218611798125114,0.8079894659265773,0.6355108108620428,1673
beta,advw,365,90,1.0,0.4,W,q20,50000000.0,none,0.7123408086952966,0.31121835791961044,0.43689530926864795,-0.5960409383328489,37.2368495368103,0.1078199774060526,1.3256726399070162,2021
beta,sqrt_advw,365,180,3.0,0.8,W,q20,20000000.0,fund63,0.7123193807433146,0.25037895761861123,0.35149816836000936,-0.41717806964397597,23.597863972964788,0.0558436144165916,1.2644157559788591,1704
beta,btceth,730,180,3.0,0.6,M,rank,20000000.0,fund63,0.7118390712410807,0.16136859653815272,0.22669252511920845,-0.2592516843040724,12.639861209112325,0.1469348213700636,1.1731458476706793,1704
beta,sqrt_advw,730,180,3.0,0.4,M,rank,50000000.0,none,0.7117545723906693,0.2636130056125532,0.3703706528039847,-0.6611651561024197,17.449696690401463,0.4910584173861856,0.9619649292289357,2007
beta,sqrt_advw,730,180,3.0,1.0,M,q20,5000000.0,fund63,0.711676860692722,0.25425290050864313,0.35725891138453203,-0.5193880519679261,12.131854771852922,0.4776493108169183,0.9003525292475749,1704
beta,eqw_top100,730,180,3.0,0.4,W,q20,5000000.0,none,0.7114900444766173,0.3281924414337371,0.46127481892618794,-0.798329685881013,21.263467135175745,0.5222678543654652,1.0242781597188395,2021
beta,btceth,730,180,3.0,0.6,M,q20,50000000.0,none,0.7113783592764911,0.3256372646092904,0.4577553707713016,-0.7569983556596724,20.485186457128943,0.34726579882556835,1.2114549769076561,2007
beta,eqw_top100,365,180,3.0,0.6,M,rank,50000000.0,fund63,0.7112165655377081,0.21744866329748724,0.3057418426876592,-0.5074549318601415,14.55419588940491,-0.18138154908157975,1.4798820567796758,1704
beta,sqrt_advw,365,90,1.0,0.4,W,rank,20000000.0,fund90,0.7111812355138994,0.16643080249360648,0.23402023869955393,-0.3432885153363907,20.24142213200137,-0.386486852190782,1.6410677314682822,1673
beta,eqw,730,180,3.0,0.8,W,rank,50000000.0,fund63,0.7106779413378977,0.21234517705762768,0.2987924131398731,-0.40324401177618957,19.620364248676754,0.2067121946635418,1.159822491140172,1704
beta,eqw,730,180,3.0,0.8,M,rank,20000000.0,fund63,0.71056265774829,0.18155570959033818,0.2555097817350438,-0.3894871557559506,13.185160177870783,0.40152084515172637,0.9814795754669283,1704
beta,sqrt_advw,730,180,3.0,0.8,W,rank,50000000.0,fund63,0.7104227589327984,0.21232794206209604,0.29887547856864327,-0.425736267479075,19.797518465005094,0.168875902085316,1.201247772011619,1704
beta,eqw_top25,365,180,3.0,0.8,M,rank,20000000.0,none,0.7103999276941978,0.24392464208065018,0.3433624252642818,-0.5590167648627595,17.31414170469828,0.4786439557675424,0.964875406435545,2007
beta,eqw_top100,365,180,3.0,0.4,M,q20,5000000.0,fund90,0.7099072125977294,0.18480892398552112,0.26032828052170187,-0.529004624499779,11.099783361511168,-0.271516731899504,1.4903740178969394,1673
beta,sqrt_advw,365,90,1.0,0.8,W,q20,20000000.0,fund90,0.7097831966649436,0.24822727027884553,0.34972266382916684,-0.3733125309861129,24.901077171737967,0.06767001217234841,1.313156729546313,1673
beta,eqw,365,180,3.0,1.0,M,q20,20000000.0,none,0.7097597290706033,0.35865286460608614,0.5053158835536148,-0.8248984949561377,20.016759244421067,0.4320374614417977,1.0155515354393394,2007
beta,eqw,365,180,3.0,0.4,M,q20,20000000.0,none,0.7095911154944577,0.2900998819557248,0.408826823816103,-0.6973681565700607,19.09207539290345,0.2163732794429912,1.2121527915854038,2007
beta,btceth,365,90,1.0,0.4,M,rank,20000000.0,fund90,0.7095840468096708,0.14326340051732728,0.20189771903898832,-0.3290179077356087,13.490687973566214,0.0314958304365722,1.3491921003223386,1673
beta,eqw_top25,730,180,3.0,0.8,W,q20,5000000.0,fund63,0.7095739045131806,0.23542495271224378,0.3317835551939617,-0.5256459780480714,19.63257797701022,0.22796515649547308,1.1153859253278988,1704
beta,sqrt_advw,365,180,3.0,0.8,M,q20,20000000.0,none,0.7095684640532618,0.30671708406506226,0.4322586185877046,-0.6685205607806433,19.409856957609247,0.3178093814434705,1.121669248455234,2007
beta,eqw_top25,365,90,1.0,0.4,W,q20,50000000.0,none,0.7089221941690127,0.33665263900399217,0.4748795308892973,-0.8510330259803075,39.058223479994396,0.1115283716425117,1.2941319784242444,2021
beta,advw_top100,365,90,1.0,0.6,W,q20,50000000.0,fund63,0.7088377760363688,0.2619628248472704,0.3695666818324729,-0.4376016851302431,27.397408072247337,0.2232286977687044,1.150686954294544,1704
idvol,advw,90,90,,,W,q20,5000000.0,fund90,0.7086967630019604,0.1888049756789359,0.26641151129176754,-0.34287042183941346,18.595258224671237,1.234435407693186,0.33736519789125147,1673
beta,advw,730,180,3.0,1.0,W,rank,50000000.0,none,0.708422153950599,0.25817181914047904,0.36443216477739104,-0.4387464058973285,23.962720131981147,0.3540022256769047,1.1321820114552035,2021
beta,advw,180,90,1.0,0.8,M,q20,50000000.0,fund90,0.7083533433149306,0.26235101174128417,0.3703674362762824,-0.5201969002255041,15.480186722492494,0.24406947030880377,1.1609779740922468,1673
beta,btc,730,180,3.0,1.0,M,q20,20000000.0,fund90,0.7081622141356031,0.23408782791697397,0.3305567894535381,-0.39345705116003105,12.759467108151041,0.44582094849827836,1.0039720570630077,1673
beta,eqw_top100,365,180,3.0,0.8,M,rank,20000000.0,fund63,0.7080721066293625,0.19348493874414385,0.27325598188748135,-0.3211648936192639,14.15278984636025,0.3838619108185592,0.9786373948785783,1704
beta,advw_top100,730,180,3.0,0.4,W,q20,5000000.0,none,0.7076205990878338,0.2968402022360671,0.41949061773881696,-0.681667582578021,21.52099067825432,0.3465585072856387,1.2746632593104106,2021
beta,eqw,365,90,1.0,0.4,W,rank,50000000.0,none,0.7074935266777677,0.2502153362469635,0.3536644885246075,-0.6374184786577571,28.41266124092393,0.11790718940636685,1.3228477898622686,2021
beta,eqw_top25,365,90,1.0,0.4,W,rank,20000000.0,fund90,0.7073849631736912,0.17773135625510358,0.2512512500374756,-0.4209524320998481,21.350986684615947,-0.44433796349040766,1.705690178782273,1673
beta,sqrt_advw,365,90,1.0,0.6,W,rank,50000000.0,none,0.7071827299349793,0.2441657482253642,0.34526542842443786,-0.574031974055334,28.699551814745558,0.16923162482901719,1.2858493499411108,2021
beta,btc,365,90,1.0,1.0,M,q20,50000000.0,none,0.707027395198559,0.45012858336827083,0.6366494232403235,-0.773306274331764,23.580063066158374,0.7917962647978811,0.6304949934196019,2007
beta,advw_top100,365,180,3.0,1.0,M,q20,50000000.0,fund63,0.7069488434823898,0.3104742663650286,0.4391750113567623,-0.6294181272641998,15.595534298265642,0.6606396123066045,0.7509333958220368,1704
beta,eqw_top25,730,180,3.0,0.6,M,rank,50000000.0,none,0.706767204228061,0.2687885142658083,0.38030699876543095,-0.595102399104624,18.58399814399483,0.42600274146540207,1.0393938154532074,2007
beta,eqw,365,90,1.0,0.8,W,q20,20000000.0,fund63,0.706757468657393,0.25292214666226603,0.3578627151160284,-0.4204684739992852,26.6426226122127,0.36847142085789636,0.9921347585233975,1704
beta,advw,730,180,3.0,0.6,W,q20,5000000.0,none,0.7061769966685294,0.2998451940275653,0.4246034569833332,-0.7011517378006579,21.436449667617527,0.4422810353745501,1.1488226165646236,2021
beta,eqw_top100,365,180,3.0,0.6,M,q20,20000000.0,none,0.7053657908854105,0.29933805169270367,0.42437279431564084,-0.7100157974863666,19.865201855074464,0.3412687626581028,1.0845563689912532,2007
totvol,advw,180,180,,,W,q20,20000000.0,none,0.7053184164696046,0.29322151512900796,0.41572927670979676,-0.8264173217400379,25.816430049112025,0.03387576053055469,1.4333200616299686,2021
beta,eqw_top25,365,180,3.0,0.6,M,rank,50000000.0,none,0.7047570726524972,0.25853976095264813,0.3668494733647452,-0.569524095128024,18.93953259267002,0.17324333045262252,1.2299944731095815,2007
beta,eqw_top100,730,180,3.0,0.8,W,rank,50000000.0,fund63,0.7043524190914295,0.2248775716332125,0.31926854446427605,-0.4648040398436907,20.895890252818564,0.1436923622735453,1.2202543088397215,1704
totvol,advw,90,90,,,W,q20,50000000.0,none,0.7042008726054455,0.347586976704075,0.4935906645756507,-0.9477599632445989,34.89537489347338,0.3079293540871368,1.1518660552392994,2021
beta,sqrt_advw,730,180,3.0,0.6,W,q20,5000000.0,fund90,0.7041831424992514,0.18435919579248453,0.26180575004702056,-0.428421057295417,15.88931360052412,0.08924794542564907,1.2103753606650618,1673
beta,sqrt_advw,365,180,3.0,1.0,W,q20,50000000.0,fund63,0.7041173791955405,0.3321097749613856,0.47166819734065296,-0.6051722847998529,27.549281046029897,0.19004928755685785,1.1081202078383738,1704
beta,eqw_top25,365,180,3.0,0.8,M,rank,50000000.0,none,0.7040731700733297,0.27296338302970014,0.38769178351345324,-0.49902438697519264,19.55326782740287,0.2118443277385983,1.2107041380642363,2007
beta,advw,730,180,3.0,1.0,W,q20,50000000.0,fund90,0.7040649447965583,0.26926679988789737,0.38244596876741654,-0.4914091895180954,22.474528699472213,0.5543642988866748,0.8359753238370099,1673
beta,advw_top100,180,90,1.0,0.4,M,q20,50000000.0,fund63,0.704044372030726,0.26769690800404666,0.38022732463851555,-0.572718487416751,16.910552729146005,0.014541598442912685,1.3311446182171625,1704
beta,btceth,730,180,3.0,0.4,M,q20,50000000.0,none,0.7036815717851426,0.326558834841826,0.4640718869664178,-0.7722524241982132,20.80554253128556,0.3234532976795629,1.1776324798417597,2007
beta,btc,730,180,3.0,0.4,W,q20,20000000.0,none,0.7036178187738233,0.3032466084505393,0.4309819910175091,-0.5822178705923289,28.304992363364995,0.41013546883347923,1.0164354718465958,2021
beta,advw,730,180,3.0,0.8,W,q20,5000000.0,fund63,0.7035763948240962,0.20265665123852736,0.28803787723605234,-0.46280343478417596,17.136922727771164,0.23274405264203843,1.0820027839259092,1704
beta,btc,365,90,1.0,0.4,W,q20,50000000.0,fund90,0.7035743742657691,0.2366118869579638,0.3362997511171231,-0.5161891865989637,25.177896760467306,-0.11812563701676437,1.5326599914734849,1673
beta,eqw_top100,365,90,1.0,0.6,W,rank,50000000.0,fund90,0.7032203436416639,0.2126161347230277,0.3023463934817126,-0.3728880371949884,21.63265060288093,-0.1775074666586854,1.5518275260486711,1673
beta,eqw,365,90,1.0,0.8,W,q20,50000000.0,fund63,0.7031722973432843,0.28508084322483285,0.4054210387723197,-0.4915202496305715,28.320716147129037,0.21135787073897758,1.125733934373964,1704
beta,btceth,365,90,1.0,1.0,M,q20,50000000.0,none,0.7031012986031406,0.38852423898558097,0.552586433501782,-0.7740615085384857,24.097621533804894,0.709373521617145,0.7252168579255603,2007
beta,advw_top100,365,90,1.0,0.4,W,rank,20000000.0,fund90,0.7028948779365525,0.15776664919239422,0.22445269434248907,-0.32953661537514933,20.058376407593347,-0.3912393979270472,1.6623329201106913,1673
beta,btceth,365,90,1.0,0.4,W,q20,50000000.0,fund90,0.702756170710005,0.2436037947506112,0.346640563119488,-0.5315169895061174,24.796629603901618,-0.15873793387846957,1.5402395413360084,1673
beta,advw,180,90,1.0,1.0,M,q20,50000000.0,none,0.7015657633362131,0.3658507661871596,0.5214775083199606,-0.6350696144935465,25.15927291950076,0.8008326151916634,0.5887893857303232,2007
beta,advw,730,180,3.0,1.0,W,q20,5000000.0,none,0.7015480723820041,0.33788552666691657,0.4816284727569353,-0.9489502009033942,22.08167544997021,0.5400569321633955,0.9734379032195886,2021
beta,btceth,730,180,3.0,0.8,W,q20,20000000.0,fund63,0.7014827851457285,0.2812852307228068,0.4009866481105044,-0.5875590215265163,22.836572977246597,0.46160235576550496,0.8785912655468407,1704
beta,eqw_top100,365,180,3.0,1.0,M,q20,20000000.0,none,0.7012018617141103,0.375295195374982,0.5352170549826564,-0.8103714524740344,21.385319825977216,0.46422649695620527,0.9438778445519926,2007
beta,eqw_top100,730,180,3.0,1.0,M,rank,5000000.0,fund90,0.7009901483544987,0.1917030480266343,0.2734746679060144,-0.3974168488578066,9.432762989610087,0.47189329873374974,0.9144629632153768,1673
beta,btc,730,180,3.0,0.4,M,q20,50000000.0,fund63,0.7009604309674747,0.2509858729492459,0.35805997294716324,-0.5619750556222097,14.493111464733595,-0.10013145772843415,1.4787516004233519,1704
beta,advw,365,90,1.0,0.8,W,q20,20000000.0,fund90,0.700651666165752,0.2308127527881147,0.3294258244631244,-0.3863805006128607,23.77184483806139,0.00902175042134144,1.3834438577810724,1673
beta,advw,365,180,3.0,1.0,M,q20,50000000.0,fund90,0.7004237587545473,0.29530839143630777,0.4216138983654808,-0.6405429044650341,14.217848056318594,0.6290471263996942,0.7659015297751848,1673
idvol,advw,90,90,,,W,rank,20000000.0,fund63,0.6999771343571047,0.17956864826510163,0.2565350201475177,-0.2762044918021282,20.119311665024295,0.49632284978960134,0.8639471455875158,1704
beta,eqw,365,180,3.0,0.6,W,rank,50000000.0,fund63,0.6995398297978496,0.2059921884933733,0.2944681342203205,-0.4787872815583003,19.517317615812807,-0.13554117719967546,1.4227363549499343,1704
beta,advw_top100,730,180,3.0,1.0,W,rank,50000000.0,none,0.6994269955743528,0.2550903824765199,0.3647133783663093,-0.43549009541092315,23.890688453863163,0.34997649997009594,1.1158006896754151,2021
beta,advw,730,180,3.0,0.6,M,rank,50000000.0,none,0.6993444808939762,0.2388584777948664,0.3415462398295217,-0.5343754801797669,17.13999877083662,0.4460745071949718,1.0055638626003776,2007
beta,advw_top100,365,90,1.0,0.8,W,q20,20000000.0,fund63,0.6992629323902965,0.2437946468479832,0.34864517416162444,-0.4739536635650582,25.768264206366542,0.38531543020728887,0.9628111205354231,1704
beta,eqw,365,180,3.0,0.8,W,q20,20000000.0,fund63,0.6991844993702013,0.2426954588527169,0.3471121843681141,-0.4405112725139999,23.72400186917691,-0.02184484612107241,1.2879759528666916,1704
beta,sqrt_advw,365,180,3.0,0.6,W,rank,50000000.0,fund90,0.6988107808086661,0.20087242104525269,0.2874489440658063,-0.4044398570375785,18.066464967018568,0.024058372200366152,1.2952704604402936,1673
beta,eqw,365,180,3.0,0.6,M,rank,50000000.0,none,0.6987375967389192,0.2523478081601744,0.3611481754207985,-0.6364330134528929,18.06994615067178,0.23431623627027606,1.2056425592252513,2007
beta,eqw_top25,365,90,1.0,0.4,W,rank,50000000.0,fund90,0.6984714989755545,0.22255226323278404,0.3186275511015132,-0.41642175256424474,21.97223285646892,-0.2955875920326678,1.640868547789265,1673
beta,advw_top100,730,180,3.0,1.0,W,q20,50000000.0,none,0.6982670851264959,0.3397603798466474,0.4865765365198295,-0.639061954597518,33.82276448937915,0.36948811943445914,1.0643667337744336,2021
beta,sqrt_advw,180,90,1.0,0.4,W,q20,20000000.0,fund63,0.6981755970624571,0.25402679150748203,0.36384369860002047,-0.5769356417558997,26.61357470777159,-0.007992379638817984,1.2362750739108412,1704
beta,eqw_top100,730,180,3.0,1.0,W,rank,5000000.0,none,0.6980493571488522,0.2839454290269648,0.4067698453111192,-0.8592539170614671,16.521756090837883,0.43037299885718,1.0970837984420132,2021
beta,eqw_top100,365,90,1.0,1.0,M,q20,20000000.0,fund63,0.6977690624815883,0.323050257772519,0.46297589724543453,-0.5894431616666347,18.176002152711778,0.7013286599131321,0.6981358936175409,1704
beta,btceth,730,180,3.0,1.0,M,q20,5000000.0,fund63,0.6977156554761741,0.24332134769669655,0.34873998567602105,-0.4482909529313112,11.232773239564013,0.4256543794739196,0.9147597363459437,1704
beta,advw,365,90,1.0,0.4,W,rank,20000000.0,fund90,0.6966271996450364,0.15667616361962183,0.22490675600874546,-0.32934098977184656,19.98790782202833,-0.3954242342061306,1.6417720562803695,1673
beta,advw,365,90,1.0,1.0,W,q20,50000000.0,none,0.6965503349670357,0.3472334786091971,0.4985045030889691,-0.5214825122166792,38.225567249626884,0.2688050946279264,1.1793091886625875,2021
beta,eqw,730,180,3.0,0.8,W,rank,5000000.0,fund63,0.696465872487799,0.15557179632139256,0.22337317945771695,-0.3424662998854877,13.515531250431248,0.32249228975737376,1.0201235935157449,1704
beta,btceth,730,180,3.0,0.6,M,rank,20000000.0,fund90,0.6962152591795453,0.1496328094174229,0.2149231971642759,-0.28094895413829735,11.596850723711825,0.06954927535370069,1.2424511120231718,1673
beta,advw_top100,730,180,3.0,1.0,M,q20,5000000.0,fund90,0.6960731907333364,0.2260211641097644,0.3247089057856739,-0.5454506590241849,10.420865132116104,0.49768334847690754,0.8702847121480541,1673
beta,eqw,730,180,3.0,0.8,M,rank,20000000.0,fund90,0.6951093658675838,0.16799909038978014,0.24168727777116938,-0.4016133837257701,12.157121254929274,0.3546822234319921,1.0055623554540412,1673
beta,eqw_top25,180,90,1.0,0.8,M,q20,20000000.0,none,0.6948198103292251,0.3173691242290958,0.4567646453239688,-0.9744556284691241,25.0179720987363,0.6848953939852988,0.7091517610799661,2007
beta,btc,730,180,3.0,0.8,M,q20,50000000.0,fund90,0.6947800953269891,0.2348262345542715,0.3379864163260947,-0.44525527467018633,12.849880804988471,0.15297342508174125,1.3049664671318504,1673
beta,eqw_top25,180,90,1.0,1.0,M,q20,20000000.0,none,0.6944913330686568,0.3767385985867899,0.5424669548029417,-1.1077512257440734,26.61920832400333,0.7673282834637803,0.6157657971890581,2007
beta,advw,180,90,1.0,0.4,M,q20,20000000.0,fund90,0.6944031339269967,0.2060933797794339,0.2967921221984298,-0.44793735833456017,15.072724103153044,-0.17009170137401225,1.4678685505038624,1673
beta,advw,365,180,3.0,0.4,W,q20,20000000.0,fund63,0.693924192405395,0.2252945964236089,0.32466744766839073,-0.6247288438870138,22.28219771025363,-0.23065439643750849,1.4226242532395663,1704
beta,btceth,730,180,3.0,0.6,W,q20,50000000.0,fund90,0.6936136578538741,0.23282225513433785,0.33566561514189114,-0.5746908301773608,21.702558008420468,-0.2160989690575671,1.5418225271611823,1673
beta,btceth,365,180,3.0,0.6,M,q20,50000000.0,fund90,0.693538929680765,0.24513382576020598,0.3534535918164547,-0.4532572769724326,14.011827005144623,0.5495463652326388,0.8188311770393563,1673
idvol,advw,90,90,,,M,rank,20000000.0,fund90,0.6929223147060521,0.15936765886823204,0.22999354398889307,-0.32034402430181574,13.643203032090556,0.7852092055198607,0.6328575238934692,1673
beta,eqw_top100,730,180,3.0,0.4,W,rank,5000000.0,none,0.6928329942243916,0.22671483089327157,0.3272286868310492,-0.6105326749427102,15.290088215988774,0.22445943083486175,1.3253543969627348,2021
beta,sqrt_advw,365,180,3.0,0.8,W,q20,20000000.0,fund90,0.6927953304423167,0.23451728117581774,0.3385087498007379,-0.357874542560344,21.783919083121788,-0.11586306662223042,1.4128437646039325,1673
beta,eqw_top100,730,180,3.0,1.0,W,rank,20000000.0,fund63,0.6926806466247378,0.22699508703976606,0.3277052537065344,-0.4477083116322401,20.252867857741666,0.5093062385275626,0.8453054353300244,1704
beta,btc,730,180,3.0,1.0,M,q20,20000000.0,fund63,0.6923123640515592,0.24230579205111477,0.3499948933933372,-0.3946667878238203,13.965185242226463,0.6125506491915457,0.76744727563044,1704
beta,advw_top100,365,90,1.0,0.8,W,q20,50000000.0,fund90,0.6920351207838803,0.25714264496980466,0.37157455921967464,-0.477819228696217,25.966395177747813,0.14915704739764726,1.2209050434052635,1673
beta,advw,730,180,3.0,0.8,W,rank,50000000.0,fund63,0.6919697156135582,0.1930082773501979,0.2789259023844138,-0.395529411469278,18.93893794321948,0.14178285073154534,1.1869305705766786,1704
beta,eqw,180,90,1.0,0.4,M,q20,50000000.0,none,0.691811354931197,0.33261844769888993,0.4807935650781128,-0.5704537480617954,25.705741227026113,0.7166212486411836,0.6664604603528872,2007
beta,sqrt_advw,365,90,1.0,0.4,M,q20,5000000.0,fund63,0.6915155879677973,0.18064530032260434,0.26123098808730927,-0.2745146464134979,13.83483970175446,0.010525188962197582,1.2688060105790648,1704
idvol,advw,90,90,,,W,rank,20000000.0,fund90,0.6915048564095639,0.17324917415294266,0.25053934552605767,-0.2823008817341154,18.807264328558297,0.5305104223484617,0.8227934176266968,1673
beta,sqrt_advw,365,90,1.0,0.4,W,rank,50000000.0,none,0.6914169202331045,0.2429080243279935,0.3513191783708437,-0.5752861641725672,28.59496885072647,0.12866534443088828,1.2615203051648198,2021
beta,eqw,180,90,1.0,0.8,M,q20,50000000.0,fund90,0.6911070927453209,0.2634198075546703,0.3811562785563002,-0.4501028637601119,16.867478774488468,0.5582728937436846,0.8183754684156553,1673
beta,eqw,365,180,3.0,0.8,M,rank,20000000.0,fund63,0.6907777757024471,0.17485631845969707,0.25312962375184533,-0.3048809448124613,13.14565644685245,0.36544995552572124,0.9554647381295918,1704
beta,eqw,365,180,3.0,0.8,W,q20,20000000.0,fund90,0.6905423340763982,0.22996341040596854,0.33301855521073165,-0.3725233802491603,22.01034162358957,-0.22197644131364858,1.4655698536473944,1673
totvol,advw,180,180,,,M,rank,50000000.0,none,0.6898509935539031,0.24757877631535857,0.358887322956379,-0.6541893025112236,15.664197199933358,0.509136291722028,0.8911242235955458,2007
beta,eqw,365,90,1.0,0.4,W,rank,20000000.0,fund90,0.6898477608299054,0.15980778428543307,0.23165659636726224,-0.3371373906788672,20.041400293633938,-0.39275096093987544,1.5861449191354215,1673
beta,advw_top100,730,180,3.0,0.6,M,rank,50000000.0,none,0.6897317322134149,0.23497619626872657,0.3406776653796477,-0.552266806926959,17.13948639236574,0.4494765719274801,0.9803850626153843,2007
beta,advw,730,180,3.0,0.8,M,rank,50000000.0,none,0.6897185914577401,0.24080843415863704,0.34914012343741735,-0.4910632479936607,17.122295027966658,0.4727788578115965,0.965622569779684,2007
beta,eqw,180,90,1.0,0.4,M,q20,20000000.0,fund63,0.6892583356337878,0.21340740926249513,0.3096189022745186,-0.45115828478906395,16.569836691111714,0.08500537862013449,1.24286052825334,1704
beta,btceth,730,180,3.0,0.8,W,q20,5000000.0,fund63,0.6892539029242105,0.2031057630507847,0.2946748102391492,-0.44223086563898395,17.13965720467315,0.3290981919000073,0.9795498733318709,1704
beta,btceth,730,180,3.0,0.8,M,q20,50000000.0,none,0.6890850425489525,0.32501230822822996,0.47165776088535694,-0.7445053830502938,20.340367518188348,0.3495573799415201,1.1891532298523215,2007
beta,btc,730,180,3.0,0.6,W,q20,50000000.0,fund90,0.6880231954457598,0.22381683020947987,0.32530419278157086,-0.46110199065115204,21.27353082248789,-0.06734905797561892,1.4139487095469205,1673
beta,btc,730,180,3.0,0.4,W,q20,5000000.0,none,0.687971458378747,0.25577002869050275,0.3717741856518913,-0.7841812914501936,21.322068635573824,0.325024417528057,1.2187881701663903,2021
beta,advw,730,180,3.0,1.0,W,rank,20000000.0,fund63,0.6876726296748538,0.19358559212464,0.28150835698691595,-0.38231867572302064,17.900864992207296,0.5049631786551687,0.8371257739605573,1704
beta,btc,730,180,3.0,0.6,W,q20,5000000.0,none,0.6874727806835603,0.2636541784365181,0.3835121707282205,-0.7915991275813608,21.2271484774855,0.3779314709318883,1.1676496789727995,2021
beta,advw_top100,365,180,3.0,0.6,M,rank,5000000.0,fund63,0.6874488223045396,0.13487468990388243,0.1961959720168565,-0.2755428221038955,9.211968323653085,-0.1424715635323721,1.3383671949597848,1704
beta,sqrt_advw,365,180,3.0,0.4,W,q20,50000000.0,none,0.6871231721563548,0.33225116133763793,0.48353945085996053,-0.8983009256456885,33.591573769058385,0.2895564880154898,1.0664403324383713,2021
beta,eqw,365,90,1.0,0.4,W,rank,50000000.0,fund63,0.6870237962877574,0.20870024275423907,0.30377440182119353,-0.3824005011600144,22.376545665329814,-0.08009578390737142,1.3969058180011604,1704
beta,advw,365,180,3.0,0.6,M,rank,5000000.0,fund63,0.6870025957258393,0.13359395697663975,0.1944591735282945,-0.2666042226375912,9.158442366099385,-0.14660633706497378,1.3467073241959275,1704
beta,eqw_top100,365,90,1.0,0.4,W,rank,20000000.0,fund63,0.6866061136288935,0.17467128537302753,0.2543980921606479,-0.43430624704868603,22.147577317845382,-0.23641160102185677,1.4665007289469818,1704
beta,eqw_top100,730,180,3.0,1.0,W,rank,20000000.0,fund90,0.6865098579748109,0.21451611025057277,0.31247345942473514,-0.45862904210885785,18.696272809428216,0.4371404962473271,0.8991931418238883,1673
beta,eqw_top100,365,180,3.0,0.6,M,rank,5000000.0,fund63,0.6862807647793957,0.14424454399939377,0.21018299128019569,-0.30188526292211687,9.81366888509422,-0.2005967466605507,1.4288568103209804,1704
beta,btc,730,180,3.0,0.6,W,q20,20000000.0,none,0.6862578839577692,0.3026856211018576,0.4410668761373154,-0.6821878536588768,28.04194811174347,0.4411367779084305,0.9554172009647367,2021
beta,sqrt_advw,730,180,3.0,1.0,W,rank,20000000.0,fund63,0.6860855314417922,0.2062222054198622,0.300577983311339,-0.40034524555533263,18.918159164714876,0.5373358608318175,0.810815151827024,1704
totvol,advw,90,90,,,M,rank,5000000.0,fund63,0.6860428098005319,0.149895657926597,0.21849315492451468,-0.25968123062987175,10.536405397291638,0.4782627658644496,0.854364945418046,1704
beta,advw,365,180,3.0,0.8,M,rank,50000000.0,fund63,0.6858461920619019,0.19531077144638304,0.28477342836767544,-0.3924632138401079,13.44957704697479,8.262121462581707e-05,1.2509332935428517,1704
beta,eqw_top100,365,180,3.0,0.4,W,rank,20000000.0,fund90,0.6857476464086817,0.1715805374575788,0.25020944418279895,-0.3574230371607769,17.382718128199127,-0.19919217220035698,1.38724130935915,1673
beta,eqw_top25,730,180,3.0,1.0,M,rank,50000000.0,none,0.6845275097331254,0.30782893521283594,0.4496954919063052,-0.5330768918166443,20.045121806325344,0.492650739076505,0.9254103851767757,2007
beta,btc,365,90,1.0,0.4,W,q20,50000000.0,fund63,0.6842129558763529,0.24168762653142753,0.3532345075545514,-0.5808480747979088,27.271186736232465,0.04270611189623803,1.297575229639792,1704
idvol,advw,180,180,,,W,rank,20000000.0,none,0.683909880869383,0.21766423776897237,0.31826450217721464,-0.6079834349052937,19.552161565097204,-0.21193624884000284,1.701920932174901,2021
beta,eqw,730,180,3.0,1.0,M,q20,5000000.0,fund63,0.6834933195791244,0.24524477330919037,0.3588107831985908,-0.5133754728362041,11.915783670819577,0.42691333525018654,0.8909224598345253,1704
beta,advw,365,90,1.0,0.8,M,q20,20000000.0,fund63,0.6833098594945131,0.23231857520900479,0.33999008207032944,-0.41696825619190087,16.039711327245485,0.5386898990380352,0.8114419552109372,1704
idvol,advw,90,90,,,M,rank,20000000.0,fund63,0.6833087410385741,0.16141333886853954,0.23622314361617017,-0.3167153289617894,14.58603390845796,0.6746202461511596,0.6987832437244282,1704
beta,advw,730,180,3.0,1.0,W,rank,20000000.0,fund90,0.6832653027116792,0.18328043781783115,0.2682419802241457,-0.396223835760661,16.536400335596948,0.40592566489101806,0.9187534242938848,1673
beta,eqw_top100,365,90,1.0,0.6,M,q20,20000000.0,none,0.6831655362506708,0.2835068868305315,0.4149900306541599,-0.723742235204226,22.739036082035838,0.1530815066724414,1.3087795226487484,2007
beta,eqw_top100,730,180,3.0,0.6,W,q20,5000000.0,fund90,0.6830259888497157,0.18705165329434853,0.2738573002315216,-0.46626844965959513,16.591557999577024,0.14901339487841078,1.1197215002080527,1673
beta,advw_top100,730,180,3.0,0.4,W,q20,50000000.0,none,0.6830082740286773,0.3125666375096937,0.457632285573996,-0.541477539789454,32.36535951006907,0.2162235899009506,1.173718598972154,2021
beta,eqw_top100,365,180,3.0,0.6,M,rank,50000000.0,none,0.682956784892269,0.25263918805064756,0.3699197279231941,-0.6505307337951021,18.58558553695334,0.2322997552444792,1.155585283033319,2007
beta,sqrt_advw,365,180,3.0,0.8,M,rank,50000000.0,fund90,0.6826524072078262,0.19777223850144604,0.2897114789507165,-0.36935534103695983,13.002051800881645,-0.007986085845554651,1.2772673792054645,1673
beta,sqrt_advw,365,90,1.0,0.4,M,q20,50000000.0,none,0.6825420566601019,0.3357642103898675,0.4919318994537419,-0.7185795078483513,24.961376166392554,0.4058941590851974,0.9818723952536578,2007
beta,eqw_top100,365,180,3.0,0.4,W,q20,5000000.0,fund63,0.6818502680361771,0.18818325971166847,0.2759891262544521,-0.5801432942556277,18.41929299903921,-0.42867110965338373,1.63199716526623,1704
beta,sqrt_advw,365,180,3.0,0.8,M,rank,20000000.0,fund63,0.6817801657727256,0.17440948848737042,0.25581484654910097,-0.3080627527061759,13.343791887262853,0.4035346629713967,0.9105545277928652,1704
beta,btceth,730,180,3.0,0.4,W,rank,50000000.0,fund63,0.6814225496162581,0.18886758627470257,0.2771666220630107,-0.4465244671048541,18.60497914964295,-0.12804774018202333,1.426265898792465,1704
beta,advw_top100,730,180,3.0,1.0,W,rank,20000000.0,fund63,0.6814173094497465,0.19344295541873543,0.2838832426709899,-0.38638879136245396,18.008381708333918,0.49548551388440515,0.8331408196872491,1704
beta,btc,730,180,3.0,0.4,W,q20,50000000.0,fund63,0.6812752712830967,0.24251146742054677,0.35596693090563336,-0.663947345247213,23.46453769115221,-0.32772941578816517,1.6387269234853925,1704
beta,eqw_top100,180,90,1.0,1.0,M,q20,50000000.0,fund90,0.6810707710115447,0.33987870443478924,0.49903581081594817,-0.5544474708225482,18.304691392893528,0.7035094117258258,0.6585537273883443,1673
beta,btc,730,180,3.0,0.4,W,q20,5000000.0,fund63,0.6809165182597491,0.17876946982787534,0.2625424189807658,-0.4629486729159146,17.11551718234866,-0.28874328048103604,1.4863215200390716,1704
beta,eqw_top25,730,180,3.0,1.0,W,rank,50000000.0,fund90,0.6808305607583015,0.23870983055837922,0.3506156220315769,-0.35585161680465804,21.0115804545268,0.2824281971395598,1.0718058099549774,1673
beta,btc,730,180,3.0,0.8,M,rank,5000000.0,fund90,0.6806849186863263,0.14541103531110772,0.21362458799842476,-0.347382298796979,7.874072662467443,0.27244603142728835,1.1016540110983177,1673
beta,advw_top100,730,180,3.0,0.8,M,rank,50000000.0,none,0.6804732603031637,0.2370287880362718,0.3483293199951325,-0.4902508363067234,17.12983162095271,0.4762322344070267,0.9402539015995446,2007
beta,btceth,365,180,3.0,0.6,M,q20,50000000.0,fund63,0.6796634088173358,0.25007223544367574,0.36793541067455693,-0.5073930387885334,15.152163283546663,0.5677130436598349,0.7753711452938307,1704
beta,sqrt_advw,365,90,1.0,1.0,M,q20,50000000.0,none,0.6791983287899919,0.40491837690193205,0.5961710442122315,-0.7182811276493921,26.24136047900478,0.5217954506743758,0.8709499128139591,2007
beta,sqrt_advw,730,180,3.0,1.0,W,rank,20000000.0,fund90,0.6786755820649157,0.19452528723434012,0.28662485048082026,-0.410364236874854,17.468798094924654,0.4518168563963654,0.8713696122653461,1673
idvol,advw,180,180,,,M,q20,20000000.0,none,0.678612074413364,0.2679528620219589,0.39485425049885026,-1.1044845130552354,18.19652097663053,-0.0787869374691809,1.485768390788439,2007
beta,eqw,365,180,3.0,0.4,M,rank,50000000.0,none,0.6785567983490219,0.2488889058508459,0.3667915588737902,-0.7241173437425356,17.92697772020556,0.18956505960017628,1.1792646932153323,2007
beta,btc,730,180,3.0,0.4,W,rank,50000000.0,fund63,0.6784022201101323,0.18648513916453674,0.2748887512989898,-0.5054897279728645,18.61997871321679,-0.2945174903188635,1.6186914236151126,1704
beta,advw_top100,365,180,3.0,0.8,M,rank,50000000.0,fund90,0.6782574037391439,0.18758206456355989,0.27656471352829265,-0.3821982157023113,12.401032556160438,-0.032517236987500454,1.3122941596575952,1673
beta,eqw,365,180,3.0,0.8,W,q20,50000000.0,none,0.6781782032420618,0.3443927735922186,0.5078204695253153,-0.5303940657704221,35.41685403963359,0.3073198297090925,1.0682028432669097,2021
beta,sqrt_advw,365,90,1.0,0.4,W,rank,20000000.0,fund63,0.6781172130719113,0.16487231424750282,0.24313247189320178,-0.3781514399207033,21.665389958200358,-0.16761724742041234,1.3839735368770087,1704
beta,eqw_top100,365,180,3.0,0.8,M,rank,20000000.0,fund90,0.677861349049238,0.1775530228401536,0.26193117971571583,-0.3225968880973604,13.047033781966322,0.2556266033939126,1.0425984466836717,1673
beta,btc,730,180,3.0,0.6,W,q20,50000000.0,none,0.6777999338863898,0.2880090844167335,0.4249175457503193,-0.6611632407352821,32.39733359798644,0.18079666461646907,1.3291610217854462,2021
beta,eqw_top25,365,180,3.0,0.4,W,rank,50000000.0,fund90,0.6774861713054026,0.21875572408833535,0.3228932683110412,-0.49170555698195956,18.8914494253395,-0.009323997196961734,1.293969027049373,1673
beta,eqw_top100,365,180,3.0,0.6,M,q20,5000000.0,fund63,0.6774627041141782,0.19014098518911873,0.28066635112812455,-0.45356371971448417,12.32461877534792,-0.2690602822646117,1.4307574751629064,1704
beta,advw_top100,730,180,3.0,1.0,W,rank,20000000.0,fund90,0.6771259974930782,0.18321768348845505,0.27058137505690427,-0.4020322291617007,16.640472017741427,0.3951640126770386,0.9170844030311354,1673
beta,advw_top100,730,180,3.0,0.8,W,rank,50000000.0,fund63,0.6764517628118235,0.18951185735370904,0.2801557594675494,-0.39925658883526166,18.956400149985193,0.13029945093779782,1.1680329120950814,1704
beta,sqrt_advw,365,90,1.0,0.8,W,rank,50000000.0,none,0.6760580119276822,0.247323414649914,0.365831645045825,-0.6725351258311127,29.039428472398725,0.19820164474959878,1.2134714762195682,2021
beta,eqw_top25,365,180,3.0,0.4,M,rank,20000000.0,none,0.6760284563494465,0.21619921421030594,0.3198078604231864,-0.5148345917979885,16.3925550955847,0.32814428343618995,1.020596323648658,2007
beta,advw,365,180,3.0,0.8,M,q20,20000000.0,fund90,0.6757624184682465,0.21907524883030588,0.3241897490051084,-0.4071315508211691,13.429937339546107,0.18309510305606724,1.1172563865087963,1673
beta,eqw_top25,730,180,3.0,1.0,W,rank,5000000.0,fund63,0.6756441464981994,0.20520621377485201,0.3037193688991707,-0.4399566804410149,15.783201584995027,0.518128185332831,0.8147570075366528,1704
beta,eqw_top25,365,180,3.0,0.4,W,rank,20000000.0,fund90,0.6755481822731686,0.1746068075306036,0.25846684531525915,-0.37307237061245657,17.97377000518025,-0.14615769080833235,1.3169830149071735,1673
beta,eqw_top100,365,90,1.0,0.4,M,q20,20000000.0,none,0.6754930945900951,0.27152919640421225,0.40197183150922133,-0.6421257121179336,22.362703208268524,0.08679805126692042,1.3286588545796516,2007
beta,advw_top100,365,90,1.0,0.4,W,rank,50000000.0,fund63,0.67531032752367,0.1991952630952932,0.2949684833426618,-0.39895256736501,22.299180408179563,-0.11022260944768357,1.4241720784736025,1704
beta,eqw_top25,365,90,1.0,0.4,M,q20,5000000.0,fund90,0.6747126054572308,0.17716759121988088,0.26258230509836133,-0.29571871602238614,13.587552946182056,-0.14624728614354315,1.3894763801767918,1673
beta,sqrt_advw,365,180,3.0,0.4,M,q20,20000000.0,none,0.6746267562754276,0.2751927544753836,0.40791852963956793,-0.6924943720413705,19.05479500589481,0.1848193640330282,1.1557802752333188,2007
beta,advw_top100,365,180,3.0,0.6,W,q20,20000000.0,fund90,0.6744587270498331,0.20742539980027191,0.30754350337725866,-0.5032362643790668,20.791614720757323,-0.30576980418295197,1.485533414456672,1673
beta,eqw_top25,365,180,3.0,1.0,M,rank,20000000.0,none,0.6743558661432345,0.2663661247497767,0.39499341241468494,-0.6521848902551173,18.0294129673586,0.5214417268723242,0.8395587059726856,2007
beta,advw,730,180,3.0,0.4,M,rank,50000000.0,none,0.6739529268993599,0.23683094203706073,0.35140576230842036,-0.6158947304542564,17.258157842192773,0.3952810220734178,0.9880798740296363,2007
beta,eqw,365,180,3.0,0.8,M,rank,50000000.0,none,0.6739432308973305,0.25611024594073795,0.38001753589799636,-0.6150308523140728,18.34757528144454,0.2700634743565277,1.137483403108276,2007
beta,eqw_top25,365,180,3.0,0.6,M,q20,5000000.0,fund90,0.6738806016715707,0.18567219989673123,0.2755268506559895,-0.31968138769490295,11.770615654564219,-0.050102895002734356,1.2752741345957397,1673
beta,advw_top100,365,90,1.0,0.4,W,rank,20000000.0,fund63,0.6737398976008567,0.1573278961270524,0.23351429340504634,-0.368194097189223,21.44754078655098,-0.1339169019081637,1.3542873703652172,1704
beta,btceth,730,180,3.0,1.0,M,rank,5000000.0,fund63,0.6735901810611814,0.16978363596197385,0.2520577655904883,-0.32577430635714993,8.811364524407228,0.4809729838410628,0.8366094041460953,1704
beta,eqw_top25,365,90,1.0,0.4,W,rank,20000000.0,fund63,0.6735332696013913,0.17558959718577455,0.26069921874786006,-0.4637447216736647,22.834589460672262,-0.24419965043281217,1.4543571780353453,1704
beta,btceth,730,180,3.0,0.8,W,q20,20000000.0,fund90,0.6734062573526521,0.265395868160367,0.3941095961948916,-0.5532017822034837,21.0961632556899,0.3160334949827813,0.9185002733682133,1673
beta,eqw,365,180,3.0,0.4,M,rank,5000000.0,fund90,0.6729585596087669,0.12375154265760983,0.183891772963783,-0.31856015066147997,8.591050127539642,-0.2919038489142246,1.4554914939915495,1673
beta,sqrt_advw,365,180,3.0,1.0,M,q20,20000000.0,none,0.6724914001759726,0.3288601608630911,0.48901764509856543,-0.7546154584321733,19.910284200805872,0.35897513052414126,0.9951441527967042,2007
beta,advw,365,90,1.0,0.4,W,rank,50000000.0,fund63,0.672109431764601,0.19785372357187644,0.29437724605711607,-0.39455819537201475,22.187435933620858,-0.13536289181328054,1.440493488848124,1704
beta,eqw_top100,365,180,3.0,0.8,W,q20,20000000.0,fund63,0.6720923286696844,0.2526720306870238,0.3759483926667542,-0.5413631581077497,25.109818087828003,0.05478945179059941,1.19367229816207,1704
beta,advw,365,90,1.0,1.0,W,q20,50000000.0,fund90,0.671733838800336,0.2733289707183628,0.4069007022282917,-0.5640356381360461,26.294096106931548,0.19052756200174498,1.137229075762934,1673
beta,eqw_top25,365,180,3.0,0.4,M,rank,50000000.0,none,0.6713737180850557,0.24896666550911653,0.3708317123572227,-0.6560374947015073,18.486761179400318,0.13182559043314074,1.177923576930367,2007
totvol,advw,90,90,,,M,q20,50000000.0,fund63,0.6709519151358072,0.27305273994107687,0.40696320225244204,-0.692411411898969,16.222697839284073,0.7950944948316642,0.5644447864947382,1704
beta,eqw_top100,365,90,1.0,0.6,W,rank,50000000.0,none,0.6708245071452702,0.24380363553985407,0.3634387726491591,-0.6512006776796201,29.52706817506195,0.10909706651117607,1.2740589612146027,2021
beta,eqw,365,90,1.0,0.8,W,rank,50000000.0,none,0.6707643100793781,0.2514131276351208,0.37481589860582865,-0.7307667580000514,28.912988900549124,0.18254670941377665,1.2418821099142798,2021
beta,eqw_top100,365,180,3.0,0.4,W,rank,50000000.0,fund63,0.6706808862579463,0.2177447166943335,0.324662177133505,-0.5717267758192927,19.905499759773768,-0.20481437388213458,1.4532391417140487,1704
beta,advw_top100,730,180,3.0,0.8,W,q20,5000000.0,fund90,0.6705769789746023,0.18511788876129848,0.2760576258438924,-0.486235725518436,15.975763772125921,0.24012264071208486,1.0419120122826273,1673
beta,advw,365,180,3.0,0.4,W,rank,50000000.0,fund90,0.6704451276798965,0.1951249623880054,0.29103793037208503,-0.45770450113486916,17.628186258291215,-0.019375288731476453,1.2757836960521738,1673
beta,advw,365,180,3.0,0.4,M,q20,5000000.0,fund90,0.670410691990209,0.16016348100605635,0.23890353020860747,-0.4329530070009927,10.51225452971838,-0.3316294256507689,1.4402420705310561,1673
beta,sqrt_advw,180,90,1.0,0.6,W,q20,20000000.0,fund63,0.670241196152414,0.24421248424631614,0.364365075808891,-0.5540026136132303,27.006568423913453,0.21476309180707118,1.0182502833249922,1704
beta,eqw_top100,365,90,1.0,1.0,M,q20,50000000.0,fund63,0.6700167719135092,0.35361569885608374,0.5277714136113163,-0.7062022689489487,19.199683096927078,0.7885914965329278,0.5672655118888947,1704
beta,eqw_top25,730,180,3.0,0.4,M,rank,50000000.0,none,0.669953608215638,0.2558498214459379,0.3818918478958135,-0.6702532986976224,18.109252840159943,0.36997390707494304,1.0010264148867591,2007
beta,btc,730,180,3.0,0.4,W,q20,5000000.0,fund90,0.6697190780927393,0.16825645454412705,0.251234375797232,-0.42526422235145844,15.826965488753322,-0.2344448544067777,1.4566064814291542,1673
beta,eqw_top100,365,180,3.0,1.0,M,q20,20000000.0,fund63,0.6696860070766903,0.30116122828134895,0.4497051231456609,-0.4667200823520015,16.65774763596812,0.5249972007544439,0.7945088843412985,1704
beta,advw,365,90,1.0,0.4,W,rank,20000000.0,fund63,0.6696217783474938,0.15659600981385127,0.23385740260763632,-0.36706716186914284,21.38203716740015,-0.13920620746561319,1.3454586097858439,1704
beta,eqw_top25,365,180,3.0,1.0,M,rank,50000000.0,none,0.6695131125474395,0.29355779261844933,0.43846459033712915,-0.525035353640497,20.375945665686476,0.24404092256068838,1.108320119625938,2007
beta,advw_top100,180,90,1.0,0.6,M,q20,50000000.0,fund63,0.669432828852068,0.24568937709617655,0.3670112466959239,-0.49603866222997206,16.759694737853952,0.14786645458193226,1.162107903046713,1704
beta,eqw,365,180,3.0,0.4,W,rank,20000000.0,fund90,0.6692382547356966,0.15735216132299135,0.23512128933085968,-0.34313544449995803,16.92037504227682,-0.25618526785446516,1.3952428846385483,1673
beta,sqrt_advw,730,180,3.0,1.0,M,rank,5000000.0,fund90,0.6690238272331495,0.1673011081061293,0.25006748832553344,-0.37119803644238203,8.758223198270366,0.47132135917459705,0.8526738508518114,1673
beta,eqw_top100,365,180,3.0,0.8,M,rank,50000000.0,fund90,0.6686348695060645,0.20617790157554167,0.308356490184022,-0.40116939088061354,13.703365903248,0.00799151717956207,1.2568091054418764,1673
beta,eqw_top25,365,180,3.0,1.0,M,q20,20000000.0,fund90,0.6685239000299952,0.30375373984926796,0.45436481752655244,-0.48273454079833333,16.139538955250057,0.3386403281520909,0.9890291942772612,1673
beta,sqrt_advw,730,180,3.0,0.8,W,q20,5000000.0,fund63,0.6682895701776558,0.19953136730882307,0.298570224963679,-0.48848635765070403,17.60670865121963,0.19443698431532813,1.0530903886668102,1704
beta,eqw,365,180,3.0,0.8,W,rank,50000000.0,fund90,0.6681963305251803,0.19462764118258336,0.29127313678842326,-0.32971418701528726,18.222232856608382,0.0426631624929427,1.1971909854931007,1673
beta,advw,730,180,3.0,0.4,W,q20,5000000.0,none,0.6680881782636785,0.2820588231628635,0.42218801700086594,-0.6638355325562654,21.343674566941328,0.35836995489912266,1.1501580845811452,2021
beta,advw,730,180,3.0,1.0,W,q20,50000000.0,fund63,0.6680009890165874,0.26337955019498976,0.3942801800080114,-0.5914326113037524,24.38407225152157,0.5431632673788758,0.7765363765444351,1704
beta,btceth,730,180,3.0,0.6,W,rank,50000000.0,fund90,0.6676246977363958,0.16759230362217856,0.25102771690503056,-0.337397592082932,16.720164575689296,-0.06684640800167545,1.3767195205076892,1673
beta,advw,365,90,1.0,0.6,W,rank,50000000.0,none,0.6673712820469654,0.21709808453983306,0.3253033062404909,-0.5898554050914895,28.155947943856283,0.11530033510532572,1.2544828725396049,2021
beta,sqrt_advw,365,90,1.0,0.4,M,q20,20000000.0,none,0.6672460811813935,0.25736694295367996,0.3857151809689141,-0.6386758220679235,22.173694860281188,0.12266124732886939,1.2617680077146094,2007
beta,eqw_top100,365,180,3.0,1.0,W,q20,50000000.0,none,0.6670089112208412,0.4052200237728371,0.6075181559885818,-0.7066114464702101,39.05942840138314,0.24892439449065737,1.0715124316596405,2021
beta,sqrt_advw,365,90,1.0,0.4,W,rank,50000000.0,fund63,0.6669930077145205,0.20467517513785716,0.30686254993764506,-0.3990046543553561,22.47119806883036,-0.1261473792146628,1.4148053394690325,1704
beta,eqw_top100,365,180,3.0,0.8,M,rank,50000000.0,none,0.666942547468936,0.26047405095107873,0.39054945877959707,-0.5966662279745901,19.12002291556136,0.26338909376317493,1.109847891271299,2007
beta,eqw_top100,365,90,1.0,1.0,M,q20,50000000.0,fund90,0.6666760992994788,0.34267058866348815,0.5139986104549946,-0.5930764955141961,18.010228156973245,0.5936596410604066,0.7355254476650654,1673
beta,eqw,365,180,3.0,0.6,W,q20,50000000.0,none,0.6665024970056364,0.32093090904050436,0.48151493877717655,-0.6592911994742033,34.31391956616818,0.2378149415196461,1.1115348347552083,2021
beta,eqw_top100,365,90,1.0,0.4,M,q20,5000000.0,fund90,0.6664449471814701,0.17092877055157413,0.25647845523394885,-0.3100864124516189,13.111255869292526,-0.06630607206911449,1.2966841824209971,1673
beta,advw_top100,365,90,1.0,0.6,W,rank,50000000.0,none,0.6663867526596906,0.21674187726544672,0.32524937868345066,-0.5843211668368934,28.30443162013327,0.13305215621588187,1.2322123149769337,2021
idvol,advw,180,180,,,M,rank,50000000.0,none,0.6661934479771476,0.2287961794516615,0.34343805113422526,-0.6825659341654304,16.28022842266584,0.5260007291540646,0.8350761109455459,2007
beta,eqw,365,180,3.0,0.8,M,rank,50000000.0,fund90,0.6661607055835413,0.19127037822783455,0.28712347730009996,-0.3726570510273584,12.949608844866136,-0.0877059194816756,1.2951875825583459,1673
beta,eqw_top25,365,90,1.0,1.0,W,q20,50000000.0,fund63,0.6661333420329076,0.3514001569669863,0.5275222463637419,-0.7064433722630287,34.17041604157858,0.4993592272902027,0.8200583230656039,1704
beta,sqrt_advw,730,180,3.0,1.0,M,rank,50000000.0,none,0.6661193786604148,0.27704074949414426,0.4159025519589013,-0.4938177297015989,18.304684053124486,0.5683905594945808,0.796866987284533,2007
beta,sqrt_advw,365,90,1.0,1.0,M,q20,50000000.0,fund63,0.6660894228030945,0.32319163594783495,0.48520757856768276,-0.6320318458585865,17.91485371798942,0.7672947959382844,0.5814253152060671,1704
beta,eqw_top25,365,90,1.0,0.8,M,rank,20000000.0,fund63,0.665781082510244,0.19534227048902555,0.2934031555124877,-0.47598540602146583,17.000941800174992,0.4904414917698868,0.827425465837248,1704
beta,eqw_top25,730,180,3.0,1.0,M,rank,20000000.0,fund63,0.6651800103674845,0.2180221242244472,0.32776409517177,-0.48277289666535644,15.60751773656326,0.4992383287075915,0.8186100225850441,1704
beta,advw_top100,730,180,3.0,0.4,M,rank,50000000.0,none,0.664972035905175,0.23301513970682738,0.3504134416564478,-0.6330942788744107,17.24792155041731,0.3988488034570688,0.965158244701506,2007
beta,eqw_top100,365,180,3.0,0.8,W,q20,50000000.0,none,0.6645111170555668,0.3516875780804031,0.5292425800770986,-0.6523288054070717,36.632934489111314,0.17311016449294248,1.1594010978061495,2021
beta,sqrt_advw,365,90,1.0,0.6,M,q20,20000000.0,none,0.6644514589452899,0.26292197812467977,0.39569779640792146,-0.7404028270842924,22.25649591827293,0.18519773102442527,1.2198627522341523,2007
beta,advw_top100,365,180,3.0,0.8,M,rank,20000000.0,fund63,0.6644064009038132,0.16644313247141476,0.25051404117268716,-0.29108241820979075,12.95908764167914,0.4713049102740984,0.8225578298027126,1704
beta,advw,365,180,3.0,0.8,M,rank,20000000.0,fund63,0.6638416475001225,0.1648571216749337,0.2483380220203844,-0.28915569036974864,12.84980508971576,0.46738794691554175,0.8243186281715112,1704
beta,btc,730,180,3.0,1.0,M,rank,20000000.0,none,0.6637980896871445,0.22948514058649294,0.3457152772082424,-0.589581456889755,14.381705957469448,0.5315954790615329,0.8955244398000171,2007
beta,eqw,365,180,3.0,0.8,M,q20,5000000.0,fund63,0.6637109838319656,0.19816149275019165,0.298565938454261,-0.3307452718108783,12.050757651214335,0.08667644432883288,1.1212568478093168,1704
beta,btc,730,180,3.0,0.6,M,q20,50000000.0,fund63,0.6636845840546673,0.2311256314642938,0.34824619558325626,-0.5263924132421997,14.206784148914254,-0.005787158955771345,1.3359697209139585,1704
beta,eqw_top25,365,90,1.0,0.8,W,rank,50000000.0,none,0.6634411469601882,0.25866818666974445,0.38988867038912584,-0.6952092546654536,31.508767842641515,0.23017905407793854,1.1274799195117442,2021
beta,sqrt_advw,365,180,3.0,0.4,W,rank,20000000.0,fund90,0.6633405947285189,0.15892291015328014,0.23957965397598116,-0.33026187676846336,16.985163842556275,-0.19986689032104255,1.34181595949853,1673
beta,eqw_top25,180,90,1.0,0.6,M,q20,20000000.0,none,0.6632992027496001,0.27512883701094953,0.4147884331391432,-0.8806815519307457,23.937153013450256,0.5696735906546342,0.7699107451538328,2007
totvol,advw,90,90,,,W,rank,50000000.0,none,0.6627129938290455,0.24680884595806812,0.3724219205844262,-0.6254134412394758,25.60719549738935,0.11259046024674232,1.262640401652527,2021
beta,sqrt_advw,365,180,3.0,0.4,W,rank,50000000.0,fund63,0.6624874683255162,0.20673220678276522,0.3120545167522873,-0.5468690932306399,19.515367937292073,-0.20978165293039483,1.4276630092109919,1704
beta,eqw,365,90,1.0,0.4,W,rank,20000000.0,fund63,0.6624598750349148,0.15973496447490068,0.2411239842510943,-0.3697752349547714,21.46781059019956,-0.15848339563700983,1.3351813553394045,1704
beta,eqw,180,90,1.0,1.0,M,q20,50000000.0,none,0.6624542408978272,0.3883095228924433,0.586168068553936,-0.808756897218428,27.055903938520167,0.7853001619468967,0.51918436545048,2007
beta,sqrt_advw,365,180,3.0,0.6,M,rank,50000000.0,none,0.6624359030255471,0.23201089044921458,0.35023900333534147,-0.5974876741293053,18.002709394079638,0.15978570633226633,1.1817727660298718,2007
beta,advw_top100,365,90,1.0,0.8,W,q20,20000000.0,fund90,0.6623308664307087,0.22174605810046577,0.3347965032876272,-0.46508745584274425,24.182191289285154,-0.03263449717930407,1.3709124410174396,1673
beta,advw_top100,365,180,3.0,0.4,W,rank,50000000.0,fund90,0.6622346389250646,0.1932533550717753,0.29182006454005943,-0.4672821235575761,17.709893832288675,-0.009598984815272224,1.253452129097878,1673
beta,sqrt_advw,180,90,1.0,0.4,W,q20,20000000.0,fund90,0.6616907302112743,0.23789908342828536,0.35953213875661433,-0.5138922637827072,24.96121390708562,-0.17812559006271794,1.2779710994178162,1673
beta,sqrt_advw,365,90,1.0,1.0,M,q20,50000000.0,fund90,0.6616165863043884,0.31278081599704266,0.4727523802632456,-0.5295166512430751,16.8219011952828,0.5338260806813208,0.7818394627270399,1673
beta,advw_top100,365,90,1.0,1.0,M,q20,50000000.0,fund63,0.6615407918780786,0.2853535089539433,0.4313468080234932,-0.5420079691582778,16.65950621122988,0.6908416924394928,0.637602904868645,1704
beta,advw,730,180,3.0,1.0,M,q20,5000000.0,fund90,0.6612364591715924,0.21294440550308072,0.3220397220229823,-0.5595953836980052,10.368194244550592,0.4443813842130184,0.8500447277318968,1673
beta,eqw_top100,365,90,1.0,0.8,W,q20,50000000.0,fund63,0.6611685446340508,0.2872734068013833,0.43449345727780464,-0.6138953633724468,29.68129613868638,0.3088968227734659,0.9893629817205307,1704
beta,eqw,365,90,1.0,0.8,W,q20,20000000.0,fund90,0.6611152452196102,0.22936953323246226,0.3469433429209002,-0.3611269103861047,25.01140829779372,0.05376425300696941,1.2137267428230913,1673
beta,btceth,730,180,3.0,0.8,M,q20,50000000.0,fund63,0.6609791606185684,0.22996068656481564,0.34790913279264357,-0.5716306118772984,14.16663115728172,-0.0007033481307037993,1.269123360932718,1704
beta,eqw,730,180,3.0,1.0,M,rank,5000000.0,none,0.6606319661016684,0.23496844003794998,0.3556722231055185,-0.7979927804876201,10.968216568328643,0.32367703470999937,1.1245236161094427,2007
beta,eqw,365,90,1.0,0.4,M,q20,20000000.0,none,0.66043593435142,0.2560281958481232,0.38766545327300406,-0.5978548559390411,21.839228027045205,0.009206043984580282,1.39861800473606,2007
beta,eqw_top25,365,90,1.0,1.0,W,q20,20000000.0,fund63,0.6602459471734333,0.3244331536572276,0.491382272085353,-0.5906626275665819,31.647976083175582,0.4585508336010726,0.8381047186333266,1704
beta,eqw_top25,365,180,3.0,0.4,W,q20,20000000.0,fund63,0.6601196107874244,0.23666893137217543,0.3585243151462575,-0.7094967307860098,23.736859516663202,-0.16164607029754524,1.3043112868510738,1704
beta,btc,730,180,3.0,0.4,M,rank,50000000.0,none,0.6598744708079383,0.22163516430026142,0.3358747369464003,-0.6805537587916272,17.12776833170776,0.5171997451635977,0.8576706507889746,2007
beta,sqrt_advw,180,90,1.0,1.0,M,q20,50000000.0,fund63,0.6591476197379545,0.2921919262072863,0.4432875390241835,-0.5755859520994018,18.37990900005282,0.8086976852501692,0.5164344880092537,1704
beta,eqw_top100,365,180,3.0,0.4,M,rank,50000000.0,none,0.6586926328415922,0.24677643917009218,0.3746458163734146,-0.734441489880356,18.206723397112246,0.1934754353002704,1.1188370611540275,2007
beta,eqw_top100,730,180,3.0,1.0,M,q20,5000000.0,fund63,0.6586528775929213,0.25719586046571496,0.39048772003494403,-0.5894537814363633,13.08586669203186,0.4605502738821175,0.8197749866581685,1704
beta,advw_top100,180,90,1.0,0.6,M,q20,50000000.0,none,0.6584647693708426,0.30087891912162973,0.45694004162001994,-0.6323756141182487,24.883247364652803,0.6151099640496392,0.7136979438175862,2007
beta,btc,730,180,3.0,0.8,W,q20,5000000.0,none,0.6574901518808607,0.27172140798168787,0.4132706888527277,-0.888004877885969,21.30540335537755,0.40041652705479425,1.0652374820803936,2021
beta,eqw,730,180,3.0,0.6,W,rank,5000000.0,none,0.6574583438138821,0.2144121940402675,0.3261228579083404,-0.7332965560207934,14.924193955857202,0.2625590306173759,1.2642934365681144,2021
beta,advw,365,180,3.0,0.4,W,q20,20000000.0,fund90,0.6574291118297922,0.2080198405274873,0.3164140996867559,-0.5595546218786697,20.586415968687373,-0.42742325296428246,1.5184562174237017,1673
beta,eqw_top25,365,90,1.0,0.6,W,rank,50000000.0,none,0.6569993590101822,0.23973181951171685,0.3648889701702151,-0.6839193146495209,30.538350486664978,0.17075116947421873,1.1575526862903687,2021
beta,advw_top100,180,90,1.0,0.8,M,q20,50000000.0,none,0.6558171244276577,0.31302815375670506,0.47731012518145177,-0.6744612875516693,24.999673188822257,0.6617338411192215,0.6549551861419686,2007
idvol,advw,180,180,,,W,q20,20000000.0,none,0.6558051734344957,0.27062875366117206,0.4126663902998372,-0.8859527884482771,27.015119746209088,-0.159608105320041,1.5260005265475387,2021
beta,eqw,365,180,3.0,0.8,M,rank,20000000.0,fund90,0.6554847350327873,0.1588115578607731,0.24228109271351586,-0.26437582074856536,12.12804057878431,0.21227284742484565,1.0230085774770827,1673
beta,eqw_top25,180,90,1.0,0.8,M,q20,20000000.0,fund63,0.6552058557678863,0.2508758098505625,0.3828961655975156,-0.5973495578494104,18.912561931258768,0.3676680870641177,0.9489007356874333,1704
totvol,advw,90,90,,,M,rank,20000000.0,none,0.6547576043050826,0.1992810845038283,0.30435856444207676,-0.6347773406322943,17.49890990145825,0.1605058388127544,1.1924670263996666,2007
beta,eqw_top100,365,90,1.0,0.8,M,rank,20000000.0,fund63,0.6547033135555769,0.1845196510862,0.28183705086828825,-0.4328762701264709,16.072932017738754,0.45770507627210877,0.8311344266058402,1704
beta,btc,365,90,1.0,0.4,M,q20,50000000.0,fund63,0.6546974694144491,0.23832003322588524,0.3640155100019476,-0.46472357673740816,16.5063505609013,0.2704144538386939,1.036565688536578,1704
beta,eqw_top25,365,90,1.0,0.6,W,rank,50000000.0,fund90,0.6545898325841671,0.20494744305197068,0.31309292147555395,-0.37923536686767517,22.56509303665926,-0.22597505846082694,1.521056148771234,1673
beta,btceth,730,180,3.0,0.4,W,rank,50000000.0,none,0.6543302604886646,0.2177714610149376,0.3328158181960013,-0.5110850508482836,23.568443768989578,0.15898140256098958,1.2214692479440297,2021
totvol,advw,90,90,,,M,rank,5000000.0,fund90,0.6542174594486602,0.13534791048883993,0.2068852008365903,-0.25724493455181896,9.678570176037352,0.7406964670997686,0.5987641205036803,1673
beta,advw_top100,180,90,1.0,0.4,M,q20,20000000.0,fund90,0.6538608175450612,0.1949801144308195,0.2981981932529278,-0.521116646685743,15.088080989115744,-0.27228463514941365,1.4759483816313987,1673
beta,btceth,730,180,3.0,0.4,W,q20,50000000.0,fund63,0.6537305496557902,0.2412638318326442,0.36905699444469464,-0.767643224450925,23.70272158582152,-0.38382075276157757,1.6093254246102775,1704
beta,eqw_top100,365,180,3.0,0.4,W,rank,20000000.0,fund63,0.6535984734232974,0.17133287944117448,0.2621378207078709,-0.4102198398895054,18.77381965009301,-0.1937299753943598,1.3338483708479492,1704
beta,eqw,730,180,3.0,0.8,W,rank,5000000.0,fund90,0.6535045984001907,0.13854375186229093,0.2120011889762557,-0.35460070031383334,12.337049646254409,0.35302808105267935,0.9219362818203507,1673
beta,advw_top100,365,180,3.0,1.0,M,q20,20000000.0,fund90,0.6525732707014692,0.24078752952703678,0.3689815999791219,-0.47973485325888254,13.900080383055275,0.40165175929906505,0.8850076989748428,1673
beta,sqrt_advw,365,180,3.0,0.6,M,rank,5000000.0,fund63,0.6524659223221927,0.12949422062917307,0.19846894098053416,-0.29531697216313735,9.454128655095273,-0.2123570036352339,1.3754986760269168,1704
beta,btceth,365,90,1.0,0.6,M,q20,50000000.0,fund90,0.6524599706127554,0.21944898499858445,0.33634091727112353,-0.4364428446901565,15.062786081956158,0.20196224051339748,1.1244773118817517,1673
beta,btceth,730,180,3.0,1.0,M,rank,5000000.0,fund90,0.652445065263958,0.1556368056639006,0.2385439233890673,-0.34099220767146915,7.932333451625111,0.40256643788779917,0.8910523353880961,1673
beta,advw_top100,365,180,3.0,1.0,M,q20,50000000.0,fund90,0.6523441788509022,0.27905432043246486,0.42777161118233054,-0.6720141684943486,14.369139084979269,0.6212330952559298,0.681655651277547,1673
beta,eqw,365,90,1.0,1.0,W,q20,50000000.0,fund90,0.6520261783413069,0.295120477213089,0.4526205956390395,-0.5455130970929598,27.887439232334522,0.056733842917754504,1.1491907548653126,1673
beta,sqrt_advw,365,90,1.0,1.0,W,q20,50000000.0,fund90,0.6519353761201534,0.2945353758275723,0.45178615337678585,-0.6072386430289651,28.587058212682948,0.17169455315923923,1.0810605782963558,1673
beta,eqw_top100,365,90,1.0,0.4,W,rank,50000000.0,none,0.6515385576977037,0.23915576810993353,0.36706310821422683,-0.6543106314719473,29.028154150210945,0.07082393101703112,1.23997398663383,2021
idvol,advw,90,90,,,W,rank,50000000.0,fund90,0.6515203585594728,0.19001772268512215,0.29165277828808894,-0.28041590124247573,19.460361726369335,0.3437900785472838,0.9136984605888149,1673
beta,eqw_top25,365,180,3.0,0.6,M,rank,5000000.0,fund90,0.6513880127081586,0.13417300576964594,0.20598015798881375,-0.22624310348201687,9.27704376819654,0.007461536435840715,1.2075036227699159,1673
beta,btc,730,180,3.0,0.6,W,rank,20000000.0,fund63,0.6510874831566812,0.16377634218546844,0.2515427594943588,-0.3236896107388387,17.13447446847901,0.13140487772213327,1.0426876170008783,1704
beta,advw,365,90,1.0,0.4,W,rank,50000000.0,none,0.6509021537739047,0.21733588481472102,0.33389947099516604,-0.5802133141895139,28.445574911067375,0.06730964816786461,1.2322233576018877,2021
beta,advw_top100,365,90,1.0,0.8,M,rank,20000000.0,fund63,0.6506256987888475,0.16554294272053519,0.25443652629875607,-0.3957434241099519,14.704750928613208,0.55633266686062,0.7360304080907257,1704
beta,btc,730,180,3.0,0.6,W,rank,50000000.0,fund90,0.6505202751565036,0.16425166121883714,0.25249276231908546,-0.3750668772268052,16.604486471946977,-0.2314960021223444,1.5461820533473156,1673
beta,btc,730,180,3.0,0.6,M,rank,50000000.0,none,0.6504983046613648,0.2178636652873066,0.3349181138922747,-0.6093618321838923,16.735817408309497,0.5147093461560818,0.8657327848591838,2007
beta,btceth,365,90,1.0,0.6,M,q20,50000000.0,fund63,0.6502468605525817,0.22876363486569645,0.3518104411473704,-0.438746562398343,16.316640784535576,0.39459306008879824,0.8927027045981046,1704
beta,advw,730,180,3.0,1.0,M,rank,50000000.0,none,0.6500903722915277,0.24277929873848955,0.3734546904343588,-0.4614550817083213,17.20465023867376,0.47737427179222797,0.8730785941819209,2007
beta,eqw_top25,365,90,1.0,1.0,M,q20,20000000.0,fund90,0.6499867803773276,0.30907787847988927,0.4755140993797823,-0.6549575748062015,18.3425311930623,0.39996214039338235,0.917011249781265,1673
beta,eqw_top100,365,180,3.0,0.6,W,rank,50000000.0,fund63,0.6498518725305346,0.20397702222393957,0.3138823335688015,-0.529677291078124,20.317051541155596,-0.09994706636836262,1.3244850869091422,1704
beta,eqw_top100,365,180,3.0,0.8,W,q20,20000000.0,fund90,0.6498005208478037,0.23595745803793491,0.363122913059654,-0.5129606533332833,23.26012900623977,-0.18476384185297284,1.3999252315026438,1673
beta,eqw_top25,730,180,3.0,1.0,M,rank,20000000.0,fund90,0.6497030776624121,0.20260961524025367,0.31184955436755724,-0.509667831247734,14.364788757933429,0.4288068779552415,0.875529066866309,1673
beta,advw,180,90,1.0,0.6,M,q20,20000000.0,fund63,0.6494600103053515,0.1929173753803638,0.2970427313756567,-0.4494189421124829,16.010343106174467,0.09593525014927458,1.1736062277786847,1704
beta,advw_top100,365,90,1.0,0.4,W,rank,50000000.0,none,0.6490234928579209,0.21667224954736566,0.3338434616492346,-0.5736339204150703,28.580125747269268,0.08637532996634358,1.2087425219180779,2021
beta,eqw,180,90,1.0,0.4,M,q20,20000000.0,fund90,0.6490148831678763,0.1972257616777374,0.3038848057151909,-0.4382661099137048,15.54941168690075,-0.12534018693626411,1.3441567344676726,1673
beta,advw_top100,365,90,1.0,1.0,M,q20,50000000.0,fund90,0.6486884028692625,0.27017094113032936,0.4164880086268166,-0.4972116197109575,15.660719001952826,0.43613964032971503,0.8589952296887212,1673
totvol,advw,90,90,,,W,rank,50000000.0,fund63,0.6485391041129525,0.20329151922322777,0.3134606964082487,-0.35385319012560157,20.131466531775946,0.1820147440364577,1.0538986508481472,1704
beta,eqw_top25,365,90,1.0,1.0,W,q20,20000000.0,fund90,0.6471840094357473,0.308075814671339,0.47602507197286503,-0.5804317666412798,29.791993860297126,0.11086484029306592,1.2033883751702017,1673
beta,btc,365,90,1.0,0.4,M,q20,50000000.0,fund90,0.646524838024106,0.2255086825416118,0.3488012668326961,-0.48066323479967443,15.237447345963359,0.11587682886159055,1.2121389506851044,1673
beta,eqw_top100,365,90,1.0,0.8,M,q20,20000000.0,none,0.6464155906254452,0.3006827762090102,0.46515396684365523,-0.8458440722937387,23.427549964489547,0.20460761582241782,1.1731303808344966,2007
beta,advw,365,180,3.0,0.6,M,q20,5000000.0,fund63,0.6463717638986138,0.16635969248872576,0.25737462831810826,-0.35403494592858387,11.473133660964688,-0.21654661243869247,1.3102159947025322,1704
beta,eqw,730,180,3.0,0.8,W,rank,5000000.0,none,0.6462701611281512,0.22594275179726125,0.34961037254582183,-0.8090857818818915,15.090097084256888,0.32822930724783805,1.1539233483750642,2021
beta,btc,730,180,3.0,0.8,W,q20,20000000.0,none,0.6462525206128978,0.30390439956057597,0.4702564243344951,-0.8167163462739997,28.03756113263152,0.44293054426687883,0.87378299276662,2021
beta,sqrt_advw,365,180,3.0,0.8,M,rank,20000000.0,fund90,0.6459999999960895,0.15839321030200762,0.24519072802316785,-0.28428698812675335,12.315459108188765,0.24472317566953602,0.9860963424864928,1673
beta,advw_top100,365,90,1.0,0.8,W,rank,50000000.0,none,0.645571715855906,0.2191534541098459,0.33947189557288737,-0.6409879180111523,28.235369303108612,0.1651294494176453,1.182661266026279,2021
beta,eqw_top100,365,180,3.0,0.4,M,q20,20000000.0,none,0.6451788016504395,0.2724045504695434,0.4222155932164883,-0.8071691287368561,19.502897977260478,0.2510381580611683,1.036855488077928,2007
beta,eqw,365,90,1.0,0.6,M,q20,20000000.0,none,0.64514900638985,0.2587819035430113,0.4011195878470203,-0.7053208933923094,21.874167016875596,0.06727595924194729,1.3369479713138337,2007
beta,eqw_top100,365,90,1.0,0.8,W,rank,50000000.0,none,0.6450944415261922,0.2511553053730633,0.38933106411344864,-0.7014813717043421,30.313603526925583,0.14063460196199534,1.2108334784980515,2021
beta,advw,365,90,1.0,0.8,W,rank,50000000.0,none,0.6449113471284035,0.21904533694190498,0.339651857448699,-0.6532906268561688,28.071308918788095,0.14966966240644433,1.2003522754528553,2021
beta,eqw_top100,365,90,1.0,1.0,W,q20,20000000.0,fund63,0.6448790326367757,0.3013613176348744,0.4673144921500562,-0.5169494312801491,29.848326763360326,0.4475981039992531,0.8147379648544756,1704
beta,eqw_top25,365,180,3.0,0.4,W,rank,20000000.0,fund63,0.6444137959506928,0.1736365633854504,0.269448861083564,-0.41910403560973575,19.388730500130777,-0.14175477218534063,1.2622025684106493,1704
beta,sqrt_advw,365,180,3.0,0.8,M,rank,50000000.0,fund63,0.6442435563994798,0.19382139504993837,0.3008511193082921,-0.4312110278395562,14.125265652251425,-0.06186710089480479,1.2344147143226059,1704
beta,advw_top100,365,180,3.0,0.8,M,rank,50000000.0,fund63,0.6440077222820308,0.1850048664459874,0.2872711926348114,-0.4222078724490308,13.530520427722672,-0.040626905475626696,1.208502290001129,1704
beta,advw_top100,365,90,1.0,0.8,M,q20,20000000.0,fund90,0.6439863541099096,0.2108999375071656,0.3274913143131153,-0.4119879491624981,14.924713717110944,0.1463240732481978,1.1600372411191953,1673
beta,btc,365,90,1.0,0.4,M,q20,20000000.0,fund63,0.6439710521599571,0.18318000290429487,0.2844537845138953,-0.4602005839037061,15.893610005842929,0.4016640758251529,0.8744801044757151,1704
beta,eqw_top25,365,180,3.0,0.6,W,rank,50000000.0,fund90,0.6434744205488498,0.2041442779047181,0.3172531360774119,-0.44310767600161066,19.465007932282827,0.06620880018674889,1.1756737782973494,1673
beta,sqrt_advw,730,180,3.0,1.0,W,rank,50000000.0,fund90,0.6433817653354214,0.19950403276710096,0.31008655127658347,-0.3397318655937882,18.75104073341064,0.22525284139910748,1.0205929524103758,1673
beta,eqw,365,180,3.0,1.0,W,q20,50000000.0,none,0.6431729481884567,0.37005451764916064,0.5753577147351205,-0.5723718077210127,37.18172631153653,0.36117521250336304,0.9306732859635024,2021
beta,sqrt_advw,365,180,3.0,0.8,M,rank,50000000.0,none,0.6431674212334764,0.2345860899779491,0.36473565394226015,-0.5249148405326027,18.236161847840272,0.1934273402947682,1.126862544080892,2007
beta,btceth,730,180,3.0,1.0,M,q20,50000000.0,none,0.6429996340708094,0.32419979923331566,0.5041990415777027,-0.7346137078786122,20.361993303760045,0.3341372496207786,1.1138768732244217,2007
beta,btceth,730,180,3.0,1.0,M,q20,50000000.0,fund90,0.6427237135292896,0.22338499524693328,0.34755990878303483,-0.4774641934857681,12.888904991556196,0.08285289428440046,1.1965124252846353,1673
beta,btceth,365,90,1.0,0.6,W,q20,50000000.0,fund90,0.6425217438148929,0.21682762196296407,0.3374634773845583,-0.4247535976539156,24.37443028341677,-0.07882701421401289,1.3707227095365098,1673
beta,advw_top100,180,90,1.0,0.4,M,q20,20000000.0,fund63,0.6425014263892376,0.19562739264098583,0.30447775616683476,-0.5539899689569607,16.189583966577267,-0.19778229133935515,1.3915277845366645,1704
beta,btc,730,180,3.0,0.8,W,rank,5000000.0,fund63,0.6423451798001064,0.14517556960229897,0.22600865417481084,-0.3574990056253542,12.743003112582402,0.29622190016957806,0.9414608208994525,1704
beta,advw_top100,730,180,3.0,1.0,M,rank,50000000.0,none,0.6421904604901808,0.23928484394116914,0.3726072850078218,-0.461040240258609,17.220616569412005,0.4810654685887358,0.8500892411233896,2007
beta,eqw_top25,365,180,3.0,1.0,M,rank,50000000.0,fund90,0.6421388366178756,0.23895654767488522,0.3721259859214583,-0.4290698484978409,15.03128688522774,0.14424772196401442,1.116563859593556,1673
beta,sqrt_advw,365,180,3.0,0.4,M,rank,50000000.0,none,0.6419931741756176,0.23016618134794645,0.3585181129744914,-0.6823130428461225,17.894258827626334,0.11934945314547038,1.1535388019924042,2007
beta,eqw_top25,365,90,1.0,1.0,W,rank,50000000.0,none,0.6419703763703822,0.286982394521018,0.44703370293124645,-0.8030874876128161,32.877346990966544,0.2812483066056941,1.0268126044342154,2021
beta,advw,730,180,3.0,1.0,W,rank,50000000.0,fund90,0.6415691011035134,0.18066768656555365,0.28160284878869807,-0.2873957190850387,17.580578275590145,0.20405306772286216,1.0455475625505757,1673
beta,advw_top100,365,90,1.0,0.8,W,q20,50000000.0,fund63,0.6410825897615322,0.245828698564706,0.38345870327900894,-0.48362694011073004,27.654204764731503,0.3680840377039202,0.8872521538582885,1704
beta,eqw_top100,730,180,3.0,0.8,W,q20,5000000.0,fund63,0.6406479277935759,0.20281311448325126,0.31657499491452334,-0.5300969954146945,18.659054822273863,0.2092477232490961,0.9955222334680809,1704
beta,sqrt_advw,365,90,1.0,1.0,M,q20,20000000.0,fund63,0.6402292802185331,0.27273129338201485,0.42599003483396114,-0.5087620316851544,17.144115681224267,0.6715228096721575,0.618609505223043,1704
beta,eqw_top100,180,90,1.0,0.6,M,q20,20000000.0,none,0.6402182945853188,0.26310197495289683,0.4109566645909625,-0.9964652823166793,23.56526619981233,0.30326276292607574,1.0390493852616993,2007
beta,btceth,730,180,3.0,0.6,W,rank,50000000.0,none,0.6402070942383591,0.20804784814715474,0.32496960752155496,-0.4733505483825791,23.169647337936503,0.1830005591112167,1.2075938083438869,2021
beta,eqw_top25,365,180,3.0,0.4,W,q20,20000000.0,fund90,0.6397189437525177,0.2231228173338171,0.34878257008461294,-0.6432117683327638,21.96800445680627,-0.31435796925981485,1.3912805534227302,1673
beta,eqw,365,180,3.0,0.4,W,rank,20000000.0,fund63,0.6392669924297728,0.15804332353022543,0.24722584679293821,-0.4127879535450972,18.273130798485784,-0.22000966848193476,1.3278078372378568,1704
beta,sqrt_advw,365,180,3.0,0.6,M,q20,5000000.0,fund90,0.6384825904816104,0.16096229793801223,0.25210131072892306,-0.32399075571680863,11.012441186602672,-0.06858479214642835,1.216251374480105,1673
beta,eqw,365,90,1.0,1.0,M,q20,50000000.0,fund90,0.6383303421695083,0.30141991883712954,0.47220051895494514,-0.5147665629258087,16.95892493379043,0.41802581693417407,0.8335893154875211,1673
beta,advw_top100,730,180,3.0,1.0,W,rank,5000000.0,fund63,0.638075060895806,0.15951403156129632,0.2499925813388654,-0.37828790185485495,13.273759332910252,0.45897131707504774,0.7900144489258775,1704
beta,advw,365,180,3.0,0.6,W,q20,20000000.0,fund63,0.6380565341257852,0.20344427968076642,0.31884992755306507,-0.529584292621224,22.306329588915922,-0.08547471878750794,1.217816806172718,1704
beta,eqw_top100,180,90,1.0,0.8,M,q20,20000000.0,none,0.6379802188052304,0.2885114181202441,0.4522262753860148,-1.1399130173222942,24.3462466772128,0.37948296038371365,0.9543662296885271,2007
beta,btc,730,180,3.0,0.6,M,rank,20000000.0,fund63,0.6377262226176944,0.14448032843425657,0.22655541407910706,-0.30061873049951326,12.406755124428466,0.12611366402902824,1.0802758903572571,1704
beta,advw,730,180,3.0,1.0,W,rank,5000000.0,fund63,0.6370815260248406,0.15758813839693384,0.24735945394654132,-0.37751287606929407,13.18762793690488,0.4541327022272836,0.7923375609281146,1704
beta,eqw,365,180,3.0,0.8,M,rank,50000000.0,fund63,0.6370178523215239,0.1902260904095614,0.2986197164118848,-0.4414701664491783,14.07404334424003,-0.12834180192257358,1.2659979318475638,1704
beta,btceth,365,180,3.0,0.4,M,rank,5000000.0,fund90,0.636542383806752,0.11506235551274147,0.18076149906095376,-0.21229806852414548,8.340016906712606,-0.2066790228048261,1.2670973155101337,1673
beta,eqw_top25,730,180,3.0,1.0,W,rank,5000000.0,fund90,0.6363495251368002,0.18449774374171155,0.28993145504752094,-0.45330840854712273,14.438467318898855,0.5134380923719846,0.7567871052703413,1673
beta,eqw_top100,365,90,1.0,0.4,W,rank,50000000.0,fund63,0.6360712748693195,0.20407782098203264,0.3208411211840376,-0.4261725106126777,22.929186643175264,-0.1977796228031735,1.4317820343183367,1704
beta,advw,365,90,1.0,1.0,W,q20,50000000.0,fund63,0.6356141525350979,0.2668693366076403,0.4198605955252137,-0.5715939219720678,27.88740622758134,0.4911069272074592,0.7630832842590469,1704
beta,eqw_top25,365,90,1.0,0.8,M,rank,20000000.0,fund90,0.6353830155835262,0.179089038002686,0.2818599704592564,-0.4778376072237803,15.836632217274515,0.15139992671433036,1.1419007190718076,1673
beta,eqw_top25,730,180,3.0,0.8,W,q20,5000000.0,fund90,0.6348969215435782,0.20111275167492965,0.31676441458556603,-0.5481950689984789,18.044344762631187,0.2532129248424133,0.9784974518204319,1673
beta,sqrt_advw,365,180,3.0,0.6,W,rank,50000000.0,fund63,0.6341536263912634,0.18969153520344292,0.29912552307381435,-0.5040192974199823,19.616909713879707,-0.10621025402481517,1.282054867956195,1704
beta,btceth,730,180,3.0,1.0,M,q20,5000000.0,fund90,0.6341169846229652,0.20980302759700367,0.330858552419549,-0.4401396354137839,10.073979514441646,0.3070662616341797,0.9214687742878236,1673
beta,eqw_top100,730,180,3.0,1.0,M,rank,20000000.0,fund63,0.6340537854496301,0.19958037677920773,0.3147688435259135,-0.44422977506955114,14.718780724917554,0.45593613927802795,0.7936755225963034,1704
beta,eqw,730,180,3.0,0.4,W,rank,5000000.0,none,0.6338015243063791,0.20356256479801102,0.32117714614332327,-0.6847435368897465,14.848468193943837,0.18138410531519059,1.2760347998200683,2021
beta,eqw_top100,730,180,3.0,1.0,W,rank,50000000.0,fund90,0.6335427530421999,0.21507526182718784,0.33948026521402225,-0.3727711819108064,20.14003921629941,0.22208436050539743,1.0084278307601169,1673
beta,sqrt_advw,365,90,1.0,0.8,M,rank,20000000.0,fund63,0.6333855899823962,0.16843791687757828,0.26593266335954957,-0.4172021004733487,15.206261533867742,0.5198731339704151,0.734438896832113,1704
beta,eqw,730,180,3.0,1.0,W,rank,20000000.0,fund63,0.6332176922828877,0.18818518363749548,0.2971887645132701,-0.41656137985321484,18.64242104041436,0.49182795800599394,0.751433928419078,1704
beta,advw,365,90,1.0,1.0,M,q20,50000000.0,fund63,0.633073927642011,0.27282189047817135,0.43094791708504204,-0.5351381132386042,16.63426171411821,0.6833341663056125,0.5913032514143575,1704
beta,eqw,730,180,3.0,1.0,M,rank,5000000.0,fund63,0.6326491820290044,0.16540957815361435,0.26145545248809154,-0.37815642481414835,9.49704056218359,0.3841356333158389,0.8461127380420886,1704
beta,eqw,365,90,1.0,0.6,W,rank,50000000.0,fund63,0.6318953789731997,0.18618030423159812,0.2946378632078816,-0.32910608510809275,22.43653443179885,0.04105095330093307,1.1747551229892572,1704
beta,eqw_top25,365,180,3.0,1.0,M,rank,50000000.0,fund63,0.6318512266081426,0.24297210015835954,0.38454004665412217,-0.45167417502628593,16.314726327865362,0.18297532779020523,1.020792703241393,1704
beta,sqrt_advw,365,180,3.0,0.4,W,rank,20000000.0,fund63,0.6317957570247345,0.15878708334650446,0.2513266060764128,-0.3892824571766547,18.346822142102884,-0.17102158627540356,1.271535832589909,1704
beta,advw,365,180,3.0,0.4,W,rank,20000000.0,fund90,0.6316800665482232,0.148707966422073,0.235416588708709,-0.34177679182230986,16.829107538027102,-0.17871750554707455,1.2498585498164911,1673
beta,eqw_top100,365,90,1.0,1.0,M,q20,20000000.0,fund90,0.6316703333980253,0.2839534315251512,0.44952788901394825,-0.5625296116545175,16.965730611375744,0.3344813883836263,0.9187570923702889,1673
beta,advw_top100,365,90,1.0,0.6,M,rank,50000000.0,none,0.6312166602712319,0.2105606049094806,0.3335789724228814,-0.5028480701427593,20.442162849624005,0.37941688530306783,0.9234815275108154,2007
beta,eqw_top100,365,180,3.0,0.8,M,rank,50000000.0,fund63,0.6311578827563832,0.2020911748230878,0.3201911603171591,-0.4517994580476732,14.917255009832303,-0.06349543624526396,1.230463212175323,1704
beta,eqw_top25,730,180,3.0,1.0,W,rank,50000000.0,fund63,0.6309720705579998,0.23076847746015908,0.3657348529802264,-0.5096873869500668,22.684977528556548,0.2760440971155328,0.9597953236150351,1704
beta,eqw,180,90,1.0,0.6,M,q20,20000000.0,fund63,0.6300777294157274,0.19259769325270806,0.30567291027934657,-0.4157982480880553,16.628739535950956,0.24183161305417347,0.9981920000482927,1704
beta,btc,730,180,3.0,0.6,W,rank,20000000.0,fund90,0.6299803398578387,0.15276836291797863,0.2424970324509687,-0.33794469734316884,15.76397206003017,-0.001288060387621302,1.1262698971284277,1673
beta,eqw_top100,365,180,3.0,0.8,W,rank,50000000.0,fund90,0.6296032490113631,0.1975004456156019,0.31369032152506793,-0.3729539283564002,19.274437484843457,0.10584703572062512,1.1046293344374163,1673
beta,advw,365,90,1.0,0.8,M,rank,20000000.0,fund63,0.6292671833673913,0.1593985707492151,0.25330825277782176,-0.4012857944528246,14.621041388871488,0.5512861627304249,0.6999715633663673,1704
beta,advw_top100,180,90,1.0,0.8,M,q20,50000000.0,fund90,0.6290550801885095,0.2351110100714283,0.3737526608973134,-0.4944804589628343,15.61347867622415,0.13891155260397905,1.1202693977681215,1673
beta,eqw_top100,365,90,1.0,0.8,M,rank,20000000.0,fund90,0.6287801385383899,0.1700485071347996,0.2704419187445714,-0.4343192982143779,14.957675935698546,0.16359128792629204,1.0887437415553989,1673
beta,btc,730,180,3.0,0.8,M,q20,5000000.0,fund63,0.6286835707402293,0.19650154878354256,0.31256033707414405,-0.4639377240292768,11.064997147130564,0.1715934143778774,0.9949700673089984,1704
beta,advw_top100,730,180,3.0,1.0,W,rank,50000000.0,fund90,0.6278005868009837,0.17765342813966029,0.28297748022968544,-0.3093066902051114,17.579851741986875,0.19461859667039083,1.0301187266018212,1673
beta,btceth,730,180,3.0,0.6,W,q20,50000000.0,fund63,0.6276706023752952,0.21892737011323818,0.34879341056399776,-0.7050043675723312,23.52582312766012,-0.28588370974919963,1.4751477083200766,1704
beta,btceth,730,180,3.0,0.8,W,q20,50000000.0,fund90,0.6274291741537822,0.2101120586376956,0.33487773169150936,-0.5443337670840077,21.760496756868594,-0.14814626490395416,1.3583198837064676,1673
beta,advw_top100,365,180,3.0,0.4,M,q20,5000000.0,fund90,0.6271664842618828,0.15066718090057005,0.24023474576753162,-0.4374506340156099,10.515078201042872,-0.3020118734960055,1.3492122445798327,1673
beta,advw,365,180,3.0,0.6,W,rank,50000000.0,fund90,0.6268676687931919,0.17440985421859412,0.278224357230542,-0.3961109937261353,17.467662750809165,0.055001673465903525,1.1369241961280205,1673
beta,advw_top100,365,180,3.0,0.4,W,rank,20000000.0,fund90,0.625641832004563,0.1479202784575171,0.23642964854760262,-0.34894784563257114,16.95194102690711,-0.17511267363816668,1.2372773799488934,1673
beta,advw_top100,180,90,1.0,1.0,M,q20,50000000.0,none,0.6251100806116255,0.3269513466002105,0.5230300338147035,-0.724390315720896,25.424112542351725,0.6846907244527359,0.5590733337641405,2007
beta,eqw,365,90,1.0,1.0,M,q20,50000000.0,fund63,0.6250865881063365,0.3030154803358171,0.4847576097477709,-0.6004978196155206,18.028178546840607,0.6562387068050867,0.6053285218766071,1704
beta,advw_top100,180,90,1.0,0.4,M,q20,50000000.0,none,0.6250001401001514,0.2903065045286351,0.46449030312555717,-0.7090468696459261,25.045374649261106,0.536754647934613,0.7233420120228649,2007
idvol,advw,90,90,,,M,rank,5000000.0,fund63,0.6240935400749555,0.1310921504256246,0.21005208675910989,-0.22831522356915146,11.060137927150498,0.8038533965110258,0.5000491688940467,1704
beta,advw_top100,365,180,3.0,0.6,M,rank,5000000.0,fund90,0.623802447083326,0.11617196815640168,0.18623198530172438,-0.18236438844773856,8.386180565166871,-0.08269841326758769,1.211537054634974,1673
beta,eqw_top100,365,180,3.0,0.6,W,q20,50000000.0,none,0.6232675944489489,0.31052087208052226,0.4982143702739172,-0.755458906173934,35.02333018962167,0.08845400723209691,1.1590263194167438,2021
beta,eqw_top100,365,90,1.0,0.8,W,q20,20000000.0,none,0.6229254984024803,0.3370289976817033,0.5410422250269555,-1.062388931427317,35.93476579090598,0.23403826184393042,1.2031772255363185,2021
beta,btceth,365,90,1.0,0.4,W,q20,50000000.0,fund63,0.6228022173172023,0.22409236901445428,0.35981305586829776,-0.61038145243636,26.796603410585792,0.022992473295704086,1.1699202955112002,1704
beta,advw_top100,365,90,1.0,0.6,W,rank,50000000.0,fund63,0.622510100702284,0.17636820730394903,0.283317824248923,-0.349962972110774,22.03214074493957,0.010329892440651,1.2128569642643163,1704
beta,eqw_top25,365,180,3.0,0.4,W,rank,50000000.0,fund63,0.6218851491658146,0.20830148818471067,0.33495170042912664,-0.5776060111921284,20.51058275172698,-0.1853067432206406,1.336599353180821,1704
beta,advw_top100,365,90,1.0,0.4,M,rank,50000000.0,fund90,0.6216986311153799,0.16909795769862163,0.27199345347639836,-0.4009259095432898,14.29146168299865,-0.26310878719943737,1.4276167185306177,1673
beta,sqrt_advw,365,90,1.0,0.8,M,q20,20000000.0,none,0.6216260289035519,0.27211697307701843,0.43775028783300607,-0.8401541281718674,22.608262427182908,0.23187194541659714,1.0791875584171315,2007
beta,eqw,730,180,3.0,0.6,W,q20,5000000.0,fund90,0.6214846145369156,0.1624306652928025,0.26135910928999234,-0.46239146962135624,15.777437029389294,0.11246147567367329,1.0383277021689958,1673
beta,eqw_top100,365,90,1.0,0.6,W,rank,20000000.0,fund90,0.6211735394914428,0.15342446084936598,0.24699130129556895,-0.3815705487873905,21.06977383642268,-0.3332201746939896,1.4999847843326464,1673
beta,sqrt_advw,180,90,1.0,0.8,M,q20,20000000.0,fund63,0.6207387856627695,0.20613945713489662,0.3320872835661449,-0.3857912718153862,17.08744558077903,0.23012669281856937,1.005347820761515,1704
beta,advw,365,90,1.0,1.0,M,q20,50000000.0,fund90,0.6204511607438676,0.2582263596819896,0.41619127502702763,-0.4939223034446827,15.649198723619543,0.43280705270452247,0.8034807613586802,1673
beta,advw,365,180,3.0,0.6,M,rank,5000000.0,fund90,0.6203201349849544,0.11444092530146982,0.1844868783829587,-0.1815927309953067,8.337621673748577,-0.08459917873095417,1.2072349604537498,1673
beta,advw,730,180,3.0,1.0,M,rank,20000000.0,fund63,0.6203096141104476,0.1654751298003129,0.2667621556012988,-0.41548550681000995,12.799301779442489,0.42854746626197504,0.7875502679111213,1704
beta,advw_top100,365,90,1.0,0.8,M,rank,50000000.0,none,0.6202617469551976,0.2169004564094195,0.34969181555071216,-0.45632012518179094,20.349807283322367,0.39853927872894634,0.8921472774113792,2007
beta,eqw,180,90,1.0,0.4,W,q20,20000000.0,fund63,0.6201356253289902,0.22573476533013073,0.3640087040804588,-0.6080805076490783,26.88637832007558,-0.10155551219830936,1.1531867707982884,1704
beta,advw_top100,365,90,1.0,0.8,M,rank,20000000.0,fund90,0.620062989562451,0.15121998978099552,0.24387843223428685,-0.3949528034402903,13.640981704353372,0.1799707834039803,1.0840770901984533,1673
beta,btceth,365,90,1.0,0.4,M,q20,20000000.0,fund90,0.6199652376257966,0.17205008289865278,0.2775156935532893,-0.41383966170916786,14.736643988634558,-0.011988232776666628,1.2072876755228956,1673
beta,eqw_top100,180,90,1.0,0.4,M,rank,20000000.0,fund63,0.619840413764945,0.1539274523823473,0.24833400495360317,-0.4336135485219497,15.682588014727793,-0.08271516300549833,1.2140307428970292,1704
beta,eqw_top100,365,90,1.0,0.6,W,q20,20000000.0,none,0.6197430716207785,0.30717415919735047,0.49564758891780025,-0.9603054207783744,34.58217501068709,0.17459687705576304,1.2915335711427065,2021
idvol,advw,90,90,,,M,rank,50000000.0,none,0.619629516565803,0.2182071486461922,0.35215744701054624,-0.5306078213567108,19.889734687550572,0.53095370606258,0.7274421643744134,2007
beta,eqw_top25,365,90,1.0,0.6,M,rank,20000000.0,none,0.6196069101180136,0.19346830397924375,0.31224361901063163,-0.7660914739840071,20.319337519470068,0.2534067960382171,1.0366401232331766,2007
beta,sqrt_advw,365,180,3.0,0.4,W,q20,5000000.0,fund63,0.6195194071013417,0.16256125853453943,0.2623989768054957,-0.5275683572073733,18.09139173521273,-0.47356329290309607,1.5600114807648169,1704
beta,eqw_top25,365,90,1.0,0.4,W,rank,50000000.0,none,0.6191800456369394,0.228012209480505,0.3682486396116866,-0.6721673315735371,29.870430479528018,0.10756441914804737,1.1188373334689259,2021
beta,advw_top100,365,180,3.0,0.6,W,rank,50000000.0,fund90,0.6190081065137369,0.17314909845367488,0.27972024377653665,-0.4060264265438864,17.563387217931204,0.06746972721077571,1.113687160256606,1673
beta,sqrt_advw,180,90,1.0,0.6,W,q20,20000000.0,fund90,0.6188297655282042,0.22370515306367028,0.3614970796899628,-0.5529541086326899,25.34403976996127,-0.036511649277538055,1.1049986878720492,1673
beta,eqw_top100,365,180,3.0,0.6,M,rank,5000000.0,fund90,0.6187286739019323,0.12349586475623692,0.19959615573887377,-0.23352339247127524,8.950650110969935,-0.09401575958472122,1.2246164518496307,1673
beta,advw,365,90,1.0,0.6,W,rank,50000000.0,fund63,0.618442521714477,0.17472824426025943,0.28252948030783703,-0.34905164972517344,21.90579792339379,-0.014644623286784175,1.2265845475166492,1704
beta,advw_top100,365,180,3.0,0.4,W,rank,5000000.0,fund63,0.6181439782502399,0.12117857426382793,0.19603616394815357,-0.40507159744134186,13.602889749702413,-0.5259445664318263,1.527505239306156,1704
beta,sqrt_advw,365,90,1.0,0.6,W,rank,50000000.0,fund63,0.6181354328629239,0.18352992715951924,0.29690892545908837,-0.34341894235328047,22.533902194723805,-0.0035341678269815257,1.2050562070473603,1704
beta,eqw_top25,365,180,3.0,0.4,W,rank,5000000.0,fund63,0.6180570946507001,0.13328725533773922,0.21565524688793933,-0.42896245547537065,14.424169653249708,-0.5112500098669047,1.5526845624606602,1704
beta,eqw_top25,365,180,3.0,0.6,W,q20,20000000.0,fund63,0.6178193179949943,0.22174521413326073,0.3589159608231242,-0.5877135610560316,24.696050477751882,-0.015400023235994011,1.129573096082969,1704
beta,advw,365,180,3.0,1.0,M,q20,20000000.0,fund63,0.6177862192475154,0.23433687844432968,0.37931710216806047,-0.4836366495241769,14.858583085667853,0.5253136684908535,0.6982061841645943,1704
beta,eqw_top100,730,180,3.0,1.0,M,rank,20000000.0,fund90,0.617513723355994,0.18446826297326144,0.2987273901715643,-0.4635937399927784,13.555652530492807,0.41980687780270537,0.8047021448319794,1673
beta,eqw_top25,730,180,3.0,1.0,M,q20,5000000.0,fund90,0.617396184450205,0.24233016477134486,0.3925035024101117,-0.6758092435757205,12.476705581828998,0.5188648375712283,0.7074142113757873,1673
beta,eqw,365,180,3.0,0.6,M,rank,5000000.0,fund63,0.6168334016783654,0.12012326359108132,0.19474182698964318,-0.31003211608325093,9.398990498541933,-0.25757053069937075,1.3636119005779923,1704
beta,eqw,365,90,1.0,0.8,W,rank,50000000.0,fund90,0.6167303476376318,0.18479364336392365,0.299634425436936,-0.36849874404704874,21.079889431848677,-0.04090061558021641,1.2120720092556334,1673
beta,eqw,365,180,3.0,0.8,W,rank,50000000.0,fund63,0.6164677617889667,0.1866380559874245,0.30275395982720615,-0.44686405785782746,19.772088319407015,-0.038441589930822126,1.1632334543523988,1704
beta,sqrt_advw,730,180,3.0,1.0,M,rank,20000000.0,fund63,0.6163710741709026,0.17736645750263894,0.28775921670435184,-0.4226493426304059,13.586643556043255,0.4631808818691206,0.7527071786724154,1704
beta,eqw_top100,730,180,3.0,1.0,W,rank,5000000.0,fund63,0.616052682240181,0.1757962536477101,0.2853591238470937,-0.4257204594528439,14.921106107720643,0.4023868792080164,0.7990971746211881,1704
beta,btc,730,180,3.0,0.8,W,q20,50000000.0,none,0.615919825544592,0.273862695985852,0.44464017008009854,-0.7895700098754831,32.43185983238068,0.15693468336584354,1.2645726022204589,2021
idvol,advw,90,90,,,M,rank,5000000.0,fund90,0.6158009836980497,0.12316568849598154,0.20000891807015084,-0.2267795007847816,10.230390947009349,1.123983906289579,0.24304108358508067,1673
beta,advw,365,180,3.0,0.4,W,rank,50000000.0,fund63,0.6156622699408532,0.18596606865308285,0.3020585761588876,-0.5371094684771565,19.18165944373154,-0.16833313815567436,1.295293376199579,1704
beta,advw_top100,365,90,1.0,0.8,W,rank,50000000.0,fund90,0.6155465117485905,0.17353638623940984,0.28192245902985114,-0.3878204255897807,20.39633993538322,-0.10858148922694408,1.341410063182681,1673
beta,sqrt_advw,365,90,1.0,1.0,W,q20,50000000.0,fund63,0.6153150111916565,0.2848795079427376,0.4629815667767027,-0.6142845489851896,30.39788398562101,0.4032274326295545,0.7975562857248071,1704
beta,btceth,730,180,3.0,0.8,W,q20,5000000.0,fund90,0.6148909709730748,0.17427480836711332,0.28342391837583925,-0.46815062355080855,15.733357688000494,0.233442826700034,0.9590292446640599,1673
beta,advw,365,180,3.0,0.4,W,q20,50000000.0,fund63,0.614757427405063,0.2452267701880703,0.3989000526975181,-0.6668390133576584,24.39161912994716,-0.16697165283807752,1.2663335105240026,1704
beta,sqrt_advw,365,90,1.0,1.0,W,rank,50000000.0,none,0.6145139423915745,0.2531653146380262,0.4119765186331715,-0.7684918062372079,29.641132260773837,0.21824682508873625,1.0622790056263143,2021
beta,sqrt_advw,365,90,1.0,0.8,W,rank,50000000.0,fund90,0.6142576189615475,0.1843033147857343,0.3000423748871264,-0.3815542656517129,21.172497662293576,-0.06982785197713345,1.2599785571138322,1673
beta,advw,365,90,1.0,0.8,W,rank,50000000.0,fund90,0.6141767007118875,0.17256621597019126,0.28097160926191284,-0.38606045214886264,20.249299836996155,-0.12514017424965967,1.3477503638966266,1673
beta,advw,365,180,3.0,0.8,M,rank,20000000.0,fund90,0.6141155305474937,0.14664159215516823,0.23878502474027147,-0.2773587076450098,11.8443299946289,0.2631767447251553,0.9119524966515559,1673
beta,eqw,730,180,3.0,1.0,W,rank,20000000.0,fund90,0.6140858923291911,0.17371384544375412,0.28288200008123926,-0.4252199376938845,17.202220346008342,0.40095720828651144,0.792725311520074,1673
beta,btc,730,180,3.0,0.8,M,rank,50000000.0,none,0.6140522637867578,0.21405926210995763,0.34860104706705236,-0.5828593315640541,16.44689144399434,0.4847838065043807,0.8384070218669778,2007
beta,advw_top100,365,90,1.0,0.6,W,q20,50000000.0,none,0.614049185692607,0.2625871122459272,0.4276320502725627,-0.5351875443829333,37.516731807953676,0.04755437077031387,1.2188302994341296,2021
beta,btc,730,180,3.0,0.6,W,q20,50000000.0,fund63,0.6139037307652446,0.21010997266969014,0.34225231439428355,-0.6429062970391356,23.17125421380146,-0.2601664805493801,1.4386738146581102,1704
beta,eqw_top25,365,90,1.0,0.6,W,rank,20000000.0,fund90,0.61387208300218,0.1566751555602405,0.255224435022376,-0.40126948655822436,21.983649800992314,-0.34382967045679996,1.5171273138651034,1673
beta,advw_top100,365,180,3.0,0.8,W,q20,20000000.0,fund63,0.6134000087880624,0.2076816227137657,0.3385745349500351,-0.4853159686728779,22.740796893738786,0.10183603754115236,1.0214203730030256,1704
beta,advw_top100,365,180,3.0,0.6,M,q20,5000000.0,fund63,0.6128975028843433,0.16035367925886607,0.26163213017548476,-0.36623388941685897,11.481723470261933,-0.20803915996496103,1.2454851084565286,1704
beta,advw_top100,365,180,3.0,0.8,M,rank,20000000.0,fund90,0.6127957326439991,0.14770683163943102,0.24103763092821767,-0.28424263214881773,11.942158107771359,0.2562564985392316,0.918111194463861,1673
beta,eqw,180,90,1.0,1.0,M,q20,50000000.0,fund63,0.6127102408576156,0.27254886823633195,0.4448250576893296,-0.6036566155500795,18.675685098438095,0.8240855280883089,0.42585130791085657,1704
beta,eqw_top100,365,180,3.0,1.0,M,q20,20000000.0,fund90,0.6124345461016766,0.26684172567473313,0.43570652141238275,-0.4813919223533446,15.547527435019887,0.2926100836766392,0.9071441985322204,1673
beta,eqw_top100,365,180,3.0,1.0,M,rank,50000000.0,none,0.6124253355431916,0.27026770967157154,0.4413071994022866,-0.6147886091399486,19.85131444716336,0.28527420108697943,0.9717390640353191,2007
beta,advw,365,180,3.0,0.4,W,rank,20000000.0,fund63,0.6121728010931589,0.15040210110302057,0.24568569664390033,-0.3844828587922003,18.169847936137142,-0.12038651872986755,1.1746098957884703,1704
beta,advw_top100,365,90,1.0,0.8,W,q20,50000000.0,none,0.6120613135377431,0.27465836258294746,0.4487432165830074,-0.5205584399399936,37.86151297107576,0.1034203950247726,1.176360261030881,2021
beta,eqw,365,180,3.0,0.4,W,q20,50000000.0,none,0.6120132784876227,0.2993169490922625,0.4890693708997947,-0.8090047897637703,33.705274998198384,0.15808433116650533,1.0680802423939662,2021
beta,eqw,730,180,3.0,1.0,W,rank,50000000.0,fund90,0.6117552550322253,0.19074751005097565,0.31180363140636635,-0.3445127173648975,18.58276574085371,0.23005941068090163,0.9433582283314013,1673
beta,btc,730,180,3.0,1.0,W,q20,5000000.0,none,0.6113829622700112,0.27919387389586253,0.45665955894361243,-1.0379121128099404,21.543712202215552,0.39991138895648276,0.9477936820906117,2021
beta,eqw,730,180,3.0,1.0,W,rank,5000000.0,none,0.6112818229980284,0.23842441876048212,0.39004009245871385,-0.9014652691726551,15.351994095588863,0.37633124933640705,0.9868987604666715,2021
beta,advw,365,90,1.0,0.6,M,rank,50000000.0,none,0.611240219934694,0.20419821987627165,0.3340719625715869,-0.49414626848607945,20.359555380895284,0.3722528007276352,0.8890815593881344,2007
beta,eqw,365,180,3.0,1.0,M,rank,50000000.0,none,0.6109610324894341,0.2596952884964835,0.42506031430240937,-0.6322314928163768,18.783219458568798,0.29587975471102224,0.9762670375352144,2007
beta,btc,730,180,3.0,0.4,W,q20,20000000.0,fund63,0.610562837492187,0.22493969648497664,0.3684136712428964,-0.6135929720561019,22.916436892275826,0.20556220030006833,0.8939212668385732,1704
beta,eqw_top25,180,90,1.0,0.8,M,q20,20000000.0,fund90,0.610475220754002,0.22963521926088315,0.37615813296608364,-0.5410271779608251,17.702170488667722,0.1633652205460924,1.0893730022236825,1673
beta,sqrt_advw,365,180,3.0,0.8,W,rank,50000000.0,fund90,0.610204496310266,0.1803669964184249,0.29558450897863436,-0.34881800308096284,18.31718623235047,0.08263930671006509,1.0707881142006888,1673
beta,btc,365,90,1.0,0.6,W,q20,50000000.0,fund90,0.6101268912969208,0.20263665854931293,0.3321221559642729,-0.4610767936935486,24.65605914790153,-0.024172611041960897,1.2854138946671583,1673
beta,eqw_top25,365,90,1.0,0.8,M,rank,20000000.0,none,0.6097909443781743,0.21276840617921883,0.3489202457674841,-0.8573208316156824,21.01366198052631,0.3370582593982565,0.9287562670914298,2007
beta,sqrt_advw,180,90,1.0,1.0,M,q20,50000000.0,fund90,0.6095769838354321,0.26540933035703707,0.4353991987805921,-0.4826253596474084,17.026242791349194,0.622968175852284,0.5959080129063119,1673
beta,advw,730,180,3.0,0.8,W,q20,50000000.0,none,0.6094710215990173,0.27510626382641246,0.45138530640003105,-0.5764949457534867,32.577472594849276,0.21072271675347293,1.0592823677745686,2021
beta,btc,730,180,3.0,0.8,W,rank,5000000.0,fund90,0.609411734688792,0.1311252318088519,0.21516689677105338,-0.38418236691234864,11.574587031223052,0.18560154505976068,1.047140043385733,1673
beta,sqrt_advw,365,90,1.0,1.0,W,q20,20000000.0,fund63,0.609135537451619,0.2603827039971027,0.4274626712577638,-0.4699697379529224,27.72771256018434,0.4550990227568235,0.7403366949071172,1704
beta,sqrt_advw,180,90,1.0,0.8,W,q20,50000000.0,none,0.6090959354437383,0.29337922650325915,0.48166341200344176,-0.6071319408107504,41.26405235354345,0.6180432054652154,0.6003289708359207,2021
beta,advw,365,180,3.0,0.4,W,rank,5000000.0,fund63,0.6088222344842312,0.11868198277976674,0.19493700469121197,-0.4156800427633818,13.552263085423641,-0.533080611076207,1.5255980025466132,1704
beta,advw_top100,730,180,3.0,1.0,M,rank,20000000.0,fund63,0.60794921297219,0.16319547431285847,0.2684360318767674,-0.4263066158164093,12.909500378764388,0.43378352772741374,0.7599823894497056,1704
beta,advw,730,180,3.0,1.0,M,rank,20000000.0,fund90,0.607659317084177,0.15371534640715234,0.25296303715830076,-0.4420440706333263,11.767784937825164,0.36537204476817825,0.8371033675074524,1673
beta,advw_top100,365,180,3.0,0.4,W,rank,50000000.0,fund63,0.6073723940091013,0.18395641688975192,0.3028725353740648,-0.5486693955702369,19.250135117702758,-0.1648881635357223,1.2773730405424524,1704
beta,eqw_top100,365,180,3.0,0.6,W,rank,20000000.0,fund90,0.6070137322344628,0.14805507886917177,0.24390729732615765,-0.3059197680493461,17.701564121341434,-0.13310717093723753,1.2318488890942318,1673
beta,advw_top100,365,180,3.0,0.4,W,rank,20000000.0,fund63,0.6067720697232722,0.14961453724231638,0.24657452890102602,-0.39243912383088725,18.28191968627557,-0.11494355646633439,1.159748969416696,1704
beta,btc,365,180,3.0,0.4,M,q20,5000000.0,fund63,0.6067602112414613,0.157916726173221,0.26026216493351734,-0.5005055805275157,11.187269601338885,0.09872584028451753,0.9688901882945813,1704
beta,btc,730,180,3.0,0.6,M,rank,20000000.0,fund90,0.6065181625033839,0.13079951835662323,0.21565639158562455,-0.3238954232792659,11.324298530767422,-0.01319330118700698,1.1850896151158867,1673
beta,advw_top100,365,90,1.0,0.4,M,rank,50000000.0,none,0.6062674602369145,0.20531574771458355,0.33865539746162726,-0.6043616799996784,20.681011563167843,0.33926514649942024,0.8909933746539632,2007
beta,sqrt_advw,365,90,1.0,0.8,M,rank,20000000.0,fund90,0.6057539708004459,0.15460157700826677,0.2552217310337654,-0.41780898230459496,14.156374995062949,0.1894610519668065,1.0110594395853916,1673
beta,advw,180,90,1.0,0.6,M,q20,20000000.0,fund90,0.6057488823955351,0.17659380069969893,0.2915297177294479,-0.405791025941428,15.006700882525358,-0.08422720837609264,1.269025532892212,1673
beta,eqw_top25,365,90,1.0,0.8,M,rank,50000000.0,none,0.6057075110011955,0.2399583806285573,0.3961621348097888,-0.5089869841124472,22.817528587208656,0.4194129918161253,0.8214577242544919,2007
beta,eqw_top100,365,90,1.0,1.0,W,q20,20000000.0,none,0.6053707528070966,0.37673651536983777,0.6223236151117563,-1.2188114939722576,37.959006133742164,0.2802597329787322,1.0526900183033727,2021
beta,btc,730,180,3.0,1.0,M,q20,50000000.0,fund90,0.605246933349605,0.21800413466849478,0.36019039941598585,-0.47949930748977637,12.819569137043327,0.17451991725912655,1.1072744313034866,1673
beta,advw,180,90,1.0,1.0,M,q20,50000000.0,fund63,0.6052153824704943,0.25161040227792947,0.4157369583880265,-0.5271219497058635,16.85630731813338,0.48270254228505544,0.7190477425700486,1704
beta,eqw_top25,365,180,3.0,1.0,M,rank,20000000.0,fund63,0.6050931170729367,0.2072392095841551,0.34249143435418533,-0.36704737758404593,15.719739271033514,0.6335837478481754,0.586177721421027,1704
beta,advw,365,180,3.0,1.0,M,rank,50000000.0,fund90,0.6046199946734333,0.1787089446064171,0.29557233664252397,-0.40845053243803403,12.345322392191902,0.051720170932734934,1.0948838151270432,1673
beta,btceth,730,180,3.0,0.6,W,rank,50000000.0,fund63,0.6042936656158016,0.15885980872228317,0.2628851132510186,-0.43916676646192904,18.190031940902205,-0.07705969165741036,1.2342930911563887,1704
beta,eqw_top100,180,90,1.0,0.4,W,q20,20000000.0,fund63,0.6036393645272513,0.20342008097219846,0.3369894227019302,-0.8023813205409878,27.105455236530474,-0.23319444601453462,1.356702869069289,1704
beta,eqw,365,180,3.0,0.6,W,rank,50000000.0,none,0.6036266834437579,0.21837407318725216,0.36177007938317696,-0.6005106870506701,24.417898903491697,0.07435312464286123,1.180083523778963,2021
beta,eqw_top100,365,90,1.0,1.0,W,q20,20000000.0,fund90,0.6034908804759043,0.2736036420071035,0.45336831236180997,-0.5099714726816792,28.029650480417008,0.14040581380635775,1.0472150985414341,1673
beta,eqw,730,180,3.0,1.0,M,q20,5000000.0,fund90,0.6032674412751807,0.20468818491607954,0.33929924095258923,-0.5290333816640775,10.926620538054415,0.440910539357332,0.7413145824979434,1673
beta,advw_top100,365,90,1.0,0.4,M,rank,5000000.0,fund63,0.6032179445987792,0.11601190342161442,0.19232170471781618,-0.21976576166955403,11.17272421462189,0.04038204030452104,1.0905276164409354,1704
beta,advw_top100,730,180,3.0,1.0,W,rank,5000000.0,fund90,0.6031569644745223,0.14362485796968535,0.2381218595308985,-0.3945811517539903,12.126019250665253,0.4539274162937363,0.7426124859901685,1673
beta,advw_top100,730,180,3.0,1.0,W,q20,5000000.0,fund63,0.602990951844612,0.1977346436741233,0.3279230692753058,-0.5439826509701274,17.64228692733416,0.2845779393196954,0.8574297914156432,1704
beta,btc,730,180,3.0,0.4,W,q20,20000000.0,fund90,0.6029437216205734,0.21701621671305665,0.35992781570022353,-0.6273998780347958,21.228873241539635,0.1551721892915791,0.9115978537138689,1673
beta,eqw_top100,180,90,1.0,1.0,M,q20,20000000.0,none,0.602694104308126,0.32168708005691304,0.5337485098285468,-1.3102378615981092,25.55227422324375,0.430242023596415,0.8061845176073806,2007
beta,sqrt_advw,730,180,3.0,1.0,M,q20,5000000.0,fund90,0.6024253483514183,0.20426251541972187,0.3390669333199564,-0.5384289854994481,11.164515939595738,0.44795572478009604,0.7347004251977892,1673
beta,advw,730,180,3.0,0.6,W,q20,50000000.0,none,0.6023006399636116,0.266513989068015,0.44249328555273754,-0.5550390179306284,32.155557777370305,0.15592114541205326,1.094125000874995,2021
beta,advw_top100,365,90,1.0,1.0,W,rank,50000000.0,none,0.6022969058797167,0.2243011197440536,0.3724095500979515,-0.728879940218331,28.36614035284252,0.1863527796628301,1.0774611624859511,2021
beta,advw,730,180,3.0,1.0,W,rank,5000000.0,fund90,0.6021934350900071,0.14183094183505576,0.2355238924413995,-0.3930999793954898,12.041492372224772,0.45261881721608777,0.7412164983266754,1673
idvol,advw,90,90,,,W,rank,50000000.0,none,0.6021774484719604,0.21830674100842007,0.3625289216033888,-0.6062002344113564,26.833548686803265,0.0613511963956925,1.2244650476689798,2021
beta,advw,365,90,1.0,1.0,W,q20,20000000.0,fund63,0.6016950292849029,0.23925934378006536,0.3976422143031797,-0.4871866474393157,25.99895254433125,0.4346714041900082,0.7444427553721031,1704
beta,eqw_top100,180,90,1.0,0.4,W,q20,20000000.0,fund90,0.600816136785221,0.1970006598620433,0.32788843008800017,-0.7126098327428254,25.352779411695206,-0.3160004933836438,1.4044449876714193,1673
beta,btc,730,180,3.0,0.6,W,rank,50000000.0,fund63,0.6000414739852147,0.15820379242685037,0.2636547626885347,-0.4801673314484561,18.157004619933524,-0.23345097441322762,1.4120778353913734,1704
beta,advw,365,90,1.0,0.8,M,rank,50000000.0,none,0.5999620325328718,0.21022323065682966,0.3503942237300016,-0.4510567595238083,20.255151368749264,0.3907777958144483,0.8574224144985868,2007
beta,eqw,365,90,1.0,1.0,M,q20,20000000.0,fund63,0.5999431889091078,0.257107822752299,0.4285536155845102,-0.5021311760563578,16.77560393978695,0.5665627190130562,0.6335016326792987,1704
beta,advw,365,90,1.0,1.0,W,rank,50000000.0,none,0.5997486001075264,0.2235822746152904,0.37279332469505594,-0.7397881716698147,28.18321838966819,0.1734854671877442,1.0885826910170182,2021
beta,sqrt_advw,180,90,1.0,0.8,W,q20,20000000.0,fund63,0.5992827698952402,0.23720873750661556,0.3958210538041694,-0.6056314654757972,27.774844678671418,0.420518765294621,0.7418684079317012,1704
beta,sqrt_advw,730,180,3.0,1.0,M,rank,20000000.0,fund90,0.5991901890989514,0.16355129848596459,0.2729538992150544,-0.44155450945035846,12.5260861963186,0.41018930326976166,0.7766112291207858,1673
beta,eqw_top25,365,180,3.0,0.6,W,rank,50000000.0,fund63,0.5990027507435944,0.19691063239667841,0.32873076484579744,-0.5450946968787116,21.109762670283022,-0.06565285566530411,1.197331871351398,1704
beta,advw,365,90,1.0,0.8,M,rank,20000000.0,fund90,0.5988767740491329,0.1453701701014952,0.2427380329322452,-0.4007324009255277,13.569205984247755,0.17955758501365732,1.034038291603576,1673
beta,sqrt_advw,365,90,1.0,0.4,M,q20,5000000.0,fund90,0.5986411796843537,0.14982474458802097,0.2502747049025582,-0.2872340120809718,12.775664989669705,-0.012514883032687094,1.1260345409994739,1673
beta,eqw,365,180,3.0,0.4,W,q20,5000000.0,fund90,0.5986093549946101,0.1472586798740067,0.24600130058998593,-0.4550365139399368,16.567316104027523,-0.3461889768803594,1.3988375832275055,1673
beta,advw,365,90,1.0,0.4,M,rank,50000000.0,fund90,0.598452832122116,0.16247163684133392,0.2714861190734262,-0.3912494985034698,14.238160466237813,-0.2648738136633088,1.381939609522974,1673
beta,eqw_top25,365,180,3.0,0.6,W,rank,20000000.0,fund90,0.598413096569476,0.15265846099529692,0.2551054812644349,-0.3276606718249887,18.49564676185201,-0.07167077179416136,1.1628746517883626,1673
totvol,advw,90,90,,,W,q20,5000000.0,fund63,0.5984089869611225,0.17028443969595325,0.28456196916544013,-0.3229536619332749,19.72461737116709,0.5911193174896219,0.6123399499175313,1704
beta,sqrt_advw,180,90,1.0,0.6,W,q20,50000000.0,none,0.5981556967506219,0.2731487683915079,0.45665162076586696,-0.7132458706043591,40.19139702704329,0.5383090928129641,0.6636192544898556,2021
beta,eqw_top25,365,90,1.0,0.4,W,rank,50000000.0,fund63,0.5980038835839515,0.1971322102962098,0.32965038473455854,-0.4731241072384996,23.704069603201244,-0.2512165491192959,1.4131604082067928,1704
beta,eqw_top25,180,90,1.0,0.4,M,rank,20000000.0,fund63,0.5979721625834523,0.15407935634025788,0.2576697812730617,-0.4115592635631676,16.13425029966538,0.006366158264122707,1.089046246169374,1704
beta,eqw_top100,365,90,1.0,0.6,W,rank,20000000.0,fund63,0.5979558877957799,0.15380917186026036,0.2572249475245419,-0.3837927302816574,22.55323869601188,-0.07698630250767392,1.1833786544612195,1704
beta,eqw,180,90,1.0,0.4,W,q20,20000000.0,fund90,0.5973135912664985,0.2150704485908442,0.36006287440207924,-0.5454012388274903,25.313769398341933,-0.3142199439378427,1.2433004151925722,1673
beta,advw,365,180,3.0,0.4,W,q20,50000000.0,fund90,0.5973019112256992,0.23339761572313664,0.3907531707778915,-0.5738677016752922,22.529085372231485,-0.052583905724522796,1.1538360441691697,1673
beta,advw,730,180,3.0,0.8,W,q20,5000000.0,fund90,0.5969166821029108,0.16465908609792249,0.2758493622892827,-0.48778353823493126,15.818202808962079,0.1945277504957392,0.9384142448149689,1673
beta,btceth,730,180,3.0,0.8,W,rank,20000000.0,fund63,0.5967687324017156,0.1585784172554084,0.2657284281922819,-0.31930652796776143,17.038235695557155,0.275719203152787,0.8365426833923416,1704
beta,btceth,730,180,3.0,0.8,W,rank,50000000.0,none,0.5966781406844984,0.19910056877832566,0.33368168733300846,-0.4672558439590736,22.909062814209907,0.1920458964185715,1.1330089688106983,2021
beta,advw,365,90,1.0,0.8,M,q20,20000000.0,fund90,0.5966575991472921,0.19517685353716077,0.32711701621850786,-0.4119753969307054,14.922034114769385,0.1418873590991023,1.0630010564606607,1673
beta,eqw_top100,180,90,1.0,0.4,M,q20,20000000.0,none,0.5966142031639523,0.24302676695497433,0.40734324738861344,-0.9638071127108552,23.104626604834433,0.20270719298917003,1.0256972917376839,2007
beta,eqw_top100,365,90,1.0,1.0,W,q20,50000000.0,fund90,0.5964341560877295,0.29315427015662765,0.49151153931148694,-0.6810793383160346,29.742726696712054,0.24712037613607432,0.9176780744033942,1673
beta,btceth,365,180,3.0,0.8,M,q20,50000000.0,fund90,0.5959610251484595,0.22214605936203663,0.3727526633250856,-0.5708843842389214,14.033963449359199,0.5705170703881853,0.6205146120748616,1673
beta,btc,365,90,1.0,0.6,W,q20,50000000.0,fund63,0.5955847467299826,0.20793622880949097,0.34912954025627857,-0.4628261634802333,26.745781617736426,0.20554853282044638,0.9712400484263266,1704
beta,btc,730,180,3.0,0.8,M,q20,50000000.0,fund63,0.5952916816627191,0.2128351514560935,0.3575308676607408,-0.5615564084127729,14.065255468864471,0.06330765920517784,1.139685154301202,1704
beta,eqw_top100,365,90,1.0,0.4,M,rank,5000000.0,fund63,0.5950186003060597,0.12159165808145656,0.20434933969948746,-0.23582026367605208,11.621471156558975,-0.051417370824312476,1.159643423093522,1704
beta,eqw_top100,180,90,1.0,0.4,M,rank,20000000.0,fund90,0.5949328508146652,0.1434085985006919,0.24105005851385883,-0.4335488288012611,14.577748669986272,-0.2706595996894739,1.304342002913976,1673
beta,eqw,365,90,1.0,0.6,M,rank,50000000.0,none,0.5949241761196091,0.21080432492853016,0.35433813818678644,-0.5019682084395658,20.646719036127717,0.3218656578742991,0.9097334714875197,2007
beta,eqw_top25,365,90,1.0,0.6,W,rank,20000000.0,fund63,0.5949018587266167,0.15810285076431851,0.26576291273107894,-0.4036358947453034,23.489964894525354,-0.06645447283143932,1.1759227886743993,1704
beta,eqw_top25,180,90,1.0,0.4,M,q20,20000000.0,none,0.5948971029993284,0.2445032988451597,0.4110009909485737,-0.8477539746315403,23.2224846885931,0.42427699720437967,0.7735703839509568,2007
beta,eqw_top25,365,90,1.0,0.6,M,rank,50000000.0,none,0.5948725334324549,0.21898591776572113,0.36812242196182343,-0.5968641673971902,22.143833702701574,0.3773994675749319,0.8339865643051535,2007
beta,eqw_top100,365,90,1.0,0.8,W,rank,50000000.0,fund90,0.5945619380594421,0.1901983016740361,0.31989653137705687,-0.4208418396614699,22.262251006015298,-0.11151878891182228,1.277577353442107,1673
beta,eqw,365,180,3.0,0.6,W,q20,5000000.0,fund63,0.5944602075267476,0.15497966184341508,0.26070653658755083,-0.42852214301738223,18.193052646423713,-0.28275308714831043,1.3689342909353381,1704
beta,btceth,730,180,3.0,0.8,W,rank,20000000.0,fund90,0.5943074803871805,0.15175242350814958,0.25534328359670927,-0.32385280002250194,15.699079784676755,0.1700635277598415,0.9236336621775513,1673
beta,btc,730,180,3.0,1.0,W,q20,20000000.0,none,0.5943013785743672,0.30598280414981865,0.5148613400221649,-0.9629065089325348,28.282871890490952,0.42427370202791703,0.7866326596882893,2021
beta,eqw_top100,365,90,1.0,0.6,W,rank,50000000.0,fund63,0.5940184424965749,0.18594215663238048,0.3130242149568489,-0.37418225541974914,23.324464652346833,-0.07368548334585713,1.2374508017003114,1704
beta,advw,365,180,3.0,0.6,W,q20,20000000.0,fund90,0.5934551026464266,0.1837227142640291,0.3095814888855861,-0.4794995742336551,20.61093352977446,-0.3372903183585673,1.3647635260536553,1673
beta,sqrt_advw,365,90,1.0,0.6,W,rank,20000000.0,fund90,0.5931556414700409,0.13955676800357972,0.23527849732274433,-0.3658161638477573,20.320187833302782,-0.30326955771890823,1.408194298791361,1673
beta,advw_top100,365,180,3.0,0.6,M,q20,20000000.0,none,0.5931019356975996,0.22355688076043007,0.3769282602281259,-0.6905122045346874,18.929772947556778,0.08613397623082546,1.1056513776958592,2007
beta,advw_top100,730,180,3.0,1.0,M,rank,20000000.0,fund90,0.5930752565804102,0.15100580137024514,0.25461490712143964,-0.45588211588817606,11.871960874846476,0.36424099314974717,0.8111355744203721,1673
beta,sqrt_advw,365,180,3.0,1.0,W,q20,20000000.0,fund63,0.5930660653549051,0.23859642094451725,0.4023100205568756,-0.4631847757433958,24.49527420875592,0.17577909554372667,0.9327300496324624,1704
beta,eqw_top25,365,90,1.0,0.4,M,rank,20000000.0,none,0.5929186579150175,0.1803881328284559,0.30423757191717643,-0.6775246180128566,19.82222333839628,0.15495684929506454,1.0548608109069435,2007
beta,sqrt_advw,180,90,1.0,0.6,M,q20,20000000.0,none,0.5925389893696774,0.23104205145753418,0.3899187321045468,-0.9379817125696205,22.67290075831319,0.3186001015818744,0.9178224166333095,2007
beta,eqw,365,90,1.0,1.0,W,q20,50000000.0,fund63,0.5919943937474519,0.2737807908206719,0.46247193168094136,-0.5502153485073371,29.681153719957607,0.324134066054311,0.8105872721069438,1704
beta,sqrt_advw,365,180,3.0,0.6,M,rank,20000000.0,none,0.5918730673136642,0.17833922070365207,0.3013132892041882,-0.5244871292938135,15.665611527427634,0.1898429635202898,1.0358912122866142,2007
beta,btc,365,90,1.0,0.4,M,rank,20000000.0,fund63,0.5917265415023957,0.12499879333638998,0.21124418894413222,-0.38194737058406797,14.476351125533835,0.2806908483550297,0.870801801663693,1704
beta,eqw,365,90,1.0,1.0,W,rank,50000000.0,none,0.5917011884540294,0.2530445336471794,0.42765594963282544,-0.7996359912248852,29.576489205618053,0.20147659051447173,1.0513374014304977,2021
beta,advw_top100,180,90,1.0,0.8,M,q20,50000000.0,fund63,0.5914127112163512,0.2254819210279264,0.3812598490894464,-0.5204764456055228,16.812524991552873,0.2677780758203429,0.9004901180777769,1704
beta,advw,365,180,3.0,0.6,W,q20,50000000.0,fund63,0.5912117589848733,0.22618195298388016,0.3825735018739152,-0.5854105650287317,24.431156371189655,-0.034974344336186,1.113000164522056,1704
beta,sqrt_advw,180,90,1.0,0.8,M,q20,20000000.0,none,0.5911272594032142,0.25061175550393344,0.4239556737020454,-1.0625651428954572,23.072686038594497,0.3981330361727404,0.8282873324611012,2007
beta,eqw_top25,365,90,1.0,1.0,M,rank,50000000.0,none,0.5907472450681783,0.26879626145247043,0.4550106051217362,-0.5725281247817741,23.77099558928701,0.45120718369000856,0.7504266185057148,2007
beta,sqrt_advw,180,90,1.0,0.8,M,q20,20000000.0,fund90,0.5905405421109179,0.19277567531157766,0.32643935778311,-0.3775836655962545,16.069239944134694,-0.0076823103965200324,1.210466208604215,1673
beta,eqw_top100,365,180,3.0,0.6,W,rank,20000000.0,fund63,0.590436495929272,0.15128508130979923,0.2562258301321562,-0.3688295352924705,19.112580891453923,-0.0669467211144706,1.1371246920500149,1704
beta,eqw_top100,180,90,1.0,1.0,M,q20,20000000.0,fund63,0.5904145976571411,0.25309345748193035,0.4286707315270411,-0.46958043980602326,19.24485026741298,0.41617689077616565,0.7605446638033206,1704
beta,sqrt_advw,365,180,3.0,1.0,M,rank,50000000.0,none,0.5896795102363445,0.2376234749502332,0.4029705472638744,-0.5052002444602617,18.61008551900491,0.21837005645336205,0.9904719307823382,2007
beta,btc,730,180,3.0,0.8,W,q20,50000000.0,fund90,0.588810442781689,0.1940343476206371,0.3295361860499109,-0.49181215459253647,21.198035151931656,-0.03454797027186268,1.200491318258166,1673
beta,eqw_top100,365,180,3.0,0.6,M,rank,20000000.0,none,0.5886099745798191,0.18783012876092797,0.3191079609125058,-0.5258531825793765,16.194309507037335,0.1552051298460637,1.073851963895417,2007
beta,sqrt_advw,730,180,3.0,1.0,W,rank,5000000.0,fund63,0.5882354204365514,0.1536231157731429,0.2611592407324493,-0.39267581356175846,13.901331828764746,0.3972402950337734,0.7516669227730729,1704
beta,eqw,365,180,3.0,0.8,W,rank,50000000.0,none,0.5877835119938827,0.2224023039760521,0.3783745195941575,-0.5896206031284165,24.808531091040646,0.12333437374684,1.1131853008946135,2021
beta,eqw_top100,365,90,1.0,1.0,M,q20,20000000.0,none,0.5877321498113726,0.3259506128237097,0.5545904081107706,-0.9933977545583144,24.527493389621704,0.24218814405332872,0.98026186785494,2007
beta,advw_top100,365,90,1.0,1.0,M,rank,50000000.0,none,0.5877192364315196,0.22499091983384717,0.3828204113241797,-0.48747028992676605,20.40059118089672,0.40567993559885807,0.8125917847067986,2007
beta,btceth,365,180,3.0,0.8,M,q20,50000000.0,fund63,0.5875479397914247,0.2273112111342845,0.3868811304401447,-0.5323768043588013,15.155746779694143,0.6826205951723621,0.5307531814973484,1704
beta,advw_top100,365,180,3.0,0.8,M,q20,20000000.0,none,0.5874767610876905,0.23410803728701116,0.39849752840192204,-0.6761475831577161,19.013263482227618,0.1461151750062183,1.0408267075145674,2007
beta,advw,365,90,1.0,0.4,M,rank,50000000.0,none,0.587193466298237,0.19907697073860833,0.3390313110832481,-0.5963154727249409,20.60821001574956,0.3330186476952789,0.8582422772489476,2007
beta,eqw_top100,365,90,1.0,0.4,W,q20,20000000.0,none,0.5870551726133704,0.28327733436800434,0.48253954241975205,-0.9375927838908269,33.740592318846986,0.10195924636439871,1.276638861004258,2021
beta,advw_top100,365,90,1.0,1.0,W,q20,50000000.0,fund90,0.587023210513698,0.2408342661921075,0.4102636179945182,-0.5632762824958084,26.642735328712167,0.21506380796175023,0.9464212286689806,1673
beta,eqw_top100,365,180,3.0,0.6,W,q20,5000000.0,fund63,0.587002826033705,0.16510006798394433,0.28125940908922387,-0.4940155370700843,18.95891558818314,-0.265901070693699,1.3208297040049446,1704
beta,advw,730,180,3.0,1.0,W,rank,50000000.0,fund63,0.5867698605168351,0.17285997738812045,0.29459586972627216,-0.44370318158823463,19.00192115043704,0.19114257097668988,0.9319295475882778,1704
beta,sqrt_advw,365,180,3.0,0.8,W,q20,20000000.0,none,0.5867377285136124,0.312269073244871,0.5322123634966255,-0.7830429135690529,28.824131763866337,0.37765699039327144,0.9232357252887899,2021
beta,eqw_top100,365,180,3.0,0.4,W,rank,5000000.0,fund63,0.5867017794287366,0.12409983235243702,0.211521145330889,-0.479802645735523,14.02683847717891,-0.5444456035003187,1.5409088828788156,1704
beta,eqw_top100,365,90,1.0,1.0,W,rank,50000000.0,none,0.5864379790463968,0.2626729019425678,0.4479125011134145,-0.8196052788745022,31.457553054835483,0.16570945901144202,1.0568543252830858,2021
beta,sqrt_advw,730,180,3.0,1.0,W,rank,50000000.0,fund63,0.5863422113733026,0.1897854969485444,0.3236770153457618,-0.48549328531960084,20.245921039192904,0.21947703134455535,0.9061115554741386,1704
beta,advw,730,180,3.0,1.0,W,q20,50000000.0,none,0.5861071936489364,0.2848888295860423,0.48606949833255847,-0.6698008086055836,33.410294442684076,0.24657084717210187,0.964737771438479,2021
beta,advw_top100,365,90,1.0,1.0,W,q20,50000000.0,none,0.586029542632016,0.29170990394410223,0.4977733761235905,-0.6159076946142812,38.72019583149552,0.14602841765984828,1.0744987300072437,2021
beta,eqw,365,90,1.0,0.8,M,q20,20000000.0,none,0.5853765488114133,0.26276013917275276,0.44887370309978775,-0.8096909833905543,22.19072233176693,0.11410554826075753,1.1557819635218267,2007
beta,advw_top100,365,180,3.0,0.4,W,q20,5000000.0,fund63,0.5851623393149462,0.14861759256485826,0.25397668745881,-0.5386088356667712,17.774199593281907,-0.5221212312837901,1.4606663536334827,1704
beta,advw,365,90,1.0,0.4,M,rank,5000000.0,fund63,0.5851352421303936,0.11201512436096253,0.1914345886143031,-0.21562674610414326,11.142094589261406,0.03778757592426548,1.0603514758266583,1704
beta,sqrt_advw,180,90,1.0,1.0,W,q20,50000000.0,none,0.5847093006480912,0.3188178473172833,0.5452587242308372,-0.6768562046762188,43.043815518088856,0.6649883827847503,0.49956526524116646,2021
beta,eqw_top100,365,180,3.0,0.6,M,q20,5000000.0,fund90,0.5845882946219281,0.1566024480397065,0.2678850217844103,-0.4147538699412863,11.405790668851452,-0.170906496257309,1.2037791385409864,1673
beta,eqw,365,90,1.0,0.8,M,rank,20000000.0,fund63,0.5840510087577512,0.15507661405203185,0.26551895592453895,-0.40820671619045246,15.016871318299847,0.4841271817314339,0.6714459104688287,1704
beta,eqw_top25,365,180,3.0,0.6,W,rank,20000000.0,fund63,0.5839098575570958,0.15564876005505004,0.26656299433997893,-0.3786157309167887,19.937506154131352,0.0025393680494042435,1.0610570183483485,1704
beta,advw,365,180,3.0,1.0,M,rank,50000000.0,fund63,0.5838073151984446,0.17903880292911753,0.3066744767805104,-0.40686835489545364,13.431443277093434,0.09976199696034486,0.9734534400011555,1704
beta,eqw_top25,365,180,3.0,0.6,W,q20,20000000.0,fund90,0.5837235347713782,0.20307635189492765,0.347898174046494,-0.528632652230218,22.864664122311844,-0.23556065697175635,1.2652536053021097,1673
beta,eqw_top25,365,90,1.0,0.4,M,rank,5000000.0,fund63,0.5836486448933574,0.12276079114631298,0.21033337817265635,-0.2510747032330127,11.931259558436615,-0.07353261429480701,1.152464424719246,1704
beta,eqw_top100,180,90,1.0,0.6,W,q20,20000000.0,fund63,0.5833134807575,0.19333422845428547,0.3314413858620559,-0.6590365952338738,27.902645929134902,-0.02591758168474352,1.1471002255189484,1704
beta,sqrt_advw,365,90,1.0,0.4,M,rank,50000000.0,fund90,0.5831525636649697,0.16524787554783282,0.2833698861054314,-0.3827279502679525,14.43681518138701,-0.235694378522263,1.3124205271515286,1673
beta,sqrt_advw,180,90,1.0,1.0,W,q20,20000000.0,none,0.5831374751861766,0.33727253799502316,0.5783756872894218,-1.057830677685191,37.387995928223866,0.6228184174936038,0.540540599054659,2021
beta,eqw_top25,365,90,1.0,0.4,W,q20,5000000.0,fund63,0.5828649617303769,0.15944239162361123,0.27354945329063446,-0.38824836958975595,22.705786678264545,-0.1550863675004266,1.276155780436743,1704
beta,eqw,365,90,1.0,0.4,M,rank,50000000.0,none,0.5822364943369829,0.20622061727895782,0.35418703445202254,-0.5738285300573589,20.58569594702422,0.294557173894302,0.8864150598827425,2007
beta,eqw_top100,365,180,3.0,0.8,W,rank,50000000.0,fund63,0.5820781882066653,0.18968279562556656,0.32587167749742263,-0.5049544842591722,20.91570588870883,0.013056848523761742,1.0846496114437656,1704
beta,btceth,365,90,1.0,0.6,M,q20,20000000.0,fund63,0.5820666795598983,0.17535331603477744,0.3012598422011759,-0.458433763486616,15.62481547249858,0.3980905753014296,0.7427299374442687,1704
beta,btceth,730,180,3.0,0.8,M,rank,20000000.0,fund63,0.5819919898027591,0.13893400697913755,0.2387215106280469,-0.2924538544004177,12.457022521063271,0.18956458483611718,0.9150232458184299,1704
beta,eqw_top25,365,180,3.0,0.4,W,q20,50000000.0,fund63,0.5818553491760076,0.26046428395612525,0.44764439190080635,-0.6761088330380909,24.99435309278145,-0.2304725506788163,1.2677085010439386,1704
beta,advw_top100,365,90,1.0,0.4,W,q20,50000000.0,none,0.5817452227883187,0.2541461598119911,0.43686849475765777,-0.6341276981980821,37.635163706632994,-0.02085616842033704,1.1898701857370204,2021
beta,advw,365,180,3.0,0.6,W,rank,50000000.0,fund63,0.5816427328103937,0.16777135010078012,0.28844398913081737,-0.48981529743964,18.99513552603232,-0.0504263701731994,1.13012732138481,1704
beta,btceth,730,180,3.0,1.0,W,q20,20000000.0,fund63,0.5810239567528044,0.2581238416132685,0.4442567963218887,-0.6806086463929539,23.080641660413658,0.4621287522480482,0.6831775065227059,1704
beta,eqw,180,90,1.0,0.6,W,q20,20000000.0,fund63,0.5807743955449074,0.2127974295567685,0.36640291167986644,-0.5903573053054267,27.253361526192997,0.11389701865158533,0.9229121484080917,1704
beta,advw_top100,365,90,1.0,0.4,M,q20,20000000.0,none,0.5804061382147784,0.21437161462905668,0.3693476007824865,-0.5546942176221299,21.92776882450872,0.08175882323196128,1.1287992437302767,2007
beta,eqw_top25,365,90,1.0,1.0,M,rank,20000000.0,none,0.5798940336094658,0.24012280571936237,0.4140804902315566,-0.9503490331555594,21.958658770956244,0.40356150173629035,0.7790846799015411,2007
beta,sqrt_advw,365,180,3.0,0.8,M,q20,5000000.0,fund63,0.5798342157667662,0.17525919528564948,0.3022574220700113,-0.3592620467961005,12.141634059324751,0.04370873486952319,0.9956177615452614,1704
beta,sqrt_advw,365,180,3.0,1.0,W,q20,20000000.0,none,0.579614382199652,0.34145869833790865,0.5891135707193182,-0.9405093144348668,29.80488047670823,0.42618952029596935,0.8162295712706304,2021
beta,eqw_top100,180,90,1.0,1.0,M,q20,20000000.0,fund90,0.5796010996227566,0.24478458880579773,0.4223328578312221,-0.4609008764723896,18.088394841746087,0.20292937870528877,0.9752978595437126,1673
beta,eqw_top100,365,180,3.0,1.0,W,q20,20000000.0,none,0.5795753523824242,0.37414540138095753,0.6455509190357758,-0.9903904824976756,32.336613186184834,0.419059836010218,0.8291535262841917,2021
beta,eqw,365,180,3.0,0.4,W,rank,50000000.0,none,0.5795128681476326,0.2144851511983866,0.370112836120398,-0.6888575993942492,24.21430488337419,0.02494335870563488,1.1529361542471734,2021
totvol,advw,180,180,,,M,rank,50000000.0,fund90,0.5792770283302051,0.16465958462816777,0.28425015420136235,-0.39600727842441796,11.295300121393533,0.30814171623614894,0.8069519887239064,1673
beta,advw_top100,365,90,1.0,0.6,M,q20,20000000.0,none,0.5790317409617743,0.21730718801872118,0.37529408605091824,-0.5869100324706424,21.80106237100158,0.15536341259545855,1.0744559709899733,2007
beta,eqw_top100,730,180,3.0,1.0,W,rank,50000000.0,fund63,0.5789870638315879,0.20518210231266137,0.35438115137636894,-0.5429375793639074,21.76277705060206,0.2068818024733273,0.9073084434032059,1704
beta,advw,180,90,1.0,1.0,M,q20,50000000.0,fund90,0.5788588093864202,0.2367556852410799,0.409004201718959,-0.5404449687402805,15.737900865415915,0.270320741399779,0.8808773805088311,1673
beta,eqw,180,90,1.0,0.8,W,q20,50000000.0,none,0.5785811322517331,0.2814126408619476,0.486384061240885,-0.8405672649866317,42.22400832161377,0.5023478364098035,0.6629482477401865,2021
beta,eqw_top25,180,90,1.0,0.4,M,rank,20000000.0,fund90,0.5779901496098101,0.144773145566773,0.25047683886050054,-0.41964254911165577,14.99068986951269,-0.22906499310964518,1.2335793171751988,1673
beta,advw_top100,365,90,1.0,0.6,W,rank,20000000.0,fund90,0.5777573130190226,0.13040093963166083,0.22570192828933933,-0.3725466609824643,19.899015967633556,-0.3058725251861924,1.4279379703379766,1673
beta,eqw,180,90,1.0,0.6,W,q20,50000000.0,none,0.5774981857455714,0.26268104755346183,0.45486038577650406,-0.8661635711805662,41.05381637485146,0.4383831434798369,0.7268104157150321,2021
beta,advw_top100,365,90,1.0,0.4,M,rank,5000000.0,fund90,0.5773706698868377,0.10622868009061451,0.18398696995023123,-0.22296688363915518,10.305851626382848,0.07922364899942604,1.0364465224406718,1673
beta,advw_top100,365,90,1.0,0.4,M,rank,20000000.0,none,0.5771964535542062,0.16139087099180655,0.27961168159992833,-0.6226009913196731,18.831267356823215,0.11767994774582645,1.0834293687069483,2007
beta,eqw,730,180,3.0,1.0,M,rank,5000000.0,fund90,0.5765351585005374,0.14241671415417015,0.24702173328781887,-0.3703020428823555,8.62054840104595,0.3908258077908527,0.7442363341833854,1673
beta,sqrt_advw,365,180,3.0,0.6,M,rank,5000000.0,fund90,0.5764734061670407,0.10861703580174174,0.1884163859768208,-0.21486057552760585,8.628530469428933,-0.1361294263227362,1.1794266192283678,1673
beta,sqrt_advw,365,90,1.0,0.6,W,rank,20000000.0,fund63,0.5757495897635029,0.14117190154153433,0.24519670365639798,-0.3682683077305162,21.738110979278993,-0.011406699333105388,1.074650584446956,1704
beta,eqw_top25,730,180,3.0,1.0,W,q20,5000000.0,fund63,0.5757411579041516,0.23110813039203468,0.4014097780213051,-0.6551383884365474,20.82827661311428,0.3364118771258285,0.7755046037241428,1704
beta,eqw_top100,365,180,3.0,0.8,M,rank,20000000.0,none,0.575577767733213,0.19727956548994494,0.34275049619600023,-0.6137374583497397,16.583014164336817,0.21820668715395294,0.9905778350477338,2007
beta,btceth,365,90,1.0,0.6,M,rank,20000000.0,fund63,0.5754166230908226,0.12742715489194978,0.2214519876180861,-0.37105360409461285,14.253546229299246,0.4560581470833699,0.6813371718640028,1704
beta,eqw_top100,365,90,1.0,0.6,M,q20,5000000.0,fund63,0.5749630646496743,0.17156612289249426,0.29839503342189416,-0.3209767881500116,14.539549021609442,0.1307201121772566,0.9524022286790849,1704
beta,advw_top100,180,90,1.0,0.6,M,q20,20000000.0,fund63,0.5748559198225128,0.1719999890786698,0.2992053889464597,-0.4499235555471226,16.134975973418683,-0.041975324761141374,1.154617817693402,1704
beta,eqw_top100,365,90,1.0,0.4,M,rank,5000000.0,fund90,0.5748457358209913,0.11263078173199897,0.19593218617363548,-0.26077297295510476,10.733592485483888,0.032820444517013624,1.058997015036418,1673
idvol,advw,90,90,,,M,rank,20000000.0,none,0.5747676375731726,0.16771427034953268,0.2917949087350647,-0.6957681526967958,18.647130227087906,-0.0319345622405421,1.2342096227521193,2007
beta,advw_top100,730,180,3.0,1.0,W,rank,50000000.0,fund63,0.57436122760492,0.1700143820508362,0.2960060217849214,-0.4473160852279351,19.025077446157482,0.18234671789551948,0.9170505152075336,1704
beta,eqw_top25,180,90,1.0,0.8,M,rank,20000000.0,none,0.5742866258952525,0.1944559391496251,0.33860433167233994,-0.7547921563703051,21.299985349890118,0.6323405362137102,0.5108417831347817,2007
beta,sqrt_advw,365,180,3.0,0.4,M,rank,20000000.0,none,0.5742205109088873,0.17538672457977655,0.3054344476517759,-0.5290282898505476,15.629967819515006,0.12018697806120202,1.0441729340959587,2007
beta,sqrt_advw,180,90,1.0,0.8,W,q20,20000000.0,none,0.5739192880165791,0.29326803687503816,0.5109917770642453,-0.9800324461134834,35.98234051836892,0.5515749753728377,0.6079034599422295,2021
beta,advw_top100,365,180,3.0,0.6,W,rank,50000000.0,fund63,0.5736955858528339,0.1663786604660402,0.29001209799916455,-0.507113991408375,19.07847925311826,-0.043073403062677165,1.1101198824981793,1704
beta,advw_top100,365,90,1.0,0.6,M,rank,20000000.0,none,0.5733160587427871,0.16282556192731565,0.2840066302771501,-0.6900039546496425,18.67603129104591,0.19272389492329345,1.0257055028151858,2007
beta,eqw,365,90,1.0,0.4,M,rank,50000000.0,fund90,0.5732777730036367,0.16157945792443706,0.2818519494971106,-0.37522853872996476,14.33537414007241,-0.23815880515472698,1.2871324593387694,1673
beta,eqw_top100,365,180,3.0,0.4,W,q20,5000000.0,fund90,0.5729262798392366,0.15273872367370447,0.2665940262271841,-0.5325532745642965,16.97277500458439,-0.38522722402357834,1.3791848036449434,1673
beta,eqw_top25,365,180,3.0,0.8,W,rank,50000000.0,fund90,0.5727563279510964,0.19124110541842088,0.3338961022090175,-0.3951844566654918,20.2360611286441,0.14827052568439525,0.9712932608490554,1673
beta,eqw_top100,730,180,3.0,1.0,W,rank,5000000.0,fund90,0.5726843479518895,0.15540047265357343,0.27135449608381546,-0.4429272430826014,13.619130209551246,0.4287261489148172,0.7034491606880549,1673
beta,sqrt_advw,365,180,3.0,0.6,W,q20,20000000.0,none,0.5726689080561941,0.28707924345499397,0.5013005585189266,-0.7597176630867277,28.220771781836937,0.31475277000457946,0.9767891200123595,2021
beta,sqrt_advw,365,90,1.0,0.4,M,rank,20000000.0,none,0.5724955019482739,0.16708680982629004,0.29185698273204363,-0.7012259837105425,18.884325088254514,0.07014958980014874,1.1297420097183675,2007
beta,advw,365,90,1.0,0.6,W,rank,20000000.0,fund90,0.5724878657514837,0.1292161523595754,0.22570985358782777,-0.37133794341634496,19.80529716011414,-0.3114087936440756,1.4088072601755188,1673
beta,eqw_top25,365,180,3.0,0.6,W,q20,50000000.0,fund63,0.5722589478839983,0.25265490637100424,0.44150450998665636,-0.6188602435105481,25.973342513605743,-0.09530453799168191,1.1371482977186342,1704
beta,btceth,730,180,3.0,1.0,W,rank,5000000.0,fund63,0.5716847581781934,0.14285999574588482,0.24989295884175997,-0.37453874512507035,12.739629378008766,0.37111622042413306,0.7406205659490233,1704
beta,btc,365,180,3.0,0.4,W,q20,5000000.0,fund63,0.5716731556067166,0.1425080552546378,0.24928239826723023,-0.4230571496556028,17.644179420177704,0.05167991989529059,0.9751128646924749,1704
beta,sqrt_advw,365,180,3.0,0.8,M,rank,20000000.0,none,0.5713496475961456,0.18262567705312627,0.3196390823403708,-0.5901131214378369,15.807601844493398,0.24718142662218337,0.9416259340442139,2007
beta,sqrt_advw,365,90,1.0,0.6,M,rank,50000000.0,none,0.5711451656446226,0.20055799714048042,0.3511506517158746,-0.4954546416659881,20.8355502736364,0.2731952705151265,0.9085382224469051,2007
beta,btc,730,180,3.0,0.8,M,q20,5000000.0,fund90,0.5707822409767661,0.16879563948801685,0.2957268593345877,-0.4978805778036923,9.969378507144434,0.013732363938118186,1.0899259092756335,1673
beta,advw_top100,365,90,1.0,1.0,M,q20,20000000.0,fund63,0.5707128738393817,0.22681121554274944,0.3974173808572293,-0.49640994057736376,16.36446739826232,0.581452500865818,0.5651707440176449,1704
beta,eqw,365,180,3.0,1.0,W,q20,20000000.0,fund63,0.5704670702715756,0.228260918424138,0.40012987658599203,-0.4900771454179408,24.58676825037125,0.10243309921510678,0.9385264122928286,1704
beta,sqrt_advw,180,90,1.0,0.4,M,rank,20000000.0,fund63,0.5704165429324397,0.13409402203308,0.23508087851681064,-0.43361163013086446,15.324652217189172,-0.09895853487646443,1.1268657540488314,1704
beta,eqw,730,180,3.0,0.8,W,q20,5000000.0,fund63,0.5699705442066302,0.1693706269401746,0.29715680689416996,-0.5210306839572256,17.421624853061516,0.1441423240237203,0.9182840846950444,1704
beta,eqw,365,180,3.0,0.6,W,rank,20000000.0,fund90,0.5699153101011898,0.12984437817894479,0.22783100555043975,-0.26565130755601024,16.94154463205014,-0.20279003930703157,1.204501270903853,1673
beta,eqw_top100,365,180,3.0,0.8,W,q20,20000000.0,none,0.5697785065145181,0.32520643903717655,0.5707594009232606,-0.8910114035411068,30.682133967216487,0.349093281208772,0.9296893673973396,2021
beta,eqw_top25,365,90,1.0,1.0,W,q20,20000000.0,none,0.569714400100938,0.3160439713538577,0.5547410620090755,-1.236572118800392,39.82077159801696,0.032903695996623454,1.128718389387269,2021
beta,eqw,180,90,1.0,0.6,M,q20,20000000.0,fund90,0.5694630699990767,0.1713531621359867,0.30090302806864105,-0.4268474783948306,15.631417038237437,-0.04217504932263669,1.1479555805610513,1673
beta,eqw_top25,365,90,1.0,0.4,M,rank,50000000.0,fund90,0.5692358841096173,0.17230655398164602,0.30269798301834583,-0.45515354538572594,15.208634572194295,-0.27722634727098,1.3323073565829842,1673
beta,eqw_top25,730,180,3.0,0.4,M,rank,50000000.0,fund90,0.5689879719838384,0.1714023613757722,0.30124074640481274,-0.5077904438041494,13.318771815120682,-0.23040766007927818,1.2928376234830874,1673
beta,btc,365,90,1.0,0.6,M,q20,50000000.0,fund63,0.5686855027004446,0.20805406023943593,0.3658508248433906,-0.5198824065694871,16.079814537711204,0.38851390332570207,0.7496054300422533,1704
beta,eqw_top100,365,180,3.0,1.0,W,q20,20000000.0,fund63,0.5684014648293437,0.25160191619310834,0.4426482543788816,-0.5766648146202353,26.594107346348927,0.20185760353657872,0.8704409888648204,1704
beta,advw_top100,365,180,3.0,0.8,W,q20,20000000.0,fund90,0.568270710577349,0.1865869393611906,0.3283416440231855,-0.4411208820198227,21.084019483996443,-0.20476113473036694,1.2354216893149335,1673
beta,advw_top100,365,180,3.0,0.4,M,q20,20000000.0,none,0.5680533084512913,0.21655232011372774,0.38121830626094544,-0.7917481849522925,19.02264907449777,0.014816895484098619,1.1016976109349734,2007
beta,advw_top100,365,90,1.0,0.6,M,rank,50000000.0,fund90,0.5679393847220243,0.14975739139216024,0.2636855189492773,-0.41133940588883655,14.067449262683258,-0.18606263502350184,1.2917343769464298,1673
beta,advw,365,180,3.0,0.6,W,q20,50000000.0,fund90,0.5678980431496136,0.21336596359490675,0.3757117429240642,-0.5052336582460348,22.572188789985262,0.05200748675260574,1.0096876326965567,1673
beta,sqrt_advw,365,180,3.0,0.6,W,rank,20000000.0,fund90,0.5678154222680735,0.13188128262872528,0.23226083240560927,-0.27694185110597025,17.03284379134721,-0.14350725913183734,1.159601661132033,1673
beta,eqw_top25,365,180,3.0,0.4,W,q20,50000000.0,fund90,0.567577316882073,0.24924254960993364,0.4391340918610378,-0.5826774478854995,23.084075459368346,-0.12246710976814679,1.1684783295687764,1673
beta,advw,365,90,1.0,1.0,M,rank,50000000.0,none,0.567527829170896,0.21780946306424318,0.3837864010694278,-0.48125608240015755,20.29182476342562,0.3976554324433217,0.7785828995696398,2007
beta,eqw_top25,365,90,1.0,0.8,W,rank,50000000.0,fund90,0.5668119049361163,0.18865049807559967,0.3328273390744358,-0.44133925880632985,23.410330708765922,-0.14170345310146268,1.2828551440516827,1673
beta,btceth,365,180,3.0,0.4,W,rank,5000000.0,fund63,0.5663643569450998,0.1080880959667734,0.19084551250680284,-0.38783056824226436,13.574996601222443,-0.4850034428520742,1.3333871382870914,1704
beta,eqw,730,180,3.0,1.0,W,rank,50000000.0,fund63,0.5661138328665852,0.18407899661843552,0.3251625131403863,-0.4713009558238948,20.108288812684894,0.239252858957085,0.8448914047911988,1704
beta,btceth,730,180,3.0,1.0,M,q20,50000000.0,fund63,0.5659462309457344,0.2087416621669773,0.36883656212031984,-0.6360817448505527,14.161585640692016,0.02601383017684179,1.061187024775562,1704
beta,eqw_top25,365,90,1.0,0.4,M,rank,5000000.0,fund90,0.5657884673315027,0.11400129596957857,0.201491021029921,-0.2448048942469913,11.016132631011953,0.01509490468109081,1.060861736767093,1673
beta,eqw_top25,365,180,3.0,0.8,M,q20,5000000.0,fund63,0.5657626539725741,0.19243889777361906,0.34014068695129474,-0.3973265147508963,13.402583447872969,-0.008077353418472693,1.0234075998740477,1704
beta,sqrt_advw,365,90,1.0,0.6,M,rank,20000000.0,none,0.5657554395638061,0.1687416114689298,0.2982589289800351,-0.7850849609266275,18.957928265907125,0.13800183662764534,1.0760212698658433,2007
beta,eqw_top25,365,90,1.0,0.6,M,q20,5000000.0,fund63,0.5657215434530733,0.17449943127397438,0.30845463336760676,-0.36419620942047376,15.261706616941153,0.040157066699066615,1.019665024497201,1704
beta,advw_top100,180,90,1.0,0.6,M,q20,20000000.0,fund90,0.5656359740599795,0.16597149384435383,0.2934245724384467,-0.423654348479379,15.042806398027604,-0.18617846865908688,1.2852198168276403,1673
beta,advw,730,180,3.0,0.4,W,q20,50000000.0,none,0.5651427085453272,0.25862321360883406,0.45762461356801026,-0.5400706999981983,32.08861406619867,0.08531039042605335,1.0721257562261632,2021
beta,advw,365,180,3.0,0.6,M,rank,50000000.0,none,0.5650793656384813,0.18628779522308672,0.3296666035798365,-0.5789998632199196,17.477929375241235,-0.046738533507598774,1.1875997078169243,2007
beta,eqw,180,90,1.0,0.4,W,q20,50000000.0,fund63,0.5647341218894916,0.22522924232957137,0.39882350578710857,-0.7070891646482158,29.176531294701103,-0.28883593851605505,1.383226309777951,1704
beta,advw_top100,365,90,1.0,0.6,W,rank,20000000.0,fund63,0.5646593488425758,0.1330329998572728,0.23559868464050118,-0.37426126454839415,21.259572550377584,0.02682678205224676,1.0289302319059583,1704
beta,eqw_top25,365,90,1.0,0.8,W,q20,20000000.0,none,0.5646134336726817,0.2636133024197817,0.4668916584308616,-1.0674132385979485,37.29844765617807,-0.08104878166137734,1.2620993997076477,2021
beta,advw_top100,365,180,3.0,1.0,M,rank,50000000.0,fund90,0.5644921435938142,0.16867322402264454,0.29880526405344443,-0.44251591735974477,12.408554043311598,0.014672605831784173,1.0580973829551092,1673
beta,advw_top100,365,180,3.0,0.6,M,rank,20000000.0,none,0.564444393120507,0.1630359864650539,0.28884330937139147,-0.4994207235853466,15.374958794449439,0.21358293717723925,0.935657006054709,2007
beta,eqw_top100,365,180,3.0,0.6,W,rank,50000000.0,none,0.563826937956647,0.20941935594380223,0.37142488562670384,-0.6392592203259087,25.276576236884313,0.06878214970101944,1.0779928623884234,2021
beta,advw,365,180,3.0,0.6,M,rank,20000000.0,none,0.5636560583811301,0.1626149453374431,0.28850030602791277,-0.49655277860529373,15.30667008861562,0.21421189518200073,0.9355731224755033,2007
beta,sqrt_advw,365,180,3.0,1.0,W,q20,20000000.0,fund90,0.5635023818585534,0.21845467729975854,0.38767303268399234,-0.41260481099986457,22.6228487579712,-0.03039792497243528,1.0857256257640566,1673
beta,eqw_top100,365,180,3.0,0.4,M,rank,20000000.0,none,0.5633813902004747,0.18062799385132938,0.3206140582440154,-0.5426963434832501,15.933399440483244,0.08420719453231634,1.0643059140491724,2007
beta,advw,730,180,3.0,1.0,W,q20,5000000.0,fund63,0.5632774956779965,0.18419516919620282,0.3270060860047211,-0.5446874170406982,17.403413300150728,0.27866916514695506,0.7889762742518276,1704
beta,btceth,365,180,3.0,0.4,M,rank,20000000.0,fund63,0.5630786954060657,0.13168427552130332,0.23386478052830406,-0.3789430652015223,13.082573591054679,0.24577605342106718,0.7958698634286009,1704
beta,btceth,730,180,3.0,0.8,W,q20,50000000.0,fund63,0.5629262115416781,0.19615930870763384,0.34846362575729967,-0.6857005787388832,23.600680859379345,-0.2064533469623203,1.2734612352768473,1704
beta,eqw_top25,180,90,1.0,1.0,M,rank,20000000.0,none,0.5628967818924694,0.22402693315760144,0.39798936566028814,-0.8593812438455246,22.256189172125396,0.6882135895123849,0.42582500038504306,2007
beta,eqw_top100,180,90,1.0,0.6,W,q20,20000000.0,fund90,0.5628704375258928,0.18175327986843043,0.32290429155833844,-0.5796848379391513,26.111670426706272,-0.1880719845219316,1.2553778521391261,1673
totvol,advw,90,90,,,M,rank,50000000.0,none,0.5628401226902381,0.2073301682764618,0.368364229766482,-0.5915263367864428,19.02813703366745,0.5063514689984598,0.6267774106275207,2007
beta,btceth,365,90,1.0,0.6,W,q20,50000000.0,fund63,0.5628105517917493,0.19727462178242525,0.35051692111028615,-0.508924534155273,26.362075291539043,0.1664016711622579,0.9227049130680347,1704
beta,eqw_top25,365,90,1.0,0.6,W,rank,50000000.0,fund63,0.5627128686194999,0.18232374709757002,0.32400849041335017,-0.39317421951716125,24.295903415848894,-0.11719203529550064,1.230421655274177,1704
beta,eqw_top100,365,90,1.0,1.0,W,q20,50000000.0,fund63,0.5626032832768071,0.283974025783211,0.5047500329703775,-0.6875278381937322,31.669064264617525,0.4449740114379718,0.6675723999930807,1704
beta,sqrt_advw,365,90,1.0,1.0,M,q20,20000000.0,none,0.5623732798495413,0.28640032350518946,0.5092708593513078,-0.941565468526375,23.270952844645898,0.265627806901539,0.8988772765268483,2007
beta,btceth,730,180,3.0,0.8,M,rank,20000000.0,fund90,0.562186631093084,0.12681133685140875,0.2255680406430938,-0.31621344659150485,11.404677110309029,0.08480082314946182,1.0080791736860621,1673
beta,eqw_top100,365,90,1.0,0.6,M,rank,20000000.0,none,0.5621530286869622,0.17569346437860264,0.31253672116465364,-0.8333405625241359,19.599388303684524,0.09794429221976468,1.1133135508008511,2007
beta,eqw_top100,365,90,1.0,0.4,M,rank,20000000.0,none,0.5620069934817871,0.17104361135792684,0.30434427567932,-0.73516751626512,19.2577084145226,0.029780906680797456,1.1491581531743504,2007
beta,btceth,730,180,3.0,0.6,W,q20,50000000.0,none,0.5617754779444145,0.2405964467137883,0.4282786560818775,-0.7388145956995049,32.51895960232981,0.045240064055307325,1.1757355060063936,2021
beta,sqrt_advw,180,90,1.0,1.0,M,q20,20000000.0,none,0.5617115092095786,0.2747437612107241,0.48911898137414733,-1.2010030694225309,23.7922003789756,0.4527139818378482,0.6925635056954142,2007
beta,advw_top100,365,180,3.0,1.0,M,q20,20000000.0,none,0.5616367849602389,0.24852784084928206,0.4425063448557355,-0.7559746738353124,19.27666488884984,0.19163563042958745,0.934165330071161,2007
beta,sqrt_advw,365,90,1.0,1.0,M,q20,20000000.0,fund90,0.5615588805536843,0.23234998072662,0.4137588929188123,-0.47832903849296804,16.010583475586298,0.2813788952104914,0.8282421117055938,1673
beta,advw,365,90,1.0,0.6,W,rank,20000000.0,fund63,0.5612041705759596,0.1321603838809736,0.23549430102299201,-0.37301455910418424,21.170537207281175,0.01949536260989426,1.0244696968275422,1704
beta,sqrt_advw,365,180,3.0,0.8,W,rank,50000000.0,fund63,0.5608039903631785,0.17207558164517717,0.3068372989531341,-0.4756792378902733,19.869204045699895,-0.0018498026381290292,1.040956891905796,1704
beta,btc,730,180,3.0,1.0,M,rank,50000000.0,none,0.5606040666344408,0.20938141250511053,0.3734924966957903,-0.560719631739921,16.25110787152721,0.43640324870836705,0.7870077963436181,2007
beta,eqw,730,180,3.0,1.0,M,rank,20000000.0,fund63,0.5603749681333865,0.16052868204301596,0.28646654681549794,-0.43231998811707956,13.352735961158734,0.4240705437682806,0.6807097675398602,1704
beta,advw_top100,365,90,1.0,0.4,W,q20,5000000.0,fund63,0.5601522535828938,0.1414174406382549,0.2524625041383098,-0.26534126346406867,20.759331638653762,0.07219729874401408,0.9979281279336985,1704
beta,eqw_top25,180,90,1.0,0.6,M,rank,20000000.0,none,0.5596888585965396,0.17288492575750036,0.3088947065893394,-0.659085973561959,20.599727421517958,0.5467859935073607,0.5743779049409202,2007
beta,eqw_top100,365,180,3.0,0.8,W,rank,50000000.0,none,0.5596221567149836,0.21775296624655327,0.38910712099888345,-0.5665782923563595,26.016742740566563,0.11487614000238565,1.037436709507634,2021
beta,eqw,365,90,1.0,0.6,W,rank,20000000.0,fund90,0.5595703643902736,0.13079121086582318,0.2337350567311362,-0.3574344517176007,20.08948178570358,-0.31605447964277716,1.3291888202687796,1673
beta,advw,365,180,3.0,0.4,W,q20,5000000.0,fund63,0.5595497978781564,0.1406605963535264,0.25138173025335564,-0.532318779717345,17.662022749324382,-0.4927929842754952,1.415366053336424,1704
beta,eqw_top100,180,90,1.0,0.8,W,q20,50000000.0,none,0.5593796271549865,0.28400401877611814,0.5077124818087619,-0.9088840645286165,42.735829909573056,0.46866261201290726,0.6580226389043938,2021
beta,eqw,365,90,1.0,0.8,M,rank,50000000.0,none,0.5591099099027658,0.21372765281355624,0.3822641112741596,-0.4995938306148148,20.889074109153043,0.32904373369821177,0.8419188393636053,2007
beta,eqw,365,90,1.0,0.4,M,q20,5000000.0,fund63,0.5590299165666045,0.14614110914140072,0.26141912053465033,-0.27918482992692273,13.862091036548996,0.05866219252140932,0.9755233638639789,1704
beta,advw_top100,365,90,1.0,1.0,W,q20,20000000.0,fund63,0.5589608202704265,0.22637591448660935,0.4049942433837995,-0.5958571875331133,26.447212279760898,0.46385299962378534,0.6412723160510215,1704
beta,eqw,365,90,1.0,0.8,M,rank,20000000.0,fund90,0.5588425392990535,0.1425691646777183,0.2551150899438334,-0.40887889412629264,14.00316018747678,0.15710471706361717,0.9301833390943098,1673
beta,eqw_top100,365,90,1.0,0.4,M,rank,50000000.0,fund90,0.5578335956232654,0.16538053481879691,0.2964692985800144,-0.4403401004323254,14.734486696918877,-0.2792160717275901,1.3032547102207168,1673
beta,advw,730,180,3.0,0.4,M,rank,50000000.0,fund90,0.5576437262681082,0.15208097629487582,0.27272068012427914,-0.4581707018908838,12.425134909151994,-0.21339093307195056,1.2467442083038367,1673
beta,sqrt_advw,365,90,1.0,0.4,M,rank,5000000.0,fund63,0.5574445494917311,0.10909156513776726,0.19569940227639712,-0.2238984941977985,11.346097660906363,-0.01199302651016815,1.0576195533020802,1704
totvol,advw,90,90,,,W,q20,5000000.0,fund90,0.5571387720115655,0.15099264117476324,0.27101442003327103,-0.34449004642306774,18.237282181070263,0.7938367379630348,0.3836599977413037,1673
beta,advw,365,90,1.0,0.4,M,rank,20000000.0,none,0.5567568473996807,0.1557760471568172,0.2797918838077438,-0.6282283076822219,18.78458221304627,0.10097362596929636,1.060556721675897,2007
beta,sqrt_advw,730,180,3.0,0.8,W,q20,5000000.0,fund90,0.5565779954383397,0.1593722146894394,0.2863430031291911,-0.5105959631841046,16.24215582491356,0.14664391227639648,0.9065958075006102,1673
beta,advw,365,90,1.0,0.4,M,rank,5000000.0,fund90,0.5563670486796162,0.10192802201345813,0.18320283750692315,-0.2333353500139494,10.279699046713018,0.0734458881587211,1.0002399173081291,1673
beta,eqw_top100,365,90,1.0,0.6,M,rank,50000000.0,none,0.5562378570368208,0.2051728442012481,0.36885810918055945,-0.5844197833621492,21.446779689392454,0.2590727823335374,0.8891856216543612,2007
beta,eqw_top100,730,180,3.0,1.0,M,q20,5000000.0,fund90,0.5559247851475052,0.20617091010391111,0.3708611589411455,-0.6123689918169138,12.032065965749867,0.44431695473744476,0.6524973495801324,1673
beta,eqw_top25,365,180,3.0,0.4,W,rank,5000000.0,fund90,0.5558889495421127,0.11499090217352616,0.2068594856369145,-0.3340632456763823,13.191238475350845,-0.3440136138522985,1.2918343186430932,1673
beta,btceth,730,180,3.0,0.8,W,rank,50000000.0,fund90,0.5557754739880396,0.13942084935445398,0.25085822581198375,-0.35943002512943556,16.436444138017787,-0.061277616922395195,1.1616221390566432,1673
beta,btc,365,90,1.0,0.6,M,q20,50000000.0,fund90,0.555649680496941,0.1943834444092515,0.3498309298682691,-0.5195590765169459,14.78258700368258,0.16347771007232395,1.0060628478485858,1673
beta,eqw,365,180,3.0,0.6,W,rank,20000000.0,fund63,0.5554913928225585,0.13333061731956874,0.24002283211282577,-0.341609982556408,18.292989676992082,-0.10720878064536578,1.0966924386455108,1704
beta,btceth,730,180,3.0,1.0,W,q20,20000000.0,fund90,0.5548480008213516,0.24248001496449748,0.43702061574620416,-0.6408747996089361,21.307459416450907,0.3115416478956354,0.7257773807719387,1673
beta,eqw,365,90,1.0,0.6,W,q20,20000000.0,none,0.5545170109688462,0.26457645125989276,0.47712954882597314,-0.9669301585180355,33.579159012055136,0.08323752126611098,1.3011923763141282,2021
beta,eqw_top25,365,90,1.0,0.4,M,rank,50000000.0,none,0.5544436924152043,0.20386677132401493,0.36769607827253614,-0.6927562330667293,21.684264930099623,0.3227812995030172,0.7903631533398493,2007
beta,sqrt_advw,365,90,1.0,0.8,M,rank,50000000.0,none,0.5543509346196834,0.2075502456984507,0.3744022653102264,-0.4500767046649783,21.05770529422948,0.2947199143444946,0.8641965397646395,2007
beta,eqw_top25,365,90,1.0,0.8,W,rank,20000000.0,none,0.5541841949867881,0.20423317317548137,0.3685294077727177,-0.9486886064852392,29.254286277083406,0.20176450037619878,0.9828701070563987,2021
beta,sqrt_advw,365,90,1.0,1.0,W,q20,20000000.0,fund90,0.5541465269139824,0.22997970606217305,0.4150160560292958,-0.4637576937742175,25.954825851055634,0.12117772648851904,0.9611484867070407,1673
beta,advw,365,180,3.0,1.0,M,q20,20000000.0,fund90,0.5533141446162713,0.20307066084758957,0.367007897454747,-0.5113817896822666,13.672742090290106,0.23397288372393324,0.8440535389811232,1673
beta,advw,365,180,3.0,0.4,M,rank,20000000.0,none,0.5531240428115273,0.16291103654478054,0.29452893733692065,-0.5080627158922486,15.473072204244042,0.14726627690381963,0.9591851109988199,2007
beta,btceth,365,180,3.0,0.4,M,q20,5000000.0,fund63,0.5530718250940219,0.14324698250218074,0.2590024947986255,-0.3806390331816078,11.404569551462753,-0.03276814042271169,0.9481382051385426,1704
beta,eqw_top100,365,180,3.0,0.4,W,q20,50000000.0,none,0.5529247234230906,0.2777730288608995,0.5023704260161129,-0.9240492924373378,33.97696518650682,0.0042686500597438086,1.0887689521998187,2021
beta,advw_top100,365,180,3.0,0.4,M,rank,20000000.0,none,0.5525425467232299,0.1629583091469205,0.29492445443942755,-0.5098227511766529,15.525563441494553,0.1445173593890297,0.9587023489497246,2007
beta,advw,365,180,3.0,0.4,M,rank,50000000.0,none,0.5524037791630136,0.1884129062107606,0.341078235373839,-0.6583362927681711,17.63680324376864,-0.07743854863750835,1.1598246385051143,2007
beta,sqrt_advw,365,180,3.0,0.6,W,rank,20000000.0,fund63,0.552326347325899,0.13484392613947266,0.244138138244396,-0.3507371946948047,18.393408050366215,-0.053113156499227286,1.0476313280042577,1704
beta,sqrt_advw,180,90,1.0,0.4,M,q20,20000000.0,none,0.5521817855077097,0.2149496123016165,0.389273275473907,-0.8923582248990843,22.536540778731716,0.2137655022022113,0.9225757666976732,2007
beta,eqw_top100,180,90,1.0,0.6,M,rank,20000000.0,fund63,0.551800962691077,0.13525667762499874,0.24511859668632272,-0.4577939310187075,15.916137405829408,0.06782414277582169,0.9834634668746105,1704
beta,advw_top100,365,90,1.0,1.0,W,q20,50000000.0,fund63,0.5516188526534405,0.2332065974152584,0.4227676343791906,-0.5707398387465179,28.331673000345123,0.48579103169453935,0.6107920359295534,1704
beta,advw,365,90,1.0,0.6,M,rank,20000000.0,none,0.5514773396721199,0.15674897183751477,0.28423465582594865,-0.6962525686272183,18.613412399353983,0.1743216165766266,1.0015145995179378,2007
beta,btceth,730,180,3.0,0.4,W,q20,50000000.0,none,0.5513699165963323,0.24216737533122085,0.4392103523277928,-0.8293375510916469,32.631986618999385,-0.009881943847123148,1.1716251993891407,2021
beta,eqw_top100,365,180,3.0,1.0,M,rank,20000000.0,fund63,0.5511593455446877,0.1760198217950893,0.3193628543504715,-0.3804770933195625,14.60805629038754,0.45221274734831557,0.6361440088870621,1704
beta,eqw_top25,365,180,3.0,0.8,M,rank,5000000.0,fund63,0.551155467404851,0.13826731810408063,0.2508680876470675,-0.28253285104394044,10.518862025319766,0.06597576234940539,0.960017686384761,1704
beta,advw_top100,365,180,3.0,0.4,W,rank,5000000.0,fund90,0.5509611728558607,0.10318856627124509,0.18728827248638208,-0.30496082316623624,12.448307389780737,-0.4244720425511562,1.3229533977270589,1673
beta,eqw_top25,365,180,3.0,0.6,W,q20,50000000.0,fund90,0.5506590063883805,0.2388594478657115,0.4337701646474908,-0.6040055463525548,24.008598086123648,-0.016888394498947974,1.0470785035690051,1673
beta,eqw,365,180,3.0,1.0,W,q20,20000000.0,fund90,0.5494661008251354,0.21165384083062203,0.385199087828677,-0.4147196942302248,22.815542657855858,-0.12125084712042766,1.1046850442742349,1673
beta,btceth,730,180,3.0,1.0,W,rank,5000000.0,fund90,0.5494554118423771,0.13057079191322027,0.23763673830312051,-0.3710503619533368,11.586366805649522,0.31927563435600537,0.7680485957320234,1673
beta,eqw_top100,730,180,3.0,0.4,M,rank,50000000.0,fund90,0.5492863768022651,0.16384497248003402,0.29828697633805645,-0.5447644806897622,12.887093554778046,-0.23754880171426904,1.2564236493586147,1673
beta,sqrt_advw,180,90,1.0,0.4,W,q20,50000000.0,none,0.5492801225261215,0.25657693160852635,0.4671149038281912,-0.8474345193679516,39.691666311125395,0.4289336831447044,0.6747650100101463,2021
beta,sqrt_advw,365,90,1.0,0.4,M,rank,50000000.0,none,0.5491135965311204,0.1940588987920225,0.35340392228117856,-0.5933774146410781,20.783920668164846,0.23670308138082946,0.8760991290476446,2007
beta,eqw_top100,180,90,1.0,1.0,W,q20,50000000.0,none,0.5489768958757993,0.3231065028092106,0.5885612040079556,-0.951961729423335,45.47669083329805,0.5187647462059507,0.5807912057015456,2021
beta,advw,365,180,3.0,0.8,M,rank,50000000.0,none,0.5488303240633847,0.18537107875432515,0.33775662645950394,-0.5255652684333088,17.41845145386991,-0.016234918942959267,1.1469020999510222,2007
beta,advw_top100,365,90,1.0,0.4,M,q20,5000000.0,fund63,0.5487121115944794,0.1406413440780767,0.2563117181237224,-0.3186342484790938,13.64341792939658,-0.06744944419045606,1.0544997937332643,1704
beta,advw_top100,365,90,1.0,0.8,M,q20,20000000.0,none,0.5486199830982129,0.22417640941111092,0.4086187457939884,-0.6665979654094387,21.915868059621435,0.21028405574626005,0.9495201168927313,2007
beta,eqw,365,90,1.0,0.6,W,rank,20000000.0,fund63,0.5484188642058847,0.13376159597005638,0.24390407533436023,-0.36036137083734254,21.511291169175852,-0.008964638322639164,1.0097732004116653,1704
beta,advw,365,180,3.0,0.8,W,rank,50000000.0,fund90,0.5483521485905598,0.15506109251691283,0.2827764838990225,-0.36765348752911164,17.42578461136829,0.11907289769822799,0.9328962008103419,1673
beta,eqw,180,90,1.0,0.6,W,q20,50000000.0,fund63,0.5481566149394375,0.21078108540039775,0.3845271217308682,-0.5877300699903618,29.58550407436267,-0.13492814290198193,1.2006025796303916,1704
beta,eqw,365,90,1.0,1.0,W,q20,20000000.0,fund63,0.5481414004492847,0.23356283070133738,0.42609959858878993,-0.4648965489060499,27.726319111817162,0.44892342316020467,0.6328442325486765,1704
beta,eqw_top25,180,90,1.0,1.0,W,q20,50000000.0,none,0.5475553229665708,0.3327231342329231,0.6076520860582272,-0.9321741772002861,46.54740536772808,0.7887384491845254,0.29995228143554725,2021
beta,eqw_top25,365,90,1.0,0.4,W,q20,5000000.0,fund90,0.5475196462901064,0.14443736657962047,0.26380307548469134,-0.2914578476951909,21.10951981745268,-0.13433941399559465,1.1978579020176015,1673
beta,advw_top100,730,180,3.0,0.4,M,rank,50000000.0,fund90,0.5473796495397146,0.14894026590842188,0.2720968271905323,-0.4528687806765892,12.457317723704966,-0.2155465958664454,1.2318684621476668,1673
beta,sqrt_advw,365,180,3.0,0.4,W,rank,5000000.0,fund63,0.5472364068491808,0.10972763152810736,0.2005123017305909,-0.469292697082063,13.74029985417049,-0.5739496604368239,1.496733053103775,1704
beta,sqrt_advw,365,180,3.0,1.0,M,rank,50000000.0,fund90,0.5472301476359932,0.1753680094785334,0.3204648176569116,-0.3729511830802775,13.23142769456135,0.043785589966151915,0.9716681929176149,1673
beta,sqrt_advw,730,180,3.0,1.0,W,rank,5000000.0,fund90,0.5468648842447514,0.13589697469710033,0.24850192179514513,-0.40831457055966486,12.689634234841014,0.4161527282438001,0.6653557376937073,1673
beta,eqw,365,90,1.0,0.8,W,q20,20000000.0,none,0.5463190177434019,0.2829081384525536,0.5178442068905451,-1.069160936541827,34.34866587551373,0.14472073338161082,1.1708819927977283,2021
beta,advw_top100,365,180,3.0,0.8,M,rank,20000000.0,none,0.5460754047161253,0.1649543239283739,0.30207242901577774,-0.5435013634380339,15.319883570009866,0.266196222003764,0.8520304887549234,2007
beta,btceth,365,90,1.0,0.8,W,q20,50000000.0,fund90,0.5457265727635827,0.19164946846180844,0.35118221839791913,-0.47531828808221144,24.29707171882781,-0.03125804622905409,1.1428527232883754,1673
beta,advw_top100,365,180,3.0,1.0,M,rank,50000000.0,fund63,0.5456470188594564,0.1690942667775167,0.3098968031218562,-0.4321507650679222,13.523425961559164,0.0649009680365798,0.9336107475260966,1704
beta,btc,730,180,3.0,1.0,M,rank,5000000.0,fund63,0.5454355112138687,0.14138340539770602,0.25921195538416025,-0.3992334399199329,8.723999809996815,0.407162513273568,0.6653846583220099,1704
beta,eqw_top25,365,90,1.0,1.0,W,rank,20000000.0,none,0.5453687900819705,0.23512563007599555,0.43113143684048266,-1.0727492633512783,30.6237662876676,0.2834100114123381,0.8519744452474793,2021
beta,eqw_top25,365,180,3.0,0.8,W,rank,50000000.0,fund63,0.5448736708547599,0.18818825335484798,0.34537960525718064,-0.5234294119912591,21.916639358194814,0.07774125964574427,0.9643738337577933,1704
beta,btc,730,180,3.0,0.6,W,q20,5000000.0,fund63,0.5446492097555418,0.15062457177576866,0.2765533651345503,-0.5105024976602626,16.965774321340685,-0.16863034293719278,1.1382189581781352,1704
beta,advw,365,90,1.0,0.6,M,rank,50000000.0,fund90,0.5443196579404851,0.14321052039854892,0.2631000337933914,-0.4044877484235858,14.002145864587412,-0.1875755560149625,1.242243143059712,1673
beta,btceth,365,90,1.0,0.4,M,rank,5000000.0,fund63,0.5442837265998013,0.10232363860766257,0.18799687296713657,-0.2382129959563616,10.928166224264633,0.20945978479970986,0.832110203916895,1704
beta,eqw,180,90,1.0,0.6,W,q20,20000000.0,fund90,0.5438964071962976,0.19822969375461094,0.36446222319513844,-0.5676798673518381,25.664770889592962,-0.18145086000937785,1.056416157185535,1673
beta,advw,365,180,3.0,0.8,W,q20,20000000.0,fund63,0.5438865106854407,0.1842762664278567,0.3388138201766024,-0.45903626299819683,22.56906641208087,0.05190812432504267,0.9383688575500917,1704
beta,eqw_top25,365,180,3.0,1.0,M,rank,20000000.0,fund90,0.5437710448519674,0.17957321336176296,0.33023680657849075,-0.38807523236660413,14.540095198107647,0.3828242141115949,0.6951310140859802,1673
beta,advw,365,90,1.0,0.6,M,q20,20000000.0,none,0.543724818373534,0.2047746805272867,0.37661455502406055,-0.5784317428813958,21.75856856924564,0.16969429586527524,0.9776288431636839,2007
beta,btc,730,180,3.0,0.8,W,rank,50000000.0,fund90,0.5436676928080286,0.13848845555554914,0.2547299708766215,-0.3773584772132542,16.27722044101835,-0.21699865094582113,1.3466428778516357,1673
beta,advw,365,180,3.0,0.8,M,rank,20000000.0,none,0.5436522224734134,0.1640351325384663,0.3017280639305916,-0.5406276759521554,15.235492993388295,0.26488669426935535,0.8505337680743186,2007
beta,advw,365,90,1.0,0.4,M,q20,20000000.0,none,0.5435770841383856,0.20163639855644022,0.370943522897126,-0.5415620223474084,21.912427236507458,0.09784518546430286,1.029904774387851,2007
beta,eqw_top25,365,90,1.0,0.6,W,rank,20000000.0,none,0.5434096583078668,0.18183098036504214,0.3346112414182128,-0.8430304358661854,28.24494801233922,0.10512059238421616,1.0685925111161743,2021
beta,btceth,730,180,3.0,0.8,W,q20,50000000.0,none,0.543225744516549,0.23867578573417372,0.43936758915317314,-0.7209970394168485,32.72571421686888,0.0839567845417918,1.122710412001381,2021
beta,eqw_top100,365,90,1.0,0.8,M,rank,50000000.0,none,0.54310394306868,0.21642283865237982,0.3984924827272177,-0.5649007612983832,21.99161624198761,0.2775882824716653,0.8571959706095438,2007
beta,advw_top100,365,180,3.0,0.8,W,rank,50000000.0,fund90,0.5426568329010117,0.15465171386862944,0.2849898950721221,-0.3792549966894724,17.536020964854117,0.13410804444172814,0.9118809807480792,1673
beta,eqw_top100,730,180,3.0,0.8,W,q20,5000000.0,fund90,0.542645796332743,0.16464249582650328,0.30340693126008617,-0.5538172677017559,17.248898928139173,0.21538933427167578,0.8227457709721243,1673
beta,advw,365,90,1.0,1.0,W,q20,20000000.0,fund90,0.5423993163881857,0.20736092507735213,0.3823030723160932,-0.47857571675319505,24.383508217481186,0.05107371204898643,1.042815764820689,1673
beta,eqw,180,90,1.0,1.0,M,q20,50000000.0,fund90,0.5423482325323421,0.2383389137644056,0.43945734394956776,-0.5051308475457085,17.424316295176933,0.571481297314096,0.5164728924336681,1673
beta,btceth,365,90,1.0,0.8,M,q20,50000000.0,fund63,0.5423335410651748,0.20087508004669846,0.3703902946001975,-0.4942733954201083,16.13077182442807,0.46627429240197743,0.6129210796317264,1704
beta,sqrt_advw,180,90,1.0,0.6,W,q20,20000000.0,none,0.5410440421133531,0.256083301417475,0.47331322680718746,-0.9334735404876269,35.08605319532096,0.453185244922047,0.6538785782029165,2021
beta,btc,730,180,3.0,1.0,W,q20,50000000.0,none,0.5402360701709784,0.2600520049249828,0.48136734898630407,-0.9336918524845825,32.766604270222665,0.12157062472190365,1.163876477739058,2021
beta,advw,365,90,1.0,0.4,W,q20,5000000.0,fund63,0.540021049598208,0.13484939823696201,0.2497113739127281,-0.2677295451352989,20.950422835424856,0.11326191787114999,0.9227121803574069,1704
beta,eqw,180,90,1.0,1.0,W,q20,50000000.0,none,0.539993721690232,0.3029744913928085,0.5610703962343662,-0.8935051598059842,44.178117831236406,0.535900388436099,0.5449167435650921,2021
beta,advw_top100,365,90,1.0,0.4,M,rank,50000000.0,fund63,0.5396360007620712,0.152527742977435,0.2826493094642242,-0.45104191720866854,15.470850066418171,-0.20992978003823026,1.224640270233755,1704
beta,btceth,365,90,1.0,0.8,M,q20,50000000.0,fund90,0.5396153785664213,0.19098242681848587,0.35392324682417814,-0.4887202373314077,14.851180998617416,0.21306119145477,0.8907322766181429,1673
beta,eqw_top25,365,90,1.0,0.6,W,q20,20000000.0,none,0.5391257152289443,0.22720743404249497,0.4214368330510991,-0.975575884055487,35.55553525126965,-0.20403378314353382,1.333922885434839,2021
beta,advw,180,90,1.0,0.8,M,q20,20000000.0,fund63,0.5389842216863313,0.17293501991595633,0.3208535852401965,-0.49767316909872705,16.12586537692005,0.23360378079573696,0.8335217843676999,1704
beta,advw,365,180,3.0,0.4,W,rank,5000000.0,fund90,0.5385814274551123,0.10035350976521715,0.18632931744305467,-0.3182747412338925,12.39673793645694,-0.43148421693853245,1.309411868332806,1673
totvol,advw,180,180,,,M,rank,50000000.0,fund63,0.5384865285135814,0.15991507728188598,0.2969713610539334,-0.4479310717976891,12.404640499861507,0.3349821163445063,0.7100789151943089,1704
beta,btceth,365,180,3.0,0.6,M,rank,5000000.0,fund63,0.5381175136009265,0.10757822251653773,0.19991585443234397,-0.26809365246110994,9.097233967145602,0.003720794937145687,0.9213733770126977,1704
beta,eqw,180,90,1.0,0.4,W,q20,50000000.0,fund90,0.5381031677163338,0.20839065367449788,0.38726895914567994,-0.6606856248570312,27.263448011237227,-0.43705131151666204,1.473990009419306,1673
beta,eqw_top25,365,180,3.0,0.8,W,q20,50000000.0,fund63,0.5379971938606287,0.251116095145162,0.4667609757277192,-0.6510254923575564,27.437245050716033,0.07915158126133788,0.9232355870213818,1704
beta,advw_top100,365,90,1.0,0.8,M,rank,20000000.0,none,0.5379892480831625,0.16647425792781625,0.30943789029419894,-0.7557882363267239,18.65270474934782,0.2464633906567327,0.8939355140807632,2007
beta,eqw_top100,365,180,3.0,0.6,W,q20,20000000.0,none,0.5378384824097697,0.2850900020729843,0.5300662027671333,-0.9153376532505115,29.556325036579597,0.26583859637485835,0.9678454587781157,2021
beta,sqrt_advw,180,90,1.0,0.8,W,q20,20000000.0,fund90,0.537610378187941,0.21155567387256904,0.3935111420014517,-0.6025182285693613,26.075563246174458,0.09746691886202258,0.8736737547108278,1673
beta,eqw_top25,180,90,1.0,1.0,M,q20,20000000.0,fund63,0.5374991165928102,0.2544591772703475,0.473413200905996,-0.6966815940527913,20.32339123384473,0.5278393968456382,0.5472730832606432,1704
beta,eqw,365,90,1.0,0.4,M,rank,20000000.0,none,0.5366276941355825,0.15790034624892096,0.2942456156745171,-0.7555315434621485,18.69450132474598,0.0006616016806647775,1.1499240603183858,2007
beta,eqw,365,180,3.0,1.0,W,rank,50000000.0,none,0.5363139145825183,0.22628899371213215,0.421933847993263,-0.6234441382788527,25.41909965838484,0.16699945145190484,0.954544667568221,2021
beta,advw_top100,365,180,3.0,0.6,M,rank,50000000.0,none,0.535834380307485,0.1769575003439728,0.3302466337498294,-0.6264026096022188,17.516129885635273,-0.06894694859409908,1.1499843094935622,2007
beta,btc,365,90,1.0,0.4,M,rank,20000000.0,fund90,0.5357285412424077,0.1079911307406604,0.20157807999218827,-0.3876007086457049,13.382575191192853,-0.08369931444727488,1.153281223607914,1673
beta,sqrt_advw,180,90,1.0,0.4,M,rank,20000000.0,fund90,0.5357125574961329,0.12219512147563392,0.2280982959345992,-0.4360538441424828,14.237218547053397,-0.34524059731739576,1.2454246236560353,1673
beta,eqw_top100,365,180,3.0,0.4,W,rank,50000000.0,none,0.535651003970888,0.203079702565373,0.3791268961691522,-0.7209123015308083,24.751530492571536,0.024009150636992008,1.0435224679484907,2021
beta,eqw_top25,365,180,3.0,0.8,W,q20,20000000.0,fund63,0.5354419809869495,0.21099724920080018,0.3940618343221446,-0.5429306055873026,26.065040745011405,0.14985072561052656,0.853783986511507,1704
beta,eqw_top100,365,180,3.0,1.0,W,q20,20000000.0,fund90,0.5352095929657664,0.22889388110457815,0.4276714844295006,-0.6029313208336502,24.64215213888112,-0.06418511288595745,1.0724786748781459,1673
beta,advw,365,180,3.0,0.8,W,q20,50000000.0,fund63,0.5351883496463472,0.20929305732201486,0.39106429999889913,-0.5158140632463983,24.770233016023155,0.09990375864947151,0.8932120792395257,1704
beta,btceth,730,180,3.0,1.0,W,rank,50000000.0,none,0.534961430429779,0.19065572139991954,0.3563915276036815,-0.5493880551672174,22.777673430345455,0.18901381898427316,1.0157160893830015,2021
beta,btceth,730,180,3.0,1.0,W,q20,50000000.0,fund90,0.5349467684607769,0.1875360036947608,0.35056946737778305,-0.5621776887368497,22.06110437683636,-0.09734418533424266,1.125198507712932,1673
beta,btceth,730,180,3.0,1.0,W,q20,5000000.0,fund63,0.5345057313398301,0.17784933812420375,0.3327360731537788,-0.516339483219419,17.293283357037193,0.3244275827490925,0.703858319010779,1704
beta,advw,365,90,1.0,0.4,M,q20,5000000.0,fund63,0.5342945973702027,0.13651629211592417,0.2555075285953801,-0.31545821128280577,13.728632873746777,-0.07352270232545473,1.0384530750272978,1704
beta,sqrt_advw,365,180,3.0,0.4,W,q20,20000000.0,none,0.5341591403082037,0.26484345548443583,0.4958137669077874,-0.831081368496678,27.9323681721483,0.2379517805739385,0.9595650047507646,2021
beta,advw,365,90,1.0,1.0,M,q20,20000000.0,fund63,0.5338868113848455,0.21133911882629616,0.39585004596405926,-0.4994021491383178,16.31229690303432,0.5760038201502673,0.5021156067757405,1704
beta,eqw_top25,730,180,3.0,0.6,M,rank,50000000.0,fund90,0.5334956623659862,0.1569538641147349,0.29419895078183805,-0.4390354167917245,13.64274876677725,-0.1620562426637542,1.20533835331218,1673
beta,eqw_top100,365,180,3.0,1.0,M,rank,20000000.0,none,0.5333501364673694,0.20936127736950258,0.39254002775025326,-0.7331139056882806,17.13181469552606,0.26773160695651455,0.8373047611725303,2007
beta,eqw_top100,180,90,1.0,0.6,W,q20,50000000.0,none,0.5333457905126238,0.253778155882042,0.47582292838221113,-0.9448400760224519,40.99227723207555,0.3915978263975581,0.683710077167666,2021
beta,sqrt_advw,365,90,1.0,0.6,M,rank,50000000.0,fund90,0.5329663165354835,0.14762874364774753,0.2769945099108693,-0.3608177507235932,14.422734624821514,-0.1551449393126045,1.1675867552046695,1673
beta,eqw,365,90,1.0,0.4,W,q20,20000000.0,none,0.5328713345846284,0.2483952480860856,0.4661448870761812,-0.9199437227078968,33.264202087869336,0.011361756956696369,1.317290006010034,2021
beta,advw_top100,365,90,1.0,0.8,W,rank,50000000.0,fund63,0.5322732187440998,0.15544268556132954,0.2920355187662775,-0.3936238308786654,21.943179588897415,0.11615344034499267,0.9258439382386453,1704
beta,eqw,180,90,1.0,0.4,W,q20,50000000.0,none,0.5320432146331555,0.2458221222403482,0.46203412707714514,-0.9549078495621548,40.50987975878008,0.34647116959504887,0.7221330541766693,2021
beta,btceth,365,90,1.0,0.6,M,rank,20000000.0,fund90,0.532000281723061,0.11224354003180782,0.2109839860766042,-0.3703316237444029,13.163161685771225,0.043503031680088546,1.0444838786936854,1673
totvol,advw,90,90,,,W,rank,5000000.0,fund63,0.5312082954882147,0.11765662159019477,0.22148867513836681,-0.27294804513051557,15.671870833506174,0.3792089511337302,0.6583348980706225,1704
beta,eqw_top100,365,90,1.0,0.4,M,rank,50000000.0,none,0.5311144257760115,0.19542361153330096,0.3679501102757045,-0.6817096809918981,21.108116545103893,0.225112051449486,0.8480854161229103,2007
beta,advw,365,180,3.0,0.6,W,rank,20000000.0,fund90,0.5311074199550931,0.12126251296753793,0.2283201258566319,-0.28648749567347753,16.658040255640785,-0.11470104583134465,1.0574805884455432,1673
beta,btceth,730,180,3.0,0.4,M,rank,50000000.0,none,0.5310110958478547,0.18221201178673063,0.343141627757884,-0.6723292825569129,17.093640142918574,0.27973983142899106,0.846549678485128,2007
beta,eqw_top25,365,180,3.0,1.0,W,q20,20000000.0,none,0.5307902501655252,0.33955670053658915,0.63971917425141,-0.8841022075403828,33.15388464895677,0.5073725892793949,0.5735553713863173,2021
beta,sqrt_advw,365,90,1.0,0.6,M,q20,5000000.0,fund63,0.5307237672027367,0.15307034201158853,0.28841810273236845,-0.3052000390484072,13.97796739534119,0.20533709255729424,0.8076613825310706,1704
beta,sqrt_advw,365,90,1.0,0.4,M,rank,5000000.0,fund90,0.5300351561120893,0.09945279034465405,0.1876343280211063,-0.2725194853256723,10.483623860548859,0.04276957075779613,0.9690781022829081,1673
beta,eqw,365,180,3.0,0.8,M,q20,5000000.0,fund90,0.5299960888886838,0.15063548055397472,0.2842199852263683,-0.3565359192623122,11.195303034895359,0.022677360132727236,0.9418958199286235,1673
beta,eqw,365,180,3.0,0.6,M,rank,20000000.0,none,0.5295953735092641,0.1641651362280377,0.3099821947843469,-0.6186723295354606,15.520438774902262,0.04524597535203996,1.0979866159773524,2007
beta,eqw,730,180,3.0,1.0,M,rank,20000000.0,fund90,0.5295480874922921,0.14377707176358048,0.27150900014471907,-0.44893307574189895,12.317366456324322,0.3636320806047855,0.6811267060815065,1673
beta,eqw_top25,365,90,1.0,0.6,M,rank,50000000.0,fund90,0.5294290921578585,0.15850073489806407,0.2993804784169365,-0.39345565356012135,15.565023762541582,-0.18982846635407766,1.2139396759719867,1673
beta,eqw_top100,365,180,3.0,1.0,M,rank,50000000.0,fund90,0.528924704544084,0.1849669208083837,0.3497036898055635,-0.4492172503602615,14.21583016780427,0.0689377478508201,0.9311864638126662,1673
beta,eqw_top25,365,180,3.0,0.8,W,q20,50000000.0,none,0.5288651940232029,0.2825687728619316,0.5342926251439689,-0.7017501360572825,36.4117492891439,0.338874401573467,0.7133183727193322,2021
beta,sqrt_advw,365,180,3.0,1.0,M,rank,50000000.0,fund63,0.5278650730390921,0.1751116720773346,0.3317356669748186,-0.4289426563610709,14.332754084744872,0.03739151920590855,0.9243218256440874,1704
beta,eqw,365,180,3.0,0.8,W,q20,20000000.0,none,0.5278022628017834,0.2932563811039473,0.5556178928586367,-0.9276046432963794,29.359612993561537,0.2775635673483575,0.9566701296335707,2021
beta,sqrt_advw,730,180,3.0,0.4,M,rank,50000000.0,fund90,0.5276202907272265,0.15086333741519958,0.28593164453031644,-0.5027806506791037,12.60388901706475,-0.21778627950857302,1.1946674525775483,1673
beta,advw,365,180,3.0,0.6,W,rank,20000000.0,fund63,0.5275894992739874,0.12598740522925345,0.23879816676151425,-0.34031519444255715,17.97946526854683,0.011791640821117286,0.9348123794030158,1704
beta,eqw_top100,180,90,1.0,0.4,W,q20,50000000.0,fund90,0.5271086433821403,0.21234209987259653,0.4028431378209329,-0.7831899776974272,27.239290236857503,-0.4004946948317178,1.3890399572382646,1673
beta,eqw_top25,365,180,3.0,1.0,W,q20,50000000.0,none,0.5270861988756074,0.32042918686052824,0.6079255870179777,-0.7036689973883898,38.96238454729068,0.39546268752956765,0.6520245400336608,2021
beta,sqrt_advw,365,180,3.0,1.0,M,rank,20000000.0,fund63,0.5268404706935517,0.15356705500013956,0.291486822942775,-0.3500544952005987,13.527711878971925,0.4571221045852822,0.5880999978651688,1704
beta,eqw_top25,365,180,3.0,0.8,W,rank,20000000.0,none,0.5266408384311506,0.2084387518686186,0.3957891919083833,-0.6753117967096813,23.484674800704443,0.3413882725934904,0.7948464722386334,2021
beta,btceth,730,180,3.0,0.6,M,rank,50000000.0,none,0.5266109786612208,0.17783626441294695,0.33769950042639074,-0.6149826981989301,16.78849417798632,0.3107086017108731,0.8257400427469088,2007
beta,advw,365,90,1.0,0.8,W,rank,50000000.0,fund63,0.5265941232788519,0.15329283754630926,0.2911024463999473,-0.39165236213295296,21.799542386809836,0.09102393234717236,0.9359544580235754,1704
beta,eqw_top25,365,180,3.0,0.6,W,rank,5000000.0,fund63,0.5265300908783976,0.11487506994022084,0.21817379847859686,-0.36353079629474494,14.79338373437171,-0.33100468428308955,1.2673239670687566,1704
beta,eqw,365,180,3.0,0.6,M,rank,5000000.0,fund90,0.5263658909203953,0.09722804875712548,0.18471570904245713,-0.2355803316909998,8.57642010073119,-0.21262717486605812,1.1520041182387577,1673
beta,eqw,365,180,3.0,1.0,W,rank,50000000.0,fund90,0.5260294922838602,0.16958788492835145,0.32239235140990363,-0.36189992909004676,18.647036416993316,0.08299520813446873,0.8814993815280381,1673
beta,btc,730,180,3.0,0.6,W,q20,5000000.0,fund90,0.5255782623791672,0.13907856325710546,0.2646200827019178,-0.5296940027469952,15.662409146351612,-0.17364210880976616,1.1802720364667538,1673
beta,eqw,180,90,1.0,0.6,M,q20,20000000.0,none,0.5254137726182133,0.2112178432097288,0.4020028674870845,-0.9314329068436847,22.451760560255536,0.26564648442922684,0.8388638765524652,2007
beta,eqw_top25,180,90,1.0,0.6,M,rank,20000000.0,fund63,0.5253751311532429,0.13517841806094505,0.25729885189696167,-0.4600111876811793,16.597775337004393,0.16944171311794087,0.8410399969034948,1704
beta,sqrt_advw,365,180,3.0,1.0,M,rank,20000000.0,none,0.5253446606801734,0.18828717093948125,0.35840693744884045,-0.6875540073625575,16.066352970839993,0.2892052123699462,0.7927060255291443,2007
beta,advw_top100,365,180,3.0,0.6,W,rank,20000000.0,fund90,0.5247043225974806,0.12064224161645946,0.22992423812945872,-0.2934023366499215,16.801435977894837,-0.10923943397242988,1.0440240467081312,1673
beta,eqw_top25,365,180,3.0,1.0,W,rank,20000000.0,none,0.5244699055240801,0.23368785704544176,0.44556962102892733,-0.7853325965320035,24.479267657384906,0.4073076203339523,0.6898114906826964,2021
beta,eqw,365,180,3.0,1.0,W,q20,20000000.0,none,0.5233261150507261,0.32597122752087526,0.6228835484146988,-1.0380397645645867,30.39220810226193,0.3455611109683532,0.8169532808080079,2021
beta,eqw_top100,365,90,1.0,0.8,M,rank,20000000.0,none,0.5233214467216258,0.18286111728813828,0.3494240842481827,-0.9336420174493091,20.116516021405804,0.15408428420494893,0.9716329790541434,2007
beta,advw_top100,365,180,3.0,0.4,M,rank,50000000.0,none,0.5229796864199057,0.17859161304482948,0.3414886231382923,-0.706264036244895,17.670787260542095,-0.1017855308711049,1.124582672191677,2007
beta,sqrt_advw,365,90,1.0,0.8,M,rank,20000000.0,none,0.5228990083576106,0.17233241445196198,0.32957112501178015,-0.865697684176122,19.178419625102602,0.19197599045703478,0.9271571174084883,2007
beta,advw_top100,365,180,3.0,1.0,M,rank,20000000.0,fund63,0.5225674779743921,0.1463583409302135,0.28007548708835955,-0.33979920735566516,12.984958864905893,0.5265932516517108,0.5277611081435944,1704
beta,btc,730,180,3.0,0.6,W,q20,20000000.0,fund63,0.5224660267706425,0.19736727027700718,0.37776096466392733,-0.6880902652235577,22.63712690974484,0.2846860257064342,0.6936867454944124,1704
beta,advw,365,180,3.0,1.0,M,rank,20000000.0,fund63,0.5222995978338801,0.14460600131135834,0.2768640870318092,-0.32972808434071615,12.855795744189404,0.5194300698598812,0.5329938013557483,1704
beta,eqw,365,180,3.0,1.0,M,rank,20000000.0,fund63,0.5221312594184492,0.1509287417766355,0.28906283440056857,-0.363490936739878,13.298737816220564,0.41110479730393656,0.6147873552209335,1704
beta,advw_top100,365,180,3.0,0.8,M,rank,50000000.0,none,0.5220358499019613,0.1766733633714324,0.3384314763145324,-0.5648060108591053,17.461007744867647,-0.035458175444967044,1.1105944042735052,2007
beta,advw_top100,365,180,3.0,0.6,W,rank,20000000.0,fund63,0.5219664629143981,0.12543578725008708,0.2403138825236333,-0.3510165465395102,18.11297903838197,0.02073153456734899,0.9176245979958406,1704
beta,btc,730,180,3.0,0.8,W,rank,20000000.0,fund63,0.521898408620362,0.1388744235196506,0.26609474416058293,-0.39181452595009325,16.872353899300617,0.16471445927758868,0.7990612427863723,1704
beta,eqw_top100,365,180,3.0,1.0,W,rank,50000000.0,none,0.5218788068385851,0.22825640799086083,0.43737435780077494,-0.6038104987571165,27.03635129945157,0.15693634501452766,0.9120138536091229,2021
beta,eqw_top25,180,90,1.0,0.8,W,q20,50000000.0,none,0.5212760397923223,0.27309867933321136,0.5239041476796334,-0.7941791827027866,43.47469616763112,0.7000118543672975,0.3333335407845311,2021
beta,sqrt_advw,365,90,1.0,0.8,W,rank,50000000.0,fund63,0.5209174789380151,0.1618203194681917,0.31064482573725843,-0.3870167311220685,22.796618074535946,0.10434299727764298,0.9023119583100988,1704
beta,eqw,365,180,3.0,1.0,M,rank,50000000.0,fund90,0.520392821883927,0.16600568443855243,0.31900071918282485,-0.3607633991144098,13.19557934929518,-0.030867366197409478,0.9641633410619399,1673
beta,sqrt_advw,730,180,3.0,1.0,W,q20,5000000.0,fund63,0.5201619092527858,0.17957655199766995,0.34523203026463856,-0.5709477310960906,18.166279714100817,0.2528401794422528,0.7333995198635377,1704
idvol,advw,180,180,,,M,rank,5000000.0,none,0.5200524841737265,0.13786833804064033,0.26510466200289245,-0.6957749955084347,10.249924117794256,0.03515340545035705,1.1037830286232038,2007
idvol,advw,90,90,,,W,rank,50000000.0,fund63,0.5198780107068729,0.157172768734812,0.30232624865419055,-0.3458522157765166,20.979508462813648,0.2967213043288652,0.7154246196356715,1704
beta,advw,365,180,3.0,0.6,M,q20,5000000.0,fund90,0.5194472934846321,0.12753084263897652,0.24551257507466345,-0.33270961336420524,10.515503813360782,-0.23728796785413267,1.1245697271926225,1673
beta,eqw_top100,365,180,3.0,0.8,M,rank,5000000.0,fund63,0.5192008228148143,0.12413938692001258,0.23909705351967428,-0.304950716022243,10.033023523878688,-0.05087514232420392,0.9929212283824607,1704
beta,eqw,365,180,3.0,0.4,M,rank,20000000.0,none,0.5190808246251924,0.16162305106075492,0.3113639406299712,-0.5517173718911402,15.490860109618245,-0.021595757084303797,1.1087594795209552,2007
beta,eqw,365,90,1.0,0.6,M,rank,20000000.0,none,0.5190040886966589,0.15725169801841138,0.3029873972925864,-0.8420412868496568,18.743791043618526,0.062056764281620595,1.0821389507868788,2007
beta,eqw,365,90,1.0,1.0,W,q20,20000000.0,none,0.5188769569548669,0.30514693209917904,0.5880911225851977,-1.1951714244084846,35.64787685546161,0.19479736505526565,0.987120700016263,2021
beta,advw,365,90,1.0,0.4,M,rank,50000000.0,fund63,0.5187056808999545,0.1463760224962149,0.28219475491815027,-0.4421817090229325,15.418018936231018,-0.20808842481311082,1.1818334712615246,1704
beta,eqw_top25,365,180,3.0,0.8,W,q20,20000000.0,none,0.5185704763648762,0.2921555189588323,0.5633863327638923,-0.737773209767507,31.165189488822307,0.4439401989931807,0.6394890964375123,2021
beta,eqw,365,90,1.0,1.0,M,q20,20000000.0,fund90,0.5183710088116695,0.21642425250516586,0.417508403877184,-0.4897498084388927,15.696031154723354,0.18818756347145274,0.8103310576604185,1673
beta,eqw,365,90,1.0,0.8,W,rank,50000000.0,fund63,0.5183245673927859,0.16076004634765684,0.3101532446287328,-0.374514517315267,22.70522864748897,0.13992561253959812,0.8524260691425847,1704
beta,eqw,365,90,1.0,0.6,M,rank,50000000.0,fund90,0.5182433312515834,0.1431100084322361,0.27614442830671515,-0.35144316028175165,14.313258914015094,-0.1595084317289362,1.1276295597783461,1673
beta,advw_top100,730,180,3.0,1.0,W,q20,5000000.0,fund90,0.517454145610208,0.16267405858975476,0.3143738628239634,-0.5771362120148058,16.248668251484194,0.24446510787189715,0.7535366907174825,1673
beta,btc,365,180,3.0,0.4,M,q20,50000000.0,fund63,0.5167713615972306,0.19022343646932435,0.3680998031341831,-0.47457566090926007,14.67870018914448,0.4603381231313288,0.5675861435448483,1704
beta,advw,365,90,1.0,0.8,M,q20,20000000.0,none,0.5166175189020034,0.21154120369296195,0.4094735388427448,-0.6576381917435394,21.84515828797103,0.22271029007758203,0.8630657425359306,2007
beta,btc,730,180,3.0,0.8,W,q20,50000000.0,fund63,0.5164126307349198,0.17973668819907002,0.34804859041360436,-0.7010697946777403,23.108612692616937,-0.20701568373273582,1.1909084219875081,1704
beta,advw,365,90,1.0,0.8,M,rank,20000000.0,none,0.5162238667899917,0.15985334504473286,0.30965895869701004,-0.7622281141419283,18.573171116585776,0.2276883013403872,0.8702246835981046,2007
beta,eqw,730,180,3.0,0.4,M,rank,50000000.0,fund90,0.5159190443001261,0.14717143894277052,0.2852607217522219,-0.5181849160430023,12.505434641387758,-0.21171449683034888,1.1605881750575906,1673
beta,advw_top100,365,180,3.0,0.8,M,rank,5000000.0,fund63,0.5158853613330817,0.11361271885343681,0.22022861544249686,-0.27881906038623444,9.18774597774222,0.002869793798165512,0.9192480667295891,1704
totvol,advw,180,180,,,M,rank,5000000.0,none,0.5157166016260195,0.1386770778871659,0.2689017135572647,-0.5936796631353398,9.528378106438955,0.014568162458746673,1.1107153479002665,2007
beta,eqw_top100,365,180,3.0,0.8,M,q20,5000000.0,fund63,0.5156925714209241,0.16757498671505958,0.32495132953598377,-0.38862686321458934,12.791635051328734,-0.10034710984798863,0.9945441232692145,1704
beta,advw,365,180,3.0,0.8,W,rank,50000000.0,fund63,0.5155407753302735,0.15090773845860503,0.29271736723817476,-0.4608462515745472,18.934514723635367,0.0645374547634713,0.9003060302465896,1704
beta,advw,365,180,3.0,0.8,M,rank,5000000.0,fund63,0.5154339321384203,0.11210170846879373,0.21748996617996952,-0.2696034484176264,9.117512687958016,-0.006507274412114862,0.9281544483982592,1704
beta,eqw_top100,365,180,3.0,0.4,W,rank,5000000.0,fund90,0.5152647564590339,0.10442291682439206,0.20265876040503886,-0.3889691395304198,12.819034815205647,-0.4075472295003861,1.2703336344503262,1673
beta,btc,730,180,3.0,0.8,M,rank,20000000.0,fund63,0.5151262991568049,0.12433720892594688,0.24137227924388796,-0.35618031543674544,12.196357358332376,0.17701836807503607,0.8190952839135565,1704
beta,advw,730,180,3.0,0.6,M,rank,50000000.0,fund90,0.5149955192974792,0.1335098534901369,0.2592446894921759,-0.3907328937916655,12.24005369656753,-0.14526775850030696,1.1360458809073541,1673
beta,eqw_top100,365,90,1.0,0.6,M,rank,50000000.0,fund90,0.5149866269133161,0.15050758631976907,0.29225532946723076,-0.38619525904160723,14.940112947071636,-0.19254578383086277,1.1722029954413307,1673
beta,eqw,180,90,1.0,0.8,M,q20,20000000.0,none,0.5144629463743052,0.22766005729321287,0.4425198333478721,-1.0618315028065572,22.832759028650266,0.34101212581576545,0.7305869609623782,2007
beta,advw,365,180,3.0,0.8,M,q20,20000000.0,none,0.5143252153788422,0.20604866479492018,0.4006194108977305,-0.8327702721855829,18.777734392291773,0.09188487678034418,0.9383140226147731,2007
beta,btceth,365,90,1.0,0.4,W,q20,20000000.0,fund63,0.5140802397576774,0.15262652889498862,0.29689242474469035,-0.5487173263425681,25.266960354961782,-0.17843266655522505,1.078367676775667,1704
beta,advw,365,180,3.0,0.6,M,q20,20000000.0,none,0.513923573703188,0.1949534654175033,0.3793433019869545,-0.8737603881687841,18.703048932080474,0.02967798754388577,0.9923469547656945,2007
beta,btceth,365,90,1.0,0.4,W,rank,50000000.0,fund90,0.5136926892339928,0.13397510878962207,0.26080789467610055,-0.3421021989707672,20.225698788431163,-0.29652748271334717,1.3229657291907184,1673
beta,eqw_top25,180,90,1.0,0.4,M,rank,50000000.0,fund90,0.5129263547403425,0.1565723345427914,0.3052530506490598,-0.590053798412316,15.211863349089795,-0.24558934452173836,1.1719414927776912,1673
beta,eqw_top25,180,90,1.0,0.8,M,rank,50000000.0,none,0.5128338060153902,0.19911084099209622,0.38825607566541903,-0.6138913433757546,22.94946928939851,0.6393829179450012,0.37356843905254056,2007
beta,eqw_top100,365,180,3.0,1.0,M,rank,50000000.0,fund63,0.5126755137570064,0.18566734779832023,0.36215372651154404,-0.45933225922427456,15.426809478901578,0.049387839175484886,0.9004948731465038,1704
beta,eqw,365,180,3.0,0.4,W,rank,5000000.0,fund63,0.512009421807164,0.10073130704587256,0.19673721372223216,-0.48314671221757155,13.694929519287324,-0.5811642970124156,1.4598640908843457,1704
beta,sqrt_advw,180,90,1.0,1.0,W,q20,20000000.0,fund63,0.5116353669017112,0.23407195648809734,0.457497607926436,-0.668962390407276,28.981835783654283,0.5865604019989035,0.4691671707620508,1704
beta,sqrt_advw,365,180,3.0,0.6,W,q20,5000000.0,fund63,0.5115768235454449,0.13593396036486963,0.2657156346974233,-0.43485855333489315,18.338949107331693,-0.31137108142374353,1.218158535366,1704
beta,btceth,365,180,3.0,0.4,M,q20,20000000.0,fund63,0.5114970482555815,0.15440507431254058,0.3018689449707019,-0.5689543661152477,14.404763032537277,0.4002648615439498,0.6033757902876726,1704
beta,sqrt_advw,365,90,1.0,1.0,M,rank,50000000.0,none,0.5113355642802295,0.21573524761501425,0.4219054231416297,-0.5057001635813103,21.474547329206764,0.3071413626358593,0.7548692495920307,2007
beta,eqw_top25,180,90,1.0,0.4,M,rank,20000000.0,none,0.511138166790931,0.15755350344808772,0.3082405378515418,-0.6394521159527802,20.097880679625064,0.4297275914954186,0.5926736030412968,2007
beta,eqw,365,180,3.0,0.6,W,q20,20000000.0,none,0.5110954805093303,0.26431174245142736,0.5171474852174949,-0.9292339468642765,28.733434235292773,0.19657337462390273,1.0345630878875152,2021
beta,advw,365,180,3.0,1.0,M,rank,50000000.0,none,0.5110490402322014,0.18558230170667167,0.36313990849557226,-0.5030440412263537,17.45761092440312,0.01069773162152343,1.0469661038110607,2007
beta,eqw,180,90,1.0,0.8,M,q20,20000000.0,fund63,0.5104119123055402,0.17106448473458655,0.3351498674117636,-0.4534971428449203,16.904999273276967,0.36989457414526117,0.6419426767566059,1704
beta,eqw_top100,180,90,1.0,0.8,W,q20,20000000.0,fund63,0.5102892557586353,0.18562268150844138,0.36375972923921435,-0.5219037354367595,29.170437336570533,0.19298377969358532,0.801860006709564,1704
beta,btc,730,180,3.0,1.0,M,rank,5000000.0,fund90,0.5100566172013721,0.12499874915906134,0.24506838053570712,-0.4279553305136621,7.799561136523747,0.23275120729991447,0.8034451331041927,1673
beta,eqw,730,180,3.0,1.0,W,rank,5000000.0,fund63,0.5099615302805439,0.13163951123001064,0.25813616010915974,-0.405897213996883,13.703548586964361,0.32461583752181056,0.667087008357497,1704
beta,advw_top100,365,180,3.0,1.0,M,rank,20000000.0,none,0.5099512044356043,0.16863670185402768,0.33069183950779907,-0.6093195168544624,15.35400660628413,0.30217933014232506,0.7368308175963033,2007
beta,advw_top100,365,180,3.0,0.8,W,rank,50000000.0,fund63,0.509681370390238,0.15037657517902162,0.2950403603409826,-0.4781376111364955,19.03317203432637,0.0767334602149059,0.8805358988741586,1704
beta,sqrt_advw,180,90,1.0,0.4,W,q20,50000000.0,fund63,0.5094815180177749,0.20398901469689815,0.40038550464117384,-0.681848153679612,28.913760194494365,-0.21299053184843497,1.189220844967091,1704
beta,eqw_top25,365,180,3.0,0.6,W,rank,20000000.0,none,0.509469200189061,0.18898173154539477,0.37093848161039916,-0.6548448452104225,22.737096719383658,0.2617766845462504,0.8538158243182566,2021
beta,btc,730,180,3.0,1.0,M,q20,50000000.0,fund63,0.5093654775628218,0.1947919362679229,0.38242076632274025,-0.6328665693708992,14.050781908253327,0.1055123777584587,0.9232905697824184,1704
beta,advw_top100,365,90,1.0,1.0,W,q20,20000000.0,fund90,0.5093541707405205,0.19861796142292817,0.38994077762074475,-0.5995096916320195,24.825136336077463,0.005361033195838772,1.0440634943180176,1673
beta,btc,730,180,3.0,0.6,W,q20,20000000.0,fund90,0.5090664063867376,0.18813321978855085,0.3695651833007147,-0.7087446077693991,20.950940466024498,0.18830263806264325,0.7355541749388342,1673
beta,eqw,365,180,3.0,1.0,M,rank,50000000.0,fund63,0.5090462595362181,0.16819238164459166,0.33040687067974606,-0.4273974782930956,14.289595198838592,-0.03196852478136098,0.9345339317710089,1704
beta,advw_top100,365,90,1.0,1.0,M,q20,20000000.0,none,0.5087437205282728,0.235975358089643,0.4638393528368454,-0.7462506802168758,22.285345804790634,0.25017189606239215,0.8058864536994481,2007
beta,advw_top100,180,90,1.0,1.0,M,q20,50000000.0,fund90,0.5084992783174233,0.21076907404653292,0.41449237596550415,-0.5930772936350887,15.900527528323622,0.17500087832060007,0.8475677084695042,1673
beta,eqw_top25,180,90,1.0,1.0,M,rank,50000000.0,none,0.5084432131285762,0.22433027605935787,0.44121009046221393,-0.5839957153554661,23.863775821987858,0.6715887600230485,0.32964369419600087,2007
beta,eqw,365,90,1.0,0.4,M,rank,5000000.0,fund63,0.5083669365123016,0.09830336164569645,0.19337087954640747,-0.23266357275834432,11.276317705735929,-0.031965007154062974,0.9820672151509562,1704
beta,sqrt_advw,365,180,3.0,0.6,W,rank,50000000.0,none,0.5082699362110882,0.17815539155203375,0.3505133372241094,-0.6009297788277761,24.390266441989333,-0.05536111483941076,1.0793284856620973,2021
beta,eqw_top25,365,180,3.0,0.6,W,q20,50000000.0,none,0.508233460341465,0.2565043001242852,0.5046977819050886,-0.8365704665918671,34.680580972234516,0.268736603921275,0.7382414652685316,2021
beta,eqw_top100,730,180,3.0,0.6,M,rank,50000000.0,fund90,0.5081765919480009,0.14675978145797194,0.2887968154837583,-0.4623461723945378,13.098629770820024,-0.17115221433909353,1.1516442080223963,1673
beta,eqw_top25,365,180,3.0,0.8,W,q20,50000000.0,fund90,0.5079391485396787,0.23307538688803148,0.45886478244120676,-0.6569814409796217,25.391379208423384,0.11337315082152122,0.8541832477097557,1673
beta,eqw,180,90,1.0,0.4,M,rank,20000000.0,fund63,0.5079359739531522,0.11734242101131208,0.2310181342307028,-0.4623968115328463,15.264267972378413,-0.13431981410252194,1.0384453513281793,1704
beta,eqw_top100,180,90,1.0,0.6,W,q20,50000000.0,fund90,0.5078777813049518,0.1983937722581277,0.3906329033500355,-0.6773438595511622,28.020376502811143,-0.31225516497891354,1.285632443462824,1673
beta,btceth,365,90,1.0,0.4,M,rank,5000000.0,fund90,0.5078608483153413,0.09081589676284833,0.17882043292783786,-0.18880833967128138,10.024061722041283,0.14640050775785643,0.8585505463415433,1673
beta,eqw,365,90,1.0,1.0,M,q20,20000000.0,none,0.5078602451292957,0.26854687645501757,0.5287810554784582,-0.928907436184884,22.821695813152136,0.14955054833144454,0.928512532791513,2007
beta,advw_top100,365,180,3.0,0.4,W,q20,50000000.0,fund63,0.5076646610844748,0.20535031358159075,0.40449991760884196,-0.7181865867665649,24.56270485785434,-0.29579450399716994,1.1679786558316294,1704
beta,eqw,180,90,1.0,0.6,W,q20,50000000.0,fund90,0.5075725355147988,0.19011569416241217,0.3745586706530325,-0.550815385191443,27.66537636841493,-0.34332226182700454,1.3263097350969284,1673
beta,advw,365,180,3.0,0.8,W,q20,50000000.0,fund90,0.5068290243665529,0.19501106287504938,0.38476695986142245,-0.5303394462307218,22.897864964834078,0.15272157963211072,0.8084076544240754,1673
beta,advw_top100,365,90,1.0,0.4,W,q20,5000000.0,fund90,0.5068286579196329,0.12398887961716691,0.24463667884547208,-0.28692041479080876,19.297100204842884,0.049467351609270196,0.9409699893638281,1673
beta,eqw_top25,365,90,1.0,1.0,M,rank,20000000.0,fund63,0.5066673266936464,0.18374974643168562,0.36266350078419185,-0.5864565074111053,17.827884677668827,0.5719817167309603,0.4492022899905232,1704
beta,btceth,365,180,3.0,0.4,M,q20,50000000.0,none,0.5065917000440208,0.23985659975836063,0.47347123874615005,-1.149122898568614,22.503884504567225,0.25559895817607026,0.7956619323215037,2007
beta,eqw_top25,365,180,3.0,0.8,W,rank,50000000.0,none,0.5061257642070589,0.1979746463457234,0.39115702133023766,-0.541201579229041,26.84661080809563,0.07560377565233636,0.9399430873260908,2021
beta,advw,365,180,3.0,1.0,M,rank,20000000.0,none,0.5059958847261226,0.1670796486422629,0.33019961957338273,-0.6063884313739885,15.255004501857522,0.299306758368358,0.7336160638449629,2007
beta,sqrt_advw,365,180,3.0,0.4,W,q20,5000000.0,fund90,0.505698997317105,0.12811469314823143,0.25334179784401567,-0.4923703253048561,16.636161685561,-0.4345203587439638,1.3016526481875406,1673
beta,eqw_top25,365,90,1.0,0.4,W,rank,20000000.0,none,0.5056919809359122,0.16611387043298625,0.328488243229703,-0.8628706147423544,27.518825589746974,0.0017385868421276893,1.0732689117508538,2021
beta,sqrt_advw,180,90,1.0,0.4,W,q20,50000000.0,fund90,0.5049029271382575,0.1963968838135187,0.3889794914176431,-0.6161366895915557,27.102139028427846,-0.3662263427110441,1.3347627278522072,1673
beta,eqw_top100,365,180,3.0,1.0,W,rank,50000000.0,fund90,0.5048978507350977,0.17805673112170733,0.35265892073509236,-0.4407004665076685,20.07378123139977,0.1622506601238664,0.8039773681083872,1673
beta,eqw_top100,365,180,3.0,1.0,M,rank,20000000.0,fund90,0.5046047516015456,0.15467307484006157,0.30652322307538843,-0.3922933017455769,13.47683474921849,0.2751471081909257,0.704572850111289,1673
beta,eqw_top100,365,90,1.0,0.8,W,rank,50000000.0,fund63,0.5041249543859803,0.16700171592636476,0.3312704806088628,-0.4255052215027058,23.96296986246379,0.04596643785084963,0.935205919426231,1704
beta,eqw,365,180,3.0,0.8,M,rank,20000000.0,none,0.5039459681497506,0.16754790913784756,0.332471970661862,-0.6890380847522768,15.66458020594916,0.10905491162268802,0.9865450379873207,2007
beta,btc,365,90,1.0,0.6,M,q20,20000000.0,fund63,0.5037314469772629,0.15113860883502422,0.3000380654056053,-0.5075095718645508,15.656849709508537,0.4915858186308848,0.5153074351580164,1704
beta,advw_top100,730,180,3.0,0.6,M,rank,50000000.0,fund90,0.5031089236743826,0.13028254022797356,0.2589549381801341,-0.3860249805867914,12.283666505414136,-0.14772219899656824,1.1173927462061297,1673
beta,btc,365,90,1.0,0.4,M,q20,20000000.0,fund90,0.5030126338184715,0.13779822458854685,0.2739458521001598,-0.46493209924029133,14.74866981051685,0.03593443202170492,0.9903442537201976,1673
beta,eqw_top100,180,90,1.0,0.6,M,rank,20000000.0,fund90,0.5030056634377197,0.11964249018068075,0.2378551552740011,-0.4646120570575494,14.806155347952846,-0.1918960057569583,1.1218498673471042,1673
beta,eqw_top25,365,90,1.0,0.6,M,q20,5000000.0,fund90,0.5026445960872142,0.14789432560780602,0.2942323995106569,-0.29084706325725007,14.087236812727937,-0.018915250752028028,0.997695900206853,1673
beta,advw_top100,365,180,3.0,1.0,W,q20,20000000.0,fund63,0.5017399888004526,0.19238961115173325,0.38344484283920344,-0.4925701001539615,23.310908027161428,0.22181518927724084,0.7233480882575082,1704
beta,eqw_top100,365,90,1.0,1.0,M,rank,50000000.0,none,0.5013782029861238,0.23040788780417834,0.4595490718022999,-0.5806963649893213,22.79907175236224,0.2861556533225229,0.7542482459499142,2007
beta,btceth,730,180,3.0,1.0,W,q20,50000000.0,none,0.5011349143755137,0.2360225109860629,0.4709759871354821,-0.7220172617112828,33.27943766351792,0.10585526604038974,1.019928355131372,2021
beta,btceth,730,180,3.0,0.8,M,rank,50000000.0,none,0.49966610764276337,0.1736604173827912,0.3475529252965659,-0.5801577204015459,16.580085783771565,0.3232503803466322,0.763113271034006,2007
beta,btc,730,180,3.0,0.8,W,rank,20000000.0,fund90,0.49935635983313575,0.1277516774995436,0.2558326833811287,-0.4105236460209227,15.500525239605642,-0.004023485367780413,0.9212547966229764,1673
beta,btceth,365,180,3.0,0.6,M,q20,50000000.0,none,0.49876271798832056,0.2384380719069619,0.47805913174237163,-1.1602465534464965,22.34013707294529,0.28030200165672503,0.7728539393293647,2007
beta,eqw,180,90,1.0,0.8,W,q20,20000000.0,fund63,0.4987312956995828,0.19976681925019346,0.40054999750913073,-0.6537784621741282,27.998943895187168,0.3122569001866914,0.6407306030596402,1704
beta,sqrt_advw,365,180,3.0,0.8,W,rank,50000000.0,none,0.498030583370432,0.18062697542363038,0.362682496727879,-0.5265165904302924,24.717148815217843,-0.008494824681459808,1.0269069215166393,2021
beta,sqrt_advw,365,90,1.0,0.6,W,rank,20000000.0,none,0.49769067666890204,0.1616763156588008,0.3248530125999506,-0.8587489927203962,26.345685512603815,0.045656355439268465,1.0840038441036537,2021
beta,advw,180,90,1.0,0.8,M,q20,20000000.0,none,0.49768741397555843,0.20141593431804475,0.40470369284431273,-1.0148053708805005,22.38042502372526,0.383343090583148,0.6385878735930606,2007
beta,advw_top100,365,90,1.0,0.6,M,rank,50000000.0,fund63,0.4976421795431017,0.13641667293234552,0.27412602576733597,-0.4142379240697189,15.217862893054493,-0.06732804972937546,1.0279170906708075,1704
beta,sqrt_advw,365,90,1.0,0.4,M,rank,50000000.0,fund63,0.4968663208538043,0.14632508007761524,0.29449587129627414,-0.42411717844381847,15.5769692883129,-0.2116740407652048,1.1386832102816338,1704
beta,eqw_top25,365,180,3.0,0.6,W,rank,50000000.0,none,0.4968037126223116,0.18489907204045222,0.37217731539180193,-0.6248369222039323,25.98112174343559,0.02428073392090537,0.9582271756166978,2021
beta,advw,365,180,3.0,1.0,M,q20,20000000.0,none,0.49640868733022664,0.22048535670749733,0.44416095514626547,-0.8058536683475129,19.02965127782166,0.140707188569338,0.8476322116373611,2007
beta,eqw_top100,730,180,3.0,1.0,W,q20,5000000.0,fund63,0.4958229641612449,0.18635944354642295,0.37585883877257775,-0.6302472150820233,19.62386886357452,0.27902331249438617,0.6717902037655777,1704
idvol,advw,90,90,,,W,rank,5000000.0,fund63,0.49491366343140003,0.10589702508704135,0.21397070420893669,-0.25150129214146966,16.191163909202874,0.672095801804819,0.3667065138877878,1704
beta,advw_top100,365,180,3.0,0.6,W,rank,5000000.0,fund63,0.49392321007269624,0.0975418688380049,0.19748387370508172,-0.3652067172041101,13.47446951014636,-0.3519504218574699,1.1816578690035566,1704
beta,btceth,730,180,3.0,0.8,W,rank,50000000.0,fund63,0.493852567351801,0.1301757848074844,0.26359240269931067,-0.48206138381742797,17.90129516978573,-0.0498212655295697,0.993564913901354,1704
beta,eqw_top25,365,180,3.0,1.0,W,rank,50000000.0,none,0.49381282648485325,0.21736737350455024,0.4401817082230397,-0.5355688854326152,28.00842698250505,0.12544802214691844,0.8656749363677191,2021
idvol,advw,180,180,,,M,rank,50000000.0,fund90,0.49376990622351913,0.13347489284299036,0.270317998648077,-0.3189785077193712,11.76068415705738,0.5339153773946779,0.46243604135979144,1673
beta,advw,365,180,3.0,0.8,W,q20,20000000.0,fund90,0.49361030374278025,0.16193728948295924,0.32806707691285264,-0.4185520883964641,20.858589227743252,-0.24012218986299402,1.123842479356357,1673
beta,advw_top100,365,90,1.0,1.0,M,rank,20000000.0,none,0.4934654845638358,0.17259516432467262,0.34976137080230846,-0.8206500133829508,18.756653216608232,0.2839300726272022,0.745489112152073,2007
beta,eqw,180,90,1.0,0.4,M,q20,20000000.0,none,0.4930289620816065,0.19576913937744791,0.3970743190235628,-0.888779200599387,22.338824728906555,0.16515433671269442,0.8610278303568899,2007
beta,eqw_top25,365,180,3.0,0.8,M,q20,5000000.0,none,0.4928634726835965,0.21110335753474857,0.42832015199931556,-0.7859302317974697,16.235661633493276,0.27222361392214056,0.7455582725415099,2007
beta,btc,730,180,3.0,0.8,W,rank,50000000.0,fund63,0.49281665350625803,0.13160285128943663,0.26704221611245826,-0.49366148781443675,17.824530124500384,-0.1901895977302167,1.157912372598476,1704
beta,advw_top100,365,90,1.0,1.0,W,rank,50000000.0,fund90,0.4927999137863588,0.15111757230196926,0.30665097146807235,-0.44880654777515405,20.510854789615657,-0.0765369475343658,1.0575896142850068,1673
beta,eqw_top25,365,90,1.0,0.8,W,rank,50000000.0,fund63,0.49275490066119515,0.16986244119399221,0.344719942847986,-0.4458450179445929,25.15315258172059,0.03341720340774581,0.9411428152916014,1704
beta,eqw,365,180,3.0,1.0,W,rank,50000000.0,fund63,0.49264115606485326,0.1643332421524944,0.33357595103333365,-0.44839899746576667,20.20731710403519,0.044070136550568274,0.8450992857465731,1704
beta,eqw_top25,180,90,1.0,0.6,M,rank,50000000.0,none,0.4924543148169411,0.18032218376573464,0.3661703803585626,-0.6950476930751749,22.30650625460427,0.5858658876528235,0.39346180587608415,2007
beta,eqw_top25,180,90,1.0,0.4,M,rank,50000000.0,fund63,0.4923242815977565,0.15511391599497856,0.3150645251369324,-0.6289547943712634,16.447171585631196,-0.2241629130683288,1.1195461524736499,1704
totvol,advw,90,90,,,W,rank,5000000.0,fund90,0.4922908471988282,0.10430288507774496,0.21187248487603655,-0.2691000038767145,14.479140318892927,0.5435826176607639,0.45661328354730013,1673
beta,eqw_top100,180,90,1.0,0.4,W,q20,50000000.0,fund63,0.4920393322242497,0.20472151510491235,0.41606737855584547,-0.8477556228324572,29.126056245140727,-0.30886955691124857,1.2272793167271365,1704
beta,eqw,365,90,1.0,1.0,M,rank,50000000.0,none,0.49189070619737807,0.21512182499902321,0.43733663248498644,-0.5791356784893555,21.34017073708902,0.3252741628201027,0.6990573221632153,2007
beta,eqw_top25,365,180,3.0,0.6,W,q20,20000000.0,none,0.49083932772439093,0.2562995581881302,0.5221658977009354,-0.728216620143987,29.762728401620937,0.36657627549616445,0.6779496876034432,2021
beta,eqw_top25,730,180,3.0,1.0,W,q20,5000000.0,fund90,0.49050631753232266,0.18806875981028562,0.3834176096985591,-0.6904089363937911,19.146907326003454,0.30248762372607707,0.6620578670315165,1673
beta,eqw_top25,365,180,3.0,0.8,M,q20,5000000.0,fund90,0.4903129561806949,0.15927186359336087,0.3248371506109344,-0.41595299438844124,12.397129261657142,0.03048625673288081,0.8897228389526604,1673
beta,eqw_top100,365,180,3.0,0.6,W,rank,5000000.0,fund63,0.4901918615405892,0.10369277424094422,0.21153507917299066,-0.41863427970323563,14.25234106596493,-0.3857494289186719,1.2488371766546102,1704
beta,sqrt_advw,180,90,1.0,1.0,M,q20,20000000.0,fund63,0.49005206717960365,0.19249179143966594,0.39279865208510145,-0.46599511534097376,17.67271070814016,0.34492080084598226,0.6278291775051296,1704
beta,advw,180,90,1.0,0.6,M,q20,20000000.0,none,0.48995014365803913,0.18477100767238877,0.3771220604057007,-0.9433414556699453,22.20458881077687,0.30220291879251676,0.7108068042713095,2007
beta,advw_top100,180,90,1.0,1.0,M,q20,50000000.0,fund63,0.4896093693932335,0.20639371222664543,0.4215477176885451,-0.5647339507426032,17.088293308285763,0.36699032515908286,0.6043636310265124,1704
beta,eqw_top100,180,90,1.0,0.6,M,rank,20000000.0,none,0.4893195334740816,0.14966757631028457,0.30586879548353896,-0.7509912149049137,19.942898778847123,0.3222051506045807,0.6805064517138976,2007
beta,eqw_top25,365,180,3.0,0.6,M,q20,5000000.0,none,0.4890034992442511,0.18773923121315036,0.3839220608917912,-0.7484874842403382,15.540744999581795,0.1823509048594637,0.8420237553481579,2007
idvol,advw,90,90,,,W,rank,5000000.0,fund90,0.4888733856302063,0.10079522621016061,0.20617859178450787,-0.24785069845383634,15.005534499561518,0.8702311866881439,0.20424406535659487,1673
beta,eqw_top100,365,90,1.0,0.6,M,q20,5000000.0,fund90,0.4888706163517004,0.13886939952612445,0.28406166147285855,-0.3402751529420828,13.44244140897501,0.05561948005573191,0.8848941890726209,1673
beta,advw,365,90,1.0,1.0,W,rank,50000000.0,fund90,0.4888290092824665,0.14936063913301068,0.30554782203341707,-0.4408552836182924,20.343463508219187,-0.09239252092849323,1.0566855189515385,1673
beta,advw_top100,365,90,1.0,1.0,M,rank,20000000.0,fund63,0.4888121660484227,0.1443696073689326,0.2953478194620693,-0.47916353899738773,14.748139596211514,0.5832398158950682,0.4106611298848604,1704
beta,advw_top100,365,180,3.0,1.0,M,rank,50000000.0,none,0.4883364620210107,0.1776845495567842,0.36385681466713676,-0.5485465665037746,17.504189000056268,-0.005271534364558984,1.0154220278899104,2007
beta,eqw,365,90,1.0,1.0,W,q20,20000000.0,fund90,0.48825725176180007,0.20266979271488564,0.4150881363944587,-0.45941522017172987,26.01925019240537,0.09803819548861906,0.834788828983771,1673
beta,sqrt_advw,365,180,3.0,1.0,W,rank,50000000.0,fund90,0.48798641855530367,0.1584598749892705,0.324721895864223,-0.39756086078420017,18.729581258989917,0.12887865251586336,0.7901574589067434,1673
beta,btc,730,180,3.0,1.0,M,q20,5000000.0,fund63,0.48764204806221667,0.17490460484412862,0.3586741658951713,-0.5671536992348482,11.098763539511154,0.18916735421620284,0.727001833125991,1704
beta,btceth,365,180,3.0,0.4,M,rank,50000000.0,fund90,0.4875394784926696,0.1253789485364373,0.257166760985331,-0.5029712466293111,12.409723596768876,-0.23588926071526595,1.1151398328199595,1673
beta,advw_top100,365,180,3.0,0.4,W,q20,50000000.0,fund90,0.48751048201921265,0.19296883699484413,0.3958250009222145,-0.6015583134143777,22.717836057392287,-0.17902892028887604,1.0552549896240047,1673
beta,sqrt_advw,365,90,1.0,0.4,W,rank,20000000.0,none,0.48733532768940824,0.15642744226484182,0.3209852300396682,-0.8386318538826792,26.231142787918248,-0.03314721926610735,1.121610366760245,2021
beta,sqrt_advw,365,180,3.0,0.4,W,rank,50000000.0,none,0.4873334678812647,0.17618457851537536,0.36152776307639406,-0.6853386745996752,24.235414866884263,-0.09788886500630212,1.056609972684387,2021
beta,eqw_top25,365,180,3.0,0.8,W,q20,20000000.0,fund90,0.4872927965026917,0.18563540512200843,0.3809524919192665,-0.47695617246368993,24.14558802887232,-0.1321425653403438,1.0350221282401766,1673
beta,eqw_top25,365,90,1.0,0.4,W,q20,20000000.0,none,0.48719413761747354,0.20153097058944858,0.4136563949127054,-0.9739548844289283,34.380330386226944,-0.31775283697004336,1.3114128784131307,2021
beta,advw,365,180,3.0,0.4,M,q20,20000000.0,none,0.4868978283577212,0.18686719462950577,0.3837913906081656,-0.9714218438435945,18.802679116203162,-0.041459651912652135,0.98699316303685,2007
beta,btc,365,90,1.0,0.8,W,q20,50000000.0,fund90,0.4868017519863409,0.17164220722996876,0.35259159715346466,-0.5791531512972034,24.50706953578189,0.031788975713410605,0.9996673615239072,1673
beta,advw,180,90,1.0,1.0,M,q20,20000000.0,none,0.48669827625129974,0.2219132120063164,0.4559564371494396,-1.1103289135285581,22.78942137212264,0.4397107822816143,0.545319654984018,2007
beta,sqrt_advw,180,90,1.0,0.6,M,rank,20000000.0,fund63,0.486380338514473,0.11226011409555299,0.23080726173764218,-0.46002350650434565,15.317372409124394,0.04573015677970909,0.8693134542354439,1704
beta,advw_top100,365,90,1.0,0.6,W,rank,20000000.0,none,0.48630938513185734,0.14360835154155333,0.29530244723246607,-0.7730020031905814,25.979160141059634,0.06725992697536085,0.9821617241364096,2021
beta,eqw_top25,365,90,1.0,0.4,M,rank,50000000.0,fund63,0.4859930650572175,0.15251213492814403,0.3138154551859465,-0.5083724455518094,16.46498620684784,-0.28656898801563097,1.1885888643664166,1704
beta,btceth,365,180,3.0,0.4,M,rank,20000000.0,fund90,0.485763240445902,0.1099057335086277,0.226253706245332,-0.37285991235042437,12.011790321809432,0.003999512477052866,0.8405318584203347,1673
beta,eqw_top100,180,90,1.0,0.6,W,q20,50000000.0,fund63,0.4855909325017541,0.1955331460737709,0.4026705051232902,-0.7314768175632052,29.94418332872957,-0.15879226393403462,1.08498826826398,1704
beta,advw,365,180,3.0,0.6,W,rank,5000000.0,fund63,0.48533635557612537,0.09494364571706408,0.19562442546542774,-0.37121421344811056,13.404553583950788,-0.3633450681912985,1.181074349293221,1704
beta,eqw_top100,365,180,3.0,0.4,W,q20,20000000.0,none,0.48433091324211197,0.2512532831443519,0.5187636722637875,-0.9818429742659142,28.825327475316353,0.1724383025769318,0.9348871605086473,2021
beta,advw,365,90,1.0,0.6,W,rank,20000000.0,none,0.4839505521294642,0.14308316232930104,0.29565657420930913,-0.7826244961787023,25.881794136613223,0.047691698357373066,1.0008219941890353,2021
beta,eqw_top100,180,90,1.0,0.8,M,rank,20000000.0,none,0.48390940012253625,0.16165111769948215,0.3340524438222291,-0.8551267840557046,20.426137840626378,0.38422673285313996,0.60399462006697,2007
beta,advw_top100,365,180,3.0,0.6,W,q20,50000000.0,fund63,0.48335063865757993,0.18859821846522148,0.3901892402356586,-0.6328727690087939,24.6218105668799,-0.16331531489717616,1.0138587942230943,1704
beta,eqw_top25,365,180,3.0,1.0,W,q20,50000000.0,fund63,0.48328003924704427,0.259637106558736,0.5372394584375003,-0.7280964150529846,29.621137432262543,0.27732231872171903,0.6540362669396532,1704
beta,eqw_top25,180,90,1.0,0.6,M,rank,20000000.0,fund90,0.48225511703184704,0.1206102269185791,0.2500963134635112,-0.465141954309927,15.42771418485033,-0.14479256409910507,1.0440443043885343,1673
beta,sqrt_advw,365,180,3.0,0.8,M,rank,5000000.0,fund63,0.4816322383975351,0.10738317814022172,0.22295679063656978,-0.29532094051941266,9.508528722521792,-0.0754702074356948,0.9398305640725501,1704
beta,btc,730,180,3.0,0.8,M,rank,20000000.0,fund90,0.4815805752913614,0.11020299109686117,0.22883603855946053,-0.38268704899849915,11.105584270445483,0.002734247004796033,0.9694459302496938,1673
beta,eqw,180,90,1.0,0.8,W,q20,50000000.0,fund63,0.48142982520269545,0.19450536039918198,0.4040160169081543,-0.5785196707318584,30.47855604465738,0.03074313638384941,0.8908328445824149,1704
beta,eqw_top100,365,90,1.0,1.0,M,rank,20000000.0,fund63,0.48115367371506984,0.16501529801091783,0.34295757681076494,-0.524912507519721,16.62307731889535,0.5015432271552888,0.46661691472065386,1704
beta,sqrt_advw,180,90,1.0,0.6,W,q20,50000000.0,fund63,0.4811511181087331,0.18560557770231617,0.3857531879628138,-0.5655002908117397,29.330046133484494,-0.0570223502477776,0.989560047440804,1704
beta,btceth,365,180,3.0,1.0,M,q20,50000000.0,fund90,0.48087585067762145,0.19894619063150257,0.4137163268880304,-0.7239399520896269,14.219254756505968,0.5478976895535987,0.4229979587637525,1673
beta,eqw_top100,180,90,1.0,0.4,M,rank,50000000.0,fund90,0.4806840806958719,0.14331837943572362,0.2981550361065544,-0.6509461489586466,15.069888081724054,-0.38856359278754404,1.2368213443300715,1673
beta,eqw_top25,365,180,3.0,0.8,W,rank,20000000.0,fund63,0.4806659724078639,0.1391791687267664,0.28955486078941195,-0.3622898570957116,20.678105974147662,0.1556047973702187,0.7558253358814633,1704
beta,advw_top100,365,90,1.0,1.0,M,q20,20000000.0,fund90,0.48061754400334983,0.18369008641655368,0.3821959658120041,-0.48839282500643955,15.168423323791236,0.14728553071384878,0.8322695556389414,1673
beta,eqw_top25,730,180,3.0,0.4,M,rank,50000000.0,fund63,0.48060883309543856,0.15203277273045954,0.3163337047953696,-0.5757689188268136,14.422797121370587,-0.339585292737077,1.2346184549802877,1704
beta,advw,365,90,1.0,1.0,M,q20,20000000.0,none,0.4804633322177037,0.2229441838159643,0.4640191433275611,-0.7360698904616627,22.17823353405351,0.2609158025910735,0.7325020216901322,2007
beta,sqrt_advw,180,90,1.0,0.4,M,rank,50000000.0,fund90,0.48016706214812666,0.13640054564359871,0.28406893432752894,-0.6371688830594777,14.711553635498296,-0.4443785399226259,1.267590594271971,1673
beta,eqw,365,90,1.0,0.4,M,q20,5000000.0,fund90,0.4796714330134805,0.1192647568787783,0.2486384401287173,-0.3220145618627545,12.816257527690498,0.023202756888195203,0.8640761064493253,1673
beta,btceth,365,180,3.0,0.4,W,rank,5000000.0,fund90,0.4792820081528724,0.08725746631243315,0.18205871455245903,-0.307961244096044,12.434914242205657,-0.5282236673782652,1.2526078563390703,1673
beta,sqrt_advw,180,90,1.0,0.4,W,q20,20000000.0,none,0.4791223263348231,0.22336341389701486,0.46619287313470487,-1.0180445709896322,34.6271191782307,0.3275667237466448,0.6590644769059464,2021
beta,sqrt_advw,730,180,3.0,0.6,M,rank,50000000.0,fund90,0.47899183224296066,0.13126609041975976,0.27404661537772773,-0.4179318302137481,12.611991108599394,-0.15177333623112163,1.0722364222760485,1673
beta,sqrt_advw,365,90,1.0,0.8,W,rank,20000000.0,none,0.4788328224155225,0.16883429085794835,0.35259548417388353,-0.961474168926481,26.668888328416475,0.11453362753031483,0.9571149982999326,2021
beta,eqw,365,90,1.0,0.4,M,rank,50000000.0,fund63,0.478653375351997,0.14012488968435938,0.29274814907826124,-0.43215321498819426,15.458989714964153,-0.21422402148887545,1.1017155206575386,1704
beta,eqw_top100,365,90,1.0,0.6,W,rank,20000000.0,none,0.4783024676424486,0.168764702638847,0.35284096164230067,-0.8915901966077365,27.192615841374188,0.011359661592836372,1.1195876168875216,2021
beta,advw,365,180,3.0,0.8,M,q20,5000000.0,fund63,0.4781583747522582,0.13979304158922187,0.292357195796583,-0.32936660688918407,11.578883599202586,-0.07344442945222424,0.8977274690030751,1704
beta,advw_top100,365,180,3.0,0.6,M,q20,5000000.0,fund90,0.4780864348288109,0.11889897015025361,0.24869764437643563,-0.34647735108577254,10.535690087862003,-0.2051318239100971,1.0349905678666171,1673
beta,eqw_top100,365,180,3.0,1.0,W,rank,50000000.0,fund63,0.4776023361955481,0.17444086971636114,0.3652429154888777,-0.4963049230155705,21.754292006559453,0.1192890784449963,0.7788917737383604,1704
beta,btceth,365,180,3.0,1.0,M,q20,50000000.0,fund63,0.4775450593222066,0.20428318742478274,0.42777782627408545,-0.669160773982457,15.325440603595148,0.7613259665906068,0.2921583608591905,1704
beta,eqw_top25,180,90,1.0,1.0,M,q20,20000000.0,fund90,0.4774718887943452,0.22263684641188466,0.46628262655223646,-0.6325642507264562,19.040585568510256,0.2606762541801553,0.7234724005988241,1673
beta,btc,730,180,3.0,1.0,W,rank,5000000.0,fund63,0.4774401906700666,0.12330733555902121,0.258267607060823,-0.4333986113342625,12.665323634657025,0.28693356782244595,0.6431564168303029,1704
beta,advw,180,90,1.0,0.8,M,q20,20000000.0,fund90,0.47743894727023156,0.15056372199369505,0.31535701654535453,-0.4461902084207999,15.12344519272876,-0.008387183376952819,0.9694049052138823,1673
beta,advw,730,180,3.0,0.4,M,rank,50000000.0,fund63,0.4773874374547643,0.13699498639865368,0.2869681429596372,-0.5204389467495578,13.472772046578726,-0.3052386455168478,1.181985835078795,1704
beta,sqrt_advw,365,180,3.0,1.0,M,rank,20000000.0,fund90,0.4772362871840569,0.1335652992251034,0.27987247158678635,-0.343820362028648,12.495014476958474,0.2533216599168408,0.668060891578225,1673
beta,btc,365,90,1.0,0.8,W,q20,50000000.0,fund63,0.4770733881875498,0.176708593002356,0.3704012786663491,-0.5523335114170845,26.613531273692587,0.3329652752479005,0.6143923789797715,1704
beta,advw,365,90,1.0,0.4,W,q20,5000000.0,fund90,0.47647860391562535,0.11542378794656775,0.24224338091581324,-0.2754770387794395,19.495293611148067,0.03086610618664195,0.8893688110167652,1673
beta,advw,365,90,1.0,0.6,M,rank,50000000.0,fund63,0.4763615937700589,0.13031183532772622,0.2735565524844308,-0.40837634007937085,15.150009668549625,-0.06608664979599152,0.9841659352316845,1704
beta,eqw_top25,365,180,3.0,1.0,W,rank,50000000.0,fund90,0.47617435120474866,0.180467858606543,0.37899533679197306,-0.4846820844296096,21.273497809409207,0.22552640617246517,0.7112034651544968,1673
beta,btc,730,180,3.0,1.0,W,q20,50000000.0,fund90,0.47572458564752684,0.165892293770796,0.3487149892515933,-0.5301860765624187,21.329324906471726,-0.01925543458953219,0.967393742053425,1673
beta,eqw_top25,365,90,1.0,0.8,W,rank,20000000.0,fund63,0.47525503975876987,0.14295810523906158,0.30080292322965013,-0.4933704931803816,24.404209076120107,0.1097144508606194,0.8000193038528579,1704
beta,eqw_top100,365,180,3.0,0.8,W,rank,20000000.0,fund63,0.4752071989622199,0.1304955726324435,0.27460773514674425,-0.34599336016848414,19.612671986614128,0.0549597382516098,0.829064160920732,1704
beta,eqw_top25,365,180,3.0,1.0,M,q20,5000000.0,none,0.47515693577757234,0.242111382977301,0.5095398272595915,-0.900082251392427,17.183839012444494,0.340995793388353,0.6192924217101065,2007
beta,eqw,180,90,1.0,1.0,M,q20,20000000.0,none,0.4751553488059875,0.2456058705988627,0.516895939856392,-1.2119419006218994,23.543028381461728,0.39032126152214247,0.579843299417482,2007
beta,eqw_top25,365,90,1.0,0.8,W,rank,20000000.0,fund90,0.4748158200586611,0.13693697996111967,0.28840020525053645,-0.48954102911335606,22.860965012800218,-0.2284359312223473,1.1882880269516005,1673
beta,eqw_top100,180,90,1.0,0.4,W,q20,50000000.0,none,0.4745552277926219,0.22935096643717182,0.48329668077620874,-1.0502530715306182,39.93177131226087,0.2936350022741177,0.6580450274704195,2021
beta,advw_top100,365,90,1.0,0.8,M,rank,50000000.0,fund90,0.4743575616152321,0.13073829712910437,0.275611285048199,-0.47014874422974096,13.953003099265999,-0.12116888906202165,1.0642196216325681,1673
beta,eqw_top25,180,90,1.0,0.6,W,q20,50000000.0,none,0.4742591188423923,0.2318427563317708,0.48885250092327204,-0.7876351324477684,41.48700655393719,0.5821987722314056,0.36273264992765053,2021
beta,eqw_top25,365,180,3.0,0.8,W,rank,20000000.0,fund90,0.4740286919954324,0.1313789260651422,0.27715395351302513,-0.3309583204179495,19.19881190563628,0.008062757375161558,0.8983937793439724,1673
beta,eqw,365,180,3.0,1.0,M,rank,20000000.0,fund90,0.4740014506941344,0.13147988271570096,0.2773828698691954,-0.3436771144766804,12.28000615630646,0.2217392883768318,0.6811259802769539,1673
beta,btceth,365,180,3.0,0.4,M,q20,20000000.0,fund90,0.47285782098517365,0.13776998608190336,0.2913560481983084,-0.5327307661458662,13.32940828322902,0.1690651406084302,0.7165861815984597,1673
beta,advw_top100,365,90,1.0,0.4,W,rank,20000000.0,none,0.47277048222861945,0.1387133099618399,0.2934051832253811,-0.7566044109109482,26.14878135916734,-0.024620081221250645,1.0238226431376316,2021
beta,advw,365,90,1.0,1.0,M,rank,20000000.0,none,0.47263826090708205,0.16535026118538895,0.34984527250936176,-0.826919205823024,18.658733701549995,0.2655402942540849,0.7233725297551123,2007
beta,btceth,365,180,3.0,0.4,W,q20,5000000.0,fund63,0.4726354798256738,0.11695173816359201,0.24744595603937378,-0.46408763000202624,17.810420945566463,-0.39387940636377916,1.1293281764922163,1704
beta,eqw_top100,180,90,1.0,0.8,W,q20,20000000.0,fund90,0.4725185152867974,0.16776968875533543,0.3550542112693866,-0.45189496109332306,27.308049182873198,-0.043969019398427234,0.9658735292817071,1673
beta,eqw_top25,365,180,3.0,0.4,W,rank,20000000.0,none,0.47249632034233274,0.1741605414939781,0.368596609107549,-0.7310447764786239,22.186564483849587,0.17351339738938382,0.8527808156819711,2021
beta,eqw_top25,365,180,3.0,0.8,M,rank,5000000.0,fund90,0.4724962875138091,0.11285936034489967,0.23885766582155682,-0.2683890216205035,9.601431811248407,0.0874438134693313,0.8283619398748919,1673
beta,advw_top100,365,90,1.0,0.8,W,rank,20000000.0,none,0.47215081194836633,0.15050777921733527,0.3187705610337795,-0.8602191094827345,25.993138793157286,0.1396520351203348,0.8770378199315622,2021
beta,btceth,365,180,3.0,0.4,M,rank,50000000.0,fund63,0.4719009835414166,0.12649515071837789,0.2680544333031168,-0.5220710761885671,13.570951514675565,-0.19899559838397451,1.0191310903244288,1704
beta,eqw_top100,365,180,3.0,0.8,W,rank,20000000.0,fund90,0.47178767951208456,0.12336600962608568,0.2614862892427985,-0.3442179234799514,18.17123459553349,-0.06475266728760393,0.9467652629021039,1673
beta,btceth,365,90,1.0,0.6,M,q20,20000000.0,fund90,0.4717488557814137,0.1355806509474966,0.28740006316055233,-0.4629714815860282,14.459428336980105,0.007819383088753743,0.9357185300470481,1673
beta,sqrt_advw,365,180,3.0,0.4,W,rank,5000000.0,fund90,0.47168084462146487,0.09056793806917016,0.1920110581167507,-0.374504683133447,12.558849459668147,-0.46517228685117823,1.237538786827825,1673
beta,eqw,365,90,1.0,0.4,M,rank,5000000.0,fund90,0.4710586300377484,0.08745626349541816,0.18565897728783742,-0.29345165141929797,10.42612490790374,0.0037673170479326098,0.8848099177279826,1673
beta,btceth,730,180,3.0,1.0,W,q20,50000000.0,fund63,0.4709770838657911,0.17232022020156354,0.36587814164365506,-0.7263709275122029,23.93331182140721,-0.1507208262864767,1.0346848787010738,1704
beta,advw,365,90,1.0,0.4,W,rank,20000000.0,none,0.47070179001888457,0.13831954110918757,0.2938581157799255,-0.7643022661136313,26.075837178841596,-0.04462711770696277,1.0418733255713235,2021
beta,eqw,365,180,3.0,0.4,W,q20,20000000.0,none,0.47023217472801315,0.23808827418061163,0.5063206793927365,-0.9631769346458956,28.447326213096186,0.10492279703873428,1.025948998120051,2021
beta,eqw,730,180,3.0,0.8,W,q20,5000000.0,fund90,0.4701223733436468,0.13422331104679178,0.2855071757001408,-0.5412769381042536,16.089586179217406,0.15013439276743068,0.7403391369607731,1673
beta,eqw_top25,365,180,3.0,0.4,W,q20,50000000.0,none,0.46998649180964325,0.2386899435088117,0.5078655401131982,-0.9578351137651268,33.51027039725605,0.19241180138042724,0.7304502286140381,2021
beta,advw,365,90,1.0,1.0,M,rank,20000000.0,fund63,0.4698356617098978,0.1378292695621025,0.29335633881109224,-0.47955885830495737,14.644503123796829,0.5761476713309347,0.38237634819000915,1704
beta,sqrt_advw,365,90,1.0,1.0,W,rank,50000000.0,fund90,0.4697472026001402,0.15773543493510872,0.33578791754801957,-0.43026534819764517,21.6589622681352,-0.031159186909258688,0.9240028222487835,1673
beta,eqw_top25,365,90,1.0,0.6,W,q20,5000000.0,fund63,0.46970536986073497,0.14065625581892105,0.2994563503939178,-0.3584195606505528,23.58977848562196,0.08554361403058798,0.8331585664456226,1704
beta,advw_top100,180,90,1.0,0.8,M,q20,20000000.0,fund63,0.46952749579077957,0.1520447984934724,0.3238251217586269,-0.49867064002401484,16.26895936246061,0.10556292713878801,0.818276726891085,1704
beta,advw,365,90,1.0,0.8,W,rank,20000000.0,none,0.4694916876816119,0.1497710189123004,0.3190067531373811,-0.8693819125909897,25.869698782287852,0.12183484559401858,0.8938556192026211,2021
beta,btceth,365,180,3.0,0.8,M,q20,50000000.0,none,0.4694591120827227,0.23841513083029206,0.5078506832524348,-1.1840532025486619,22.394522084611335,0.2880725769457831,0.7110300726352202,2007
beta,eqw_top100,365,90,1.0,0.4,M,rank,50000000.0,fund63,0.4688040144865451,0.14430644111802773,0.3078182708739782,-0.4970394036082395,15.91200112650175,-0.2843426438551262,1.1505119765452383,1704
beta,eqw_top100,365,90,1.0,1.0,M,rank,20000000.0,none,0.46861307290282067,0.1937939158447671,0.4135478223949493,-1.038976542582494,20.851536934326774,0.19715139911994917,0.7876909822573473,2007
beta,btceth,365,90,1.0,0.8,W,q20,50000000.0,fund63,0.4681816891632082,0.17098381355296804,0.36520824609474006,-0.5026878672757774,26.29053558958372,0.2702531035623845,0.6442536008884305,1704
beta,sqrt_advw,365,90,1.0,1.0,M,rank,20000000.0,none,0.46807530861819807,0.17849013851931694,0.38132782317921543,-0.9444216052263996,19.55833553798137,0.23319376738180644,0.7487762381058773,2007
beta,eqw_top25,365,180,3.0,1.0,W,rank,50000000.0,fund63,0.4679396691266986,0.1830354267028177,0.39115176331258916,-0.5059853082445044,23.001585737330334,0.22752428092689295,0.6783767975296741,1704
beta,sqrt_advw,365,180,3.0,0.6,M,q20,5000000.0,none,0.4679126507053354,0.17111045780983933,0.3656888899069217,-0.7456101301239533,14.616407630986796,0.14034989492680502,0.8557554832064678,2007
beta,eqw_top25,365,180,3.0,0.4,W,rank,50000000.0,none,0.4677371455418506,0.17678645832100895,0.3779611262565227,-0.7085209382317629,25.33908999525851,-0.021296228847572835,0.9275309963305646,2021
beta,btceth,730,180,3.0,1.0,W,q20,5000000.0,fund90,0.4669341243342196,0.14906234560687356,0.31923635013700236,-0.549436162933199,15.855047070582462,0.21138747285090242,0.6971878811676679,1673
beta,advw_top100,730,180,3.0,0.4,M,rank,50000000.0,fund63,0.46675525831956155,0.13364727971196844,0.28633267077297186,-0.5163344721279499,13.501620724580702,-0.3125226601021614,1.170388488481082,1704
beta,eqw,365,180,3.0,0.6,W,q20,5000000.0,fund90,0.4667024617937244,0.11602282259157366,0.24860126545219302,-0.3497880582484212,16.754264695578897,-0.24786328078622308,1.0851370188606624,1673
beta,eqw_top25,365,90,1.0,0.6,M,rank,5000000.0,fund63,0.4666064826754572,0.10873164780843331,0.2330264405778956,-0.24748307113418377,12.256945549035404,0.15469299963889627,0.7509044100140807,1704
beta,eqw,180,90,1.0,0.4,M,rank,20000000.0,fund90,0.4663834527274265,0.10450091759071645,0.22406652075581046,-0.46024464583307373,14.18149188907789,-0.3886439003669391,1.1463020749942774,1673
beta,eqw_top100,365,90,1.0,0.8,W,rank,20000000.0,none,0.4661622480147514,0.17956432117639026,0.38519704661006365,-1.004551096363238,27.927371483440997,0.0782423008642793,1.0013493755411529,2021
beta,btceth,730,180,3.0,1.0,W,rank,20000000.0,fund63,0.46583780393947244,0.13417654268082277,0.28803274776354704,-0.3602129968166608,16.911122742999513,0.2614724659278424,0.6224077418396298,1704
beta,eqw,730,180,3.0,0.6,M,rank,50000000.0,fund90,0.46533655214505687,0.1271191913180507,0.27317688828025805,-0.4282114531102316,12.506112494201998,-0.14666657197808036,1.0316822646588142,1673
beta,eqw_top100,365,90,1.0,0.8,W,rank,20000000.0,fund90,0.4647729685765609,0.12844629999550852,0.27636353376766976,-0.4451627565185866,21.66438185437061,-0.24089606735651303,1.1447364613686903,1673
beta,btceth,730,180,3.0,1.0,W,rank,20000000.0,fund90,0.4644468711639837,0.1282133988670156,0.27605611497756627,-0.3752906303644949,15.563080974821865,0.14887558480719093,0.715224903514019,1673
beta,eqw_top100,365,180,3.0,0.6,W,q20,5000000.0,fund90,0.4643840810324066,0.12576018524512106,0.2708107154869182,-0.4460822164376316,17.478180609415695,-0.27670100285056487,1.10771481477905,1673
beta,eqw,365,90,1.0,0.8,M,rank,20000000.0,none,0.4632047432399476,0.15660634281976332,0.3380931329078352,-0.9248770364357628,18.94868524300301,0.11243608492285727,0.9071102398716904,2007
beta,eqw_top100,365,90,1.0,0.4,W,rank,20000000.0,none,0.46307555378125237,0.16053051562048556,0.34666160696601345,-0.8916811696886917,26.704516467967697,-0.0614269810687004,1.138616904837704,2021
beta,eqw_top25,180,90,1.0,0.6,M,rank,50000000.0,fund90,0.46299852242839373,0.13849404049577585,0.2991241522097837,-0.48613675502296627,15.598813937184632,-0.1665077161699768,1.047676961954693,1673
beta,sqrt_advw,365,90,1.0,1.0,M,rank,20000000.0,fund63,0.4629502718492838,0.14590050386488165,0.31515372759599636,-0.4911868946227751,15.458592779823027,0.5481122420480508,0.39608794022767324,1704
beta,eqw_top25,730,180,3.0,0.8,M,rank,50000000.0,fund90,0.46285396403521245,0.14242160186610733,0.3077031049371597,-0.4160486622986863,14.085883757358985,-0.0780241769531379,1.014981548767991,1673
beta,eqw,365,180,3.0,1.0,M,q20,5000000.0,fund63,0.46278137091457167,0.1663130041887704,0.359377050679664,-0.4936723247978503,12.3754773293641,0.14772412850956165,0.7015281321321628,1704
beta,eqw_top100,365,90,1.0,0.4,W,q20,5000000.0,fund63,0.46254251468335744,0.1253007117764979,0.2708955561896293,-0.3402204185137188,21.71834042250396,-0.0012075107173198977,0.8908673284552965,1704
beta,advw_top100,365,180,3.0,0.6,W,q20,5000000.0,fund63,0.4623708808747445,0.12053646944937418,0.2606921725289774,-0.41476255075862084,17.843357943116953,-0.34039435587451294,1.1040775298093648,1704
beta,advw,365,180,3.0,1.0,M,rank,20000000.0,fund90,0.4622995249627263,0.12313630791000593,0.2663561203527821,-0.35270833529028106,11.85336865457727,0.2615663442630055,0.6369622321801864,1673
beta,eqw_top100,365,90,1.0,0.8,W,rank,20000000.0,fund63,0.46125240030002157,0.13294048632644592,0.28821635668448503,-0.44851822807682235,23.176957917271967,0.06267310772285659,0.805981500306033,1704
beta,eqw_top25,180,90,1.0,0.6,M,rank,50000000.0,fund63,0.46094369038831207,0.1419958922847867,0.30805474778310843,-0.5182346123888785,16.843143888323723,-0.08212190787083545,0.9616423941280702,1704
beta,eqw_top100,180,90,1.0,1.0,W,q20,20000000.0,none,0.46092993425762546,0.2722450991005162,0.5906431300431694,-1.1395891672336078,39.55999517525357,0.5055363159712564,0.4120041123461266,2021
beta,advw_top100,365,180,3.0,1.0,M,rank,20000000.0,fund90,0.46076673879339547,0.12421221583611622,0.2695772185322866,-0.3679329312639649,11.968443070938527,0.25548019086826024,0.6417581449476796,1673
beta,sqrt_advw,180,90,1.0,0.6,W,q20,50000000.0,fund90,0.4603277692195968,0.17308269891228784,0.3759988218953606,-0.5292252438366047,27.507228827142647,-0.27254597417568965,1.1670896347167723,1673
beta,eqw_top100,365,90,1.0,0.6,M,rank,5000000.0,fund63,0.4598444643422341,0.10345557721576398,0.22497949902201783,-0.26612758863718705,11.811418834712555,0.1494466850340993,0.7403799878982875,1704
beta,sqrt_advw,365,180,3.0,1.0,W,rank,50000000.0,none,0.4594888943872559,0.18346915208868964,0.3992896331767757,-0.5632706520601325,25.24203267625571,0.03644435991953784,0.9012577379563665,2021
beta,sqrt_advw,365,90,1.0,0.6,M,rank,50000000.0,fund63,0.45934095489060534,0.13217734994836666,0.28775433268267014,-0.3645126099639464,15.529380633458208,-0.06983066990215131,0.949292099593816,1704
beta,btceth,365,90,1.0,0.4,W,q20,20000000.0,fund90,0.45899386492642985,0.13009846688151064,0.28344271421223366,-0.47560620629581374,23.678754012060615,-0.4940631762099957,1.3108877982626441,1673
beta,btc,365,90,1.0,0.8,M,q20,50000000.0,fund63,0.45896135214321215,0.18047323296489315,0.3932209806384288,-0.6134383355264115,15.879756327814311,0.46722185315992026,0.4505465394292011,1704
beta,eqw_top25,365,90,1.0,0.6,M,rank,50000000.0,fund63,0.4589393839604255,0.14249256323336462,0.31048231686660344,-0.4223244865566528,16.824214161679205,-0.1326549221735738,1.0217701241992883,1704
beta,eqw,730,180,3.0,1.0,W,rank,5000000.0,fund90,0.45860589837496696,0.11257822971309368,0.24547924505987728,-0.42039536732732746,12.505196453665024,0.33038927478245134,0.5715259539331912,1673
beta,eqw_top25,365,90,1.0,1.0,M,rank,20000000.0,fund90,0.45860439464315234,0.15991524292539516,0.3486997612611799,-0.5837374354203155,16.612256510454625,0.18470660917857107,0.7521825896626051,1673
beta,advw,365,180,3.0,1.0,W,q20,50000000.0,fund63,0.4584468604577251,0.19441437681984983,0.4240717814617413,-0.5707147221361148,25.447120503546273,0.22588174437017006,0.6455745682207229,1704
beta,advw_top100,365,180,3.0,0.6,W,q20,50000000.0,fund90,0.458429154913839,0.17538136197528018,0.3825702621558674,-0.5189245435015003,22.777077606315,-0.07373712034365733,0.9109037608675592,1673
beta,advw_top100,180,90,1.0,0.8,M,q20,20000000.0,none,0.4582512615104285,0.1860436521531035,0.40598612110720766,-1.0605182773728865,22.523717213056894,0.3634899503393364,0.5748135840080303,2007
beta,btceth,730,180,3.0,1.0,M,rank,50000000.0,none,0.4580392091385995,0.16956495476063735,0.370197466456039,-0.5486975567117587,16.46235790892192,0.3210998936657735,0.6730272415414592,2007
beta,sqrt_advw,180,90,1.0,0.4,M,rank,50000000.0,fund63,0.4574906834675936,0.1342193349839422,0.2933815700171512,-0.6702014924645159,15.874155117359733,-0.3922029069346192,1.1992098434025213,1704
beta,eqw_top25,365,180,3.0,0.4,M,q20,5000000.0,none,0.4570369422254901,0.1704574030799032,0.37296198038145445,-0.804779688614999,15.032806773383987,0.0786322021549317,0.8718394341418589,2007
beta,sqrt_advw,365,180,3.0,1.0,W,rank,50000000.0,fund63,0.4569027851030555,0.15347516465444805,0.33590332486117663,-0.45929488342428154,20.29145064467967,0.0909286826491157,0.7545377284364595,1704
beta,eqw_top100,730,180,3.0,0.4,M,rank,50000000.0,fund63,0.45617836472518947,0.14315409480437086,0.31381167077182537,-0.6087609757848116,13.95659317395751,-0.31707221669506097,1.1682543848835614,1704
beta,advw_top100,365,90,1.0,0.6,M,rank,5000000.0,fund63,0.4557596418054165,0.09732831622436527,0.21355185342610686,-0.23250133184872374,11.069339058456034,0.2340505974718672,0.6546094509803358,1704
beta,eqw,365,180,3.0,1.0,M,rank,20000000.0,none,0.4555388542579368,0.17169826728046014,0.37691245362627296,-0.7582875977836877,15.935002467045868,0.16308805288946113,0.811710789919536,2007
beta,eqw_top25,730,180,3.0,0.6,M,rank,50000000.0,fund63,0.4554960351168077,0.14089315317795928,0.3093180671525023,-0.5100044721001762,14.77287394358567,-0.2324657897960352,1.1119325410885652,1704
beta,eqw_top100,180,90,1.0,0.4,M,rank,20000000.0,none,0.4554312198903662,0.1395074479647638,0.30631946575455843,-0.7382335653614536,19.62722021203502,0.2331714513264191,0.6886956040626542,2007
beta,btc,365,180,3.0,0.4,M,q20,50000000.0,fund90,0.4553021634591006,0.16101118435979778,0.3536358868504723,-0.5123663960287193,13.478480278279694,0.24555991395288498,0.6478415756043703,1673
idvol,advw,180,180,,,M,rank,50000000.0,fund63,0.45522695529194585,0.12848639545080182,0.2822468967559291,-0.34960388880305043,12.871901711796852,0.5232291683622993,0.3988772044657876,1704
beta,eqw,180,90,1.0,0.4,W,rank,50000000.0,fund90,0.45455173054447884,0.13417795000041782,0.29518741428988626,-0.6534899107040291,21.617771385275603,-0.6713474167983844,1.4564854270265963,1673
beta,btceth,730,180,3.0,1.0,M,rank,20000000.0,fund63,0.4540118723476638,0.11834047017072051,0.26065501229910604,-0.3324731446407254,12.35178018219242,0.19939129827325738,0.6746257079487383,1704
beta,advw_top100,365,180,3.0,0.4,W,q20,5000000.0,fund90,0.45386918283562244,0.11113488363561881,0.24486104771706535,-0.5007239247245957,16.349037116920883,-0.4970308511752663,1.2089261323742877,1673
beta,advw_top100,365,90,1.0,0.4,M,q20,5000000.0,fund90,0.45338042941314155,0.11074594127514119,0.24426714099347296,-0.26964599229674613,12.574836002662288,-0.10645933404141053,0.9481924403639638,1673
beta,eqw_top25,365,90,1.0,1.0,W,rank,50000000.0,fund90,0.45323508983275096,0.17358772157834987,0.3829970923972496,-0.5230848831102319,24.5955239450413,-0.05722666578430194,0.9661179651017594,1673
beta,advw_top100,365,180,3.0,1.0,W,q20,20000000.0,fund90,0.45303052428817886,0.16842236006829167,0.3717682386477691,-0.49050369007401273,21.625062188267172,-0.11726959909226327,0.95528601420696,1673
beta,advw,730,180,3.0,1.0,W,q20,5000000.0,fund90,0.4528306089736982,0.1418675971471153,0.3132906529190817,-0.576393760326056,16.06268890220327,0.20492412801057613,0.6635887238876125,1673
beta,advw,180,90,1.0,0.4,M,q20,20000000.0,none,0.4528016238009027,0.1714015770804526,0.37853569437687795,-0.9214825589837031,22.261687973596214,0.19364322560383068,0.7329032334407625,2007
beta,eqw_top100,365,90,1.0,1.0,W,rank,50000000.0,fund90,0.45275722435067794,0.16568994466548084,0.36595759438870384,-0.47597114197881146,23.18162051551214,-0.053592914676203945,0.922642574244617,1673
beta,sqrt_advw,365,180,3.0,0.4,M,q20,5000000.0,none,0.45273534566648166,0.16352716532938943,0.361198141242225,-0.8274231147933803,14.434284573285183,0.05517469863853993,0.9057089078010991,2007
beta,advw_top100,180,90,1.0,1.0,M,q20,20000000.0,none,0.4526835932015104,0.2070636094683695,0.45741355016636503,-1.1557840865859095,22.96983276694367,0.42268619599014284,0.490579402337377,2007
beta,eqw,365,90,1.0,0.6,W,rank,20000000.0,none,0.4524007022993726,0.15494897496247304,0.342503833824592,-0.8919608408058677,26.021028621695944,0.01653405678945671,1.0749887119002945,2021
beta,eqw_top100,180,90,1.0,1.0,M,rank,20000000.0,none,0.45219053923735014,0.17621416497125483,0.3896900746053907,-0.9757472177241817,21.11636245113604,0.4205443225051755,0.49099068793346806,2007
beta,advw,365,180,3.0,1.0,W,rank,50000000.0,fund90,0.4518734155908202,0.13671235118552885,0.30254568307980395,-0.4301529751485019,17.499767771561686,0.16827843803300432,0.7024130479798839,1673
beta,eqw,365,90,1.0,0.4,W,rank,20000000.0,none,0.4518256822817673,0.15202059336668766,0.3364585045253905,-0.8554239234911588,25.9213816058566,-0.05310959905251772,1.1300761790719156,2021
beta,eqw,180,90,1.0,0.8,W,q20,20000000.0,fund90,0.4517312927906494,0.18060516572659333,0.3998066297574232,-0.6226690571698271,26.369569312387373,-0.05050767044693101,0.8117736939360017,1673
beta,sqrt_advw,365,180,3.0,0.8,M,q20,5000000.0,none,0.451576251315955,0.18000127649758632,0.39860660513709023,-0.7734376445512106,14.921316733625986,0.21011992472418464,0.7353704448127958,2007
beta,eqw_top25,365,180,3.0,0.4,W,q20,5000000.0,fund63,0.4515691081629332,0.12593390452440487,0.27888069012676114,-0.5708724590894412,18.57195786604872,-0.5586127926110216,1.2985532912781266,1704
beta,eqw_top100,180,90,1.0,0.4,M,rank,50000000.0,fund63,0.4514546826946753,0.1391071652680211,0.3081309610916166,-0.6868943743363591,16.26483693244453,-0.36943832898369094,1.1812661416623969,1704
beta,advw,365,90,1.0,0.8,M,rank,50000000.0,fund90,0.4511993407371326,0.12404032694343904,0.27491247380989536,-0.4621719778471353,13.874000459019587,-0.12297203869540155,1.013711646586051,1673
beta,advw_top100,365,180,3.0,0.8,M,q20,5000000.0,fund63,0.4509444980889056,0.13475613133234168,0.29883085812874016,-0.3535625582639451,11.609176303614236,-0.06305856685972833,0.8418895326088783,1704
beta,sqrt_advw,180,90,1.0,0.6,M,rank,20000000.0,none,0.45050483586185125,0.13132803847322985,0.29151304940376266,-0.7347763167942866,19.351898856375122,0.3187916020620987,0.6045894957753735,2007
beta,advw_top100,365,180,3.0,1.0,W,rank,50000000.0,fund90,0.44978260710683565,0.13742093343268177,0.30552745095374606,-0.4410388965344046,17.624701958305348,0.18561245635333976,0.6861362333117607,1673
beta,btceth,365,90,1.0,0.6,M,rank,50000000.0,none,0.4496925992343736,0.14805153007802105,0.32922830024351507,-0.618431660614461,20.07008660428838,0.303573521844717,0.6441468496803102,2007
beta,eqw_top25,365,90,1.0,0.8,M,rank,50000000.0,fund90,0.44895876029272397,0.1448834148540226,0.32270985147846915,-0.4802117256570435,16.084904002489985,-0.09193598661428569,0.9865200389397232,1673
beta,eqw_top25,180,90,1.0,0.4,M,rank,50000000.0,none,0.44886727978999524,0.1667100192975168,0.3714015852871096,-0.7783252664427253,21.865092625163893,0.5095383164922416,0.3884432222820225,2007
beta,sqrt_advw,365,180,3.0,0.8,M,q20,5000000.0,fund90,0.4488630173977592,0.12934344598810532,0.2881579479146259,-0.3961040485633915,11.236925885949173,0.0005136103838479599,0.8155714827760506,1673
beta,eqw_top25,365,90,1.0,0.4,W,rank,5000000.0,fund63,0.4487495523596191,0.09594916116546767,0.21381450000550836,-0.2824571142865415,17.90101532844529,-0.08267534215925464,0.9338108511519689,1704
beta,btc,365,180,3.0,0.4,M,q20,20000000.0,fund63,0.4485466312880419,0.13227461009771127,0.2948960060582171,-0.5181020448828226,14.292374980779764,0.3359190449727266,0.5419664018294165,1704
beta,eqw,365,90,1.0,1.0,W,rank,50000000.0,fund90,0.4484879667492602,0.15194739686255676,0.3387992725064733,-0.42431320493497326,21.58676333005927,-0.013529367758412578,0.8439643641728207,1673
beta,advw,180,90,1.0,0.4,M,rank,20000000.0,fund63,0.4481317134372844,0.1031597569777482,0.23019963525117776,-0.4581543967983779,15.11349361964915,-0.2016510193294481,0.9683981844677372,1704
beta,eqw_top25,365,180,3.0,0.4,W,q20,20000000.0,none,0.44797758151200706,0.22859433911234264,0.5102807563289093,-0.80857177878852,28.783657340379996,0.27824339628110634,0.6784707276608408,2021
beta,eqw_top25,365,180,3.0,1.0,W,rank,5000000.0,none,0.44788039096477356,0.17983163115114678,0.40151708978322026,-0.8477460484533514,17.69385699356826,0.3897605412557028,0.5273901866815046,2021
beta,btc,730,180,3.0,1.0,W,rank,5000000.0,fund90,0.447794804574214,0.1100303245522907,0.24571594718905482,-0.4666286209993936,11.486579588661645,0.1483097577151876,0.767118185652649,1673
beta,eqw_top100,180,90,1.0,0.8,W,q20,50000000.0,fund90,0.4476576627753677,0.18502287698105832,0.41331332481602534,-0.6683038410774289,29.324429561585056,-0.19214338563780672,1.0526749425507023,1673
beta,eqw_top100,180,90,1.0,0.8,W,q20,20000000.0,none,0.44703345508634557,0.22694156554100695,0.5076612565768095,-1.0563728319765198,37.40316905463711,0.4297257496675713,0.4845813394068269,2021
beta,eqw_top25,365,180,3.0,0.6,W,rank,5000000.0,fund90,0.44675222813006343,0.09315421881496488,0.20851427916738846,-0.2529605552655835,13.537001074441605,-0.2355088054237898,1.0512821177949954,1673
beta,sqrt_advw,730,180,3.0,0.4,M,rank,50000000.0,fund63,0.44618550412963387,0.13434050143127968,0.3010866560834048,-0.5651585327877816,13.64556699682647,-0.27558499372757345,1.106611013441271,1704
beta,eqw_top25,180,90,1.0,1.0,W,rank,20000000.0,none,0.446132809299846,0.19564196547581753,0.4385285309611167,-0.9315044752242498,32.381805419083385,0.6074637193283758,0.2714833842289528,2021
beta,advw_top100,180,90,1.0,0.6,M,q20,20000000.0,none,0.4458640277209622,0.16875586471770274,0.3784917692963475,-1.0104383018060217,22.320693623115545,0.2794730091188963,0.641374854905835,2007
beta,advw_top100,365,90,1.0,1.0,W,rank,20000000.0,none,0.4457767736113474,0.1596619685768435,0.3581657413045157,-0.9500163735492582,26.18233649385603,0.19304163580733327,0.7520489097902711,2021
beta,sqrt_advw,365,90,1.0,1.0,W,rank,20000000.0,none,0.445542077492208,0.17858755511010402,0.4008320743021792,-1.070053390209058,27.21584198219641,0.17082571544077357,0.7954388372726549,2021
beta,btceth,365,180,3.0,0.6,M,rank,5000000.0,fund90,0.44545775347725713,0.08486339736955055,0.19050829558382182,-0.23598732762457802,8.239926152652458,-0.13397649339763792,0.9129767893736799,1673
beta,advw_top100,365,90,1.0,1.0,M,rank,20000000.0,fund90,0.44485585447563575,0.12607360895739922,0.2834032815101551,-0.4798655312776566,13.673901943530623,0.1660762000350275,0.7416002040483519,1673
beta,advw,365,90,1.0,0.4,M,q20,5000000.0,fund90,0.44427056791910446,0.10824107652670655,0.24363773867283448,-0.2690170410656472,12.666896089120108,-0.13713420015707045,0.9531763433512309,1673
beta,eqw_top25,365,180,3.0,1.0,W,q20,50000000.0,fund90,0.44423604869919603,0.23461242420565656,0.5281255874948564,-0.7361807867457886,27.457920033883177,0.25414506405079595,0.6111522328940253,1673
beta,sqrt_advw,180,90,1.0,1.0,W,q20,20000000.0,fund90,0.44409075835389816,0.20221190783070497,0.45533914864664055,-0.6620632203297199,27.220068446192958,0.20593564479734372,0.6326652299986709,1673
beta,eqw_top100,180,90,1.0,0.8,W,q20,50000000.0,fund63,0.4438698787937035,0.18851395629360457,0.4247054492769936,-0.6571634114097022,31.312491934724218,0.021066549398454655,0.8299660286774804,1704
beta,advw,730,180,3.0,0.6,M,rank,50000000.0,fund63,0.44367940671478356,0.12120000512079432,0.2731702289682941,-0.44675505621755174,13.281910621282032,-0.20300713177096247,1.0401571212993646,1704
beta,advw_top100,180,90,1.0,0.4,M,rank,20000000.0,fund63,0.44358714495039897,0.10307661741790025,0.2323706144131523,-0.45656514725953096,15.158760782546258,-0.19812013951587967,0.9573760127436299,1704
beta,eqw,730,180,3.0,0.4,M,rank,50000000.0,fund63,0.4431442892263798,0.13323137539914948,0.30065010119331215,-0.5836565132980451,13.531986634764241,-0.2519998084238787,1.0763766978034601,1704
beta,sqrt_advw,180,90,1.0,0.8,M,rank,20000000.0,none,0.44304098046565266,0.13956034338528664,0.3150054950641439,-0.823311991432546,19.53182297244895,0.38382099523068414,0.517219629850081,2007
beta,advw,365,90,1.0,1.0,W,rank,20000000.0,none,0.442914292767745,0.15864485450297114,0.35818409361235304,-0.958556031783792,26.03080035133659,0.17750827882517722,0.7658668172497642,2021
beta,sqrt_advw,180,90,1.0,1.0,M,q20,20000000.0,fund90,0.4427029326111585,0.17151054813649275,0.3874167878782417,-0.46633674983308615,16.638155037952565,0.0579485796027046,0.8396612887067848,1673
beta,btc,365,180,3.0,0.4,M,rank,20000000.0,fund63,0.44218183084142654,0.10408299371135381,0.23538505305225807,-0.41562447484151754,13.018198853659653,-0.020506616150266978,0.7799560868794706,1704
beta,eqw,180,90,1.0,0.4,M,rank,50000000.0,fund90,0.44178629968814015,0.12402066470946778,0.2807254656765381,-0.624058307551483,14.776692258475402,-0.4616551977160955,1.2057788972683188,1673
beta,eqw_top25,365,180,3.0,0.8,W,rank,5000000.0,none,0.4417320111934207,0.15393937376545958,0.3484904192240084,-0.7433586436242319,17.039849476228408,0.3113725125944023,0.6231352638678368,2021
beta,advw_top100,180,90,1.0,0.8,M,q20,20000000.0,fund90,0.4412515890337963,0.14037497268965998,0.31812910407198186,-0.46252158642991176,15.183374634044567,-0.1028477466224031,0.9943212863148143,1673
beta,btc,365,90,1.0,0.8,M,q20,50000000.0,fund90,0.44100606094136613,0.16581915761371163,0.3760019924890739,-0.6257975828396957,14.559590561405257,0.1675304255803873,0.7762000407986094,1673
beta,eqw,180,90,1.0,0.6,W,rank,50000000.0,none,0.4409153622508895,0.152564811441505,0.3460183620336018,-0.846758667987398,30.00211642529731,0.2565272772274975,0.6385941543692775,2021
beta,btc,365,90,1.0,0.4,W,q20,20000000.0,fund63,0.44053252740114507,0.12869364673996325,0.29213199647066224,-0.6004414618301898,25.1537295715093,-0.1821292608018509,0.9904042811437921,1704
beta,advw,365,90,1.0,1.0,M,q20,20000000.0,fund90,0.4405228413095453,0.16776033259741308,0.3808209628783624,-0.506351182023144,15.1482343977309,0.14365743895019684,0.7493362610079796,1673
beta,advw,365,180,3.0,1.0,W,q20,20000000.0,fund63,0.4403205938421761,0.1676981811308379,0.38085473056694197,-0.4911289738277741,23.09107764017222,0.16746731256724984,0.6565027257998025,1704
beta,btceth,365,90,1.0,0.8,M,rank,50000000.0,none,0.4401755728592347,0.15417775545918752,0.3502642240179296,-0.6077425024610188,19.815886050031388,0.3304449977202945,0.6001486484471895,2007
beta,eqw_top25,180,90,1.0,1.0,W,q20,20000000.0,none,0.4400781434299874,0.2867178516861959,0.6515157727477783,-1.3389296484222895,42.48052583792226,0.6724993199917011,0.18637400364470944,2021
beta,btceth,365,90,1.0,0.4,M,rank,50000000.0,none,0.44003706894680944,0.14410367223589438,0.32748075652079495,-0.6468900955449237,20.4769554057289,0.25877741915833724,0.6555797575372138,2007
beta,advw_top100,365,180,3.0,0.8,M,rank,5000000.0,fund90,0.4400274408661178,0.09207362541784592,0.20924518988319213,-0.2535179630345768,8.36231390813471,-0.017254484054315105,0.8396893106632233,1673
beta,advw,730,180,3.0,0.8,M,rank,50000000.0,fund90,0.43990455077116114,0.11520741194177692,0.26189183935427834,-0.36339361621084126,12.134608930540141,-0.08091806901626827,0.9465144419992078,1673
beta,eqw_top100,365,90,1.0,0.6,M,rank,50000000.0,fund63,0.4391597945330618,0.1332110170689054,0.303331540653767,-0.40989254679711856,16.09532334845084,-0.1372918974908556,0.9774524819922815,1704
beta,btceth,365,90,1.0,0.4,M,rank,20000000.0,none,0.43892394466170126,0.11907509205666333,0.2712886674442879,-0.5857230206826745,18.51866633220408,0.13487669372418895,0.8064193318606114,2007
beta,btceth,365,180,3.0,0.4,M,q20,20000000.0,none,0.438865813624969,0.1633756666076179,0.37226792685937,-0.5920894691618896,18.802046773629325,0.33239245877794793,0.5512984325369169,2007
beta,advw,365,90,1.0,0.6,M,rank,5000000.0,fund63,0.43847490641723164,0.09300508406158972,0.2121103914965901,-0.23470888940752366,11.024289447277352,0.2285781048056971,0.6268263832245413,1704
beta,eqw_top100,365,180,3.0,0.8,W,q20,5000000.0,fund63,0.43820190339082027,0.1408087561372808,0.32133305457529543,-0.4551834453280365,19.728489775199005,-0.09950110120669171,0.8845386761448364,1704
beta,eqw_top100,365,90,1.0,1.0,W,rank,20000000.0,none,0.43777083740580575,0.1942362900298947,0.4436939910865765,-1.1404457085051218,28.96476098915437,0.1354287619878588,0.8341957019485124,2021
beta,eqw_top25,365,180,3.0,0.8,M,rank,5000000.0,none,0.4377684471329451,0.13711249621347138,0.3132078090859571,-0.5965923305608429,11.905757752120651,0.16060405349288479,0.7595184980637669,2007
idvol,advw,90,90,,,M,q20,5000000.0,none,0.4377430040268066,0.15677141002119727,0.3581357293641564,-0.9849878576250023,17.83963263932441,-0.024145790114465094,0.9532906052712685,2007
beta,eqw_top25,365,180,3.0,1.0,W,q20,20000000.0,fund63,0.4375146649735349,0.20679238427868094,0.47265246364070956,-0.6277726692548177,28.014621063642288,0.30932486528276537,0.5454481494694083,1704
beta,eqw_top100,365,180,3.0,0.8,M,rank,5000000.0,fund90,0.4374761791368993,0.0992964673056326,0.22697571214399717,-0.2775677868362175,9.156289434448967,-0.01595773193850602,0.8346176273514071,1673
beta,advw,365,180,3.0,0.8,M,rank,5000000.0,fund90,0.43694602230457263,0.09023114932043651,0.20650410969421984,-0.24365984132362695,8.298404272740203,-0.020823831362836838,0.8350045090317118,1673
beta,eqw,365,180,3.0,0.8,M,rank,5000000.0,fund63,0.43675235390678757,0.09561744105446927,0.21892827868965786,-0.3120007565992216,9.430227796399352,-0.13308510942393603,0.9081249834190177,1704
beta,eqw_top100,365,90,1.0,1.0,M,rank,20000000.0,fund90,0.43618925468503933,0.14388774674332444,0.3298745789765544,-0.522023316248044,15.481587577726707,0.1754744535442289,0.6891220246258153,1673
beta,sqrt_advw,365,90,1.0,0.8,M,rank,50000000.0,fund90,0.43583822219679746,0.12814762061024534,0.2940256592556993,-0.4176986823211194,14.526247065311692,-0.08361238934185815,0.9200206623654839,1673
beta,eqw,365,90,1.0,0.6,M,rank,50000000.0,fund63,0.4357106347248465,0.12482110360330304,0.28647706449058374,-0.3486779889921061,15.403711278026176,-0.07453731077722346,0.8996572064623737,1704
beta,eqw,180,90,1.0,0.4,W,rank,50000000.0,fund63,0.4356597886049143,0.13299670844112196,0.3052765298055367,-0.709973341355111,23.37438546458848,-0.5478864612267228,1.330436577017334,1704
beta,sqrt_advw,365,180,3.0,0.6,W,rank,5000000.0,fund63,0.43539172617813726,0.08694957939841184,0.1997042529072706,-0.4103533321927312,13.7505227618472,-0.4193652799713955,1.1714371063185272,1704
beta,advw,365,180,3.0,0.6,W,q20,5000000.0,fund63,0.43539049250021994,0.11158910847091998,0.25629661279492366,-0.419289768092979,17.70535215387466,-0.3173246795729847,1.0551604169855937,1704
beta,advw_top100,365,180,3.0,0.8,W,q20,50000000.0,fund63,0.4348269901422414,0.17413973471024824,0.4004805098535472,-0.5628271442120671,24.980363411695663,-0.021276515916656347,0.8041725465331829,1704
beta,eqw,180,90,1.0,0.8,M,q20,20000000.0,fund90,0.4346490303938649,0.1438537381162412,0.33096528016152615,-0.4586760015666675,15.915762593711069,0.02998064166511144,0.8240170206008767,1673
beta,eqw_top100,180,90,1.0,0.6,M,rank,50000000.0,fund90,0.4344427155638782,0.12595911340708135,0.2899326168781416,-0.5543170153439807,15.289913876938417,-0.31352999757998007,1.1176893393337346,1673
beta,btceth,365,90,1.0,1.0,W,q20,50000000.0,fund90,0.4343258998574531,0.16636834269410883,0.38304955506616417,-0.6166962682040976,24.533281150144425,-0.014421517894800921,0.902510646290856,1673
beta,btc,365,180,3.0,0.6,M,q20,5000000.0,fund63,0.43428962174158553,0.12467481270798167,0.2870775778799675,-0.4750467037070201,11.171022964250838,0.2528129860923094,0.5689992923921632,1704
beta,btc,365,90,1.0,0.6,M,rank,20000000.0,fund63,0.43423190751363,0.09752812271573018,0.22459916240187594,-0.4248518955200553,14.15296422120684,0.37836353126811734,0.4856303420076628,1704
beta,btceth,730,180,3.0,1.0,M,rank,20000000.0,fund90,0.43409787627435614,0.10657400009470426,0.2455068451598412,-0.35883284031375395,11.283268319159976,0.08773239668083654,0.7679986577983002,1673
beta,btc,365,180,3.0,0.4,M,rank,5000000.0,fund63,0.4340840599168985,0.08111094319590981,0.18685538282939426,-0.3718831377289056,9.21900728589914,-0.41522977388060067,1.0467632377624954,1704
beta,btceth,365,180,3.0,0.6,W,q20,5000000.0,none,0.43370124810564964,0.1741237698228424,0.40148321127364106,-0.9224359745120729,22.58942180924216,0.3683261399435515,0.5528873366563755,2021
beta,eqw_top100,180,90,1.0,0.8,M,rank,20000000.0,fund63,0.43357914818263377,0.11703323443724611,0.2699235766475304,-0.5010083262513233,16.280506716589777,0.20340706460256702,0.6438591007672363,1704
beta,eqw_top100,365,90,1.0,0.4,W,rank,5000000.0,fund63,0.4331799128995576,0.09040432232966704,0.2086992485974974,-0.26894509646102605,17.441838708864644,-0.05919278318450525,0.8807949907343448,1704
beta,sqrt_advw,365,90,1.0,0.8,W,rank,20000000.0,fund63,0.4331772053370427,0.11783211311819525,0.2720182679661398,-0.43307258298465956,21.993270574519332,0.11236329382350385,0.7036926579337092,1704
beta,btc,730,180,3.0,1.0,M,q20,5000000.0,fund90,0.4328637028328544,0.14684583877950447,0.33924267111905976,-0.6089289253376811,9.984788751066016,0.007804535338321362,0.8383841790781369,1673
beta,btc,365,90,1.0,0.6,W,rank,50000000.0,none,0.43278604421580663,0.14106116930302515,0.32593742609843884,-0.6399458979662433,27.83582147594825,0.23955173878688066,0.6990705495906264,2021
beta,btceth,365,180,3.0,0.8,W,q20,5000000.0,none,0.43271030029291435,0.19120303870348074,0.44187309286155135,-0.9512865752384194,22.836209586131485,0.448631671079161,0.42937547740471826,2021
beta,sqrt_advw,365,90,1.0,0.8,W,q20,20000000.0,none,0.43234511349951543,0.18753032740194428,0.43375146739609083,-0.9741389000751591,34.12070263119592,-0.22673915950634377,1.1730379358124425,2021
beta,advw,365,180,3.0,1.0,W,rank,50000000.0,fund63,0.4322300940545894,0.135128130315304,0.31263008331446185,-0.44725280307286813,18.996197442366583,0.16584338865714499,0.6523445883569936,1704
beta,eqw_top25,180,90,1.0,0.4,W,q20,50000000.0,fund90,0.4322043827917397,0.18215295959895572,0.42145097748054816,-0.8162589782952318,28.172106301061984,-0.33421590801105955,1.1167460575661756,1673
beta,advw_top100,365,90,1.0,0.6,W,q20,5000000.0,fund63,0.43196226290720235,0.11947539669063162,0.2765875794022736,-0.29365228428054396,20.830021261328422,0.27999138739514784,0.5688905362574871,1704
beta,sqrt_advw,365,90,1.0,0.8,W,rank,20000000.0,fund90,0.4317302241123781,0.11262080814481341,0.26085921683235813,-0.4293591245326117,20.569712345435015,-0.2268726893088726,1.0547895211692766,1673
beta,btceth,730,180,3.0,1.0,W,rank,50000000.0,fund90,0.4316967209857121,0.11302704447855037,0.26182048411317727,-0.3852812446956314,16.256936187907787,-0.06593891004945868,0.9186744588170679,1673
beta,advw_top100,730,180,3.0,0.6,M,rank,50000000.0,fund63,0.4314255423810665,0.11773768894402775,0.27290384406594365,-0.44679385361511204,13.321196354573004,-0.21043089588925523,1.024368566855005,1704
beta,eqw_top25,180,90,1.0,0.4,W,q20,50000000.0,fund63,0.4311632531443277,0.18594398105861368,0.43126119793972967,-0.8971923855570245,29.966273972589516,-0.3064686559544318,1.0870896842489375,1704
beta,eqw,180,90,1.0,0.4,M,rank,50000000.0,fund63,0.4309374144231181,0.12499851507808028,0.29006187649176784,-0.655127896338789,15.937370312459068,-0.378262605087659,1.1340835349053018,1704
beta,eqw,180,90,1.0,0.6,M,rank,50000000.0,none,0.43075005111090137,0.15184571662796267,0.35251468046574486,-0.6917885087467982,21.471366450502792,0.3793862765833012,0.4904583509483195,2007
beta,btceth,365,90,1.0,0.8,M,q20,20000000.0,fund63,0.43055878675439024,0.14496192001161526,0.33668322299112186,-0.5752265779220371,15.599296041737663,0.43383914364982007,0.430280263255574,1704
beta,btc,365,90,1.0,0.4,W,rank,50000000.0,none,0.4304124252595909,0.13735201499055782,0.3191172162553576,-0.6182287238792171,28.425673405922204,0.18154744867211906,0.7322082831172861,2021
beta,advw_top100,365,180,3.0,1.0,W,rank,50000000.0,fund63,0.4298559354331596,0.13573354492317696,0.31576519883667586,-0.4668641907467136,19.109767683635418,0.18342920027597256,0.6348247701546469,1704
beta,btc,365,180,3.0,0.6,M,q20,50000000.0,fund63,0.42926264537311903,0.1608858601516994,0.3747958549056974,-0.5853995170585388,14.55473902701654,0.6129461485700597,0.2775705625405135,1704
beta,eqw_top25,365,90,1.0,0.6,M,rank,5000000.0,fund90,0.42916416207963487,0.0957606086941686,0.2231328175916036,-0.27703581409325123,11.32053777658344,0.1363029116446833,0.7231975159230526,1673
beta,advw_top100,365,90,1.0,1.0,W,rank,50000000.0,fund63,0.42879235864651255,0.13610043275788383,0.3174040535318452,-0.4567695307204519,22.02246643035471,0.2016689501997737,0.6335255118874311,1704
beta,eqw_top25,365,180,3.0,1.0,M,rank,5000000.0,none,0.4285869043156971,0.1579996256160002,0.36865248103711923,-0.7012380614674901,12.35838144719199,0.24093924655447968,0.6381026686047465,2007
beta,advw_top100,365,90,1.0,0.8,W,rank,20000000.0,fund63,0.4283453062949097,0.11099259631082861,0.259119440973661,-0.4392960522922423,21.236818793520264,0.1513080928909748,0.6674183567155599,1704
beta,eqw,180,90,1.0,0.8,W,rank,50000000.0,none,0.4281304703584466,0.15650521069041654,0.3655549453403412,-0.8566638414996622,30.331991521936192,0.3040531675503862,0.5682325926866764,2021
beta,sqrt_advw,365,90,1.0,0.6,W,q20,20000000.0,none,0.42812591118397075,0.16968056992567201,0.39633333440721896,-0.8835433852249808,33.30594164436648,-0.3350714020123052,1.2799577166691163,2021
beta,sqrt_advw,365,180,3.0,0.8,W,rank,20000000.0,fund63,0.42780845567719505,0.11060483287057418,0.25853821120831605,-0.32941212098201567,18.571163978189606,0.051698690764332395,0.7367740582066611,1704
beta,btc,730,180,3.0,1.0,W,rank,50000000.0,fund90,0.4276854717698418,0.11427624427537933,0.2671969281595726,-0.41457256079389404,16.047113638136885,-0.213611135568649,1.12140582379173,1673
beta,advw_top100,730,180,3.0,0.8,M,rank,50000000.0,fund90,0.4275954688549743,0.11201139720332998,0.2619564643733874,-0.3591180208481491,12.188297951011096,-0.08319259695525115,0.9260224408828711,1673
beta,sqrt_advw,180,90,1.0,0.6,M,rank,20000000.0,fund90,0.42757118920359627,0.09576552949701897,0.22397563707553353,-0.46572090726176535,14.23977319769198,-0.27466952583642157,1.0387930349135235,1673
beta,eqw_top25,180,90,1.0,0.4,W,rank,20000000.0,fund63,0.4269804430644287,0.1244607686529665,0.29149056045685473,-0.5845955071293023,23.76822829051577,-0.35816623685576526,1.0235253751600928,1704
beta,eqw,180,90,1.0,0.8,W,q20,50000000.0,fund90,0.4267831749452636,0.16866904585226303,0.3952101576494795,-0.5941509763765357,28.529827488255748,-0.2325897335992124,1.0393293463571307,1673
beta,sqrt_advw,180,90,1.0,0.6,M,rank,50000000.0,fund90,0.42676476653994855,0.11679830807608711,0.2736831089010575,-0.5326192729707991,14.705519114061913,-0.37350048027053945,1.136998014524874,1673
beta,eqw_top25,365,180,3.0,0.6,M,rank,5000000.0,none,0.4265038168008519,0.12119381829174923,0.2841564682839367,-0.5522185133570741,11.564072691723219,0.06153988841795284,0.8418319530179463,2007
beta,advw,365,180,3.0,0.4,W,q20,5000000.0,fund90,0.42607427170531215,0.10340428423409458,0.24269074924479972,-0.47865380935664814,16.206118206165133,-0.5344619216429414,1.1984792306738254,1673
beta,advw,365,90,1.0,1.0,M,rank,20000000.0,fund90,0.426034312498253,0.11990707152791107,0.2814493293387085,-0.4787688715457491,13.58539148535655,0.16589424481655562,0.697108762932957,1673
beta,advw,365,180,3.0,1.0,W,q20,50000000.0,fund90,0.4259291901775941,0.17792726262646427,0.41773906726673565,-0.6099458639010265,23.544146753302815,0.240509699811591,0.5819531969724219,1673
beta,eqw,180,90,1.0,1.0,W,q20,20000000.0,none,0.4255592795679023,0.25296476364863274,0.5944289686397723,-1.244307069605288,37.69589867537828,0.3968087284015991,0.46285612504284085,2021
beta,eqw,365,90,1.0,0.8,W,rank,20000000.0,none,0.4251636663583896,0.15842885308277982,0.37263027304227125,-0.9939313719091873,26.338172792897424,0.07941071602832593,0.920637274727438,2021
beta,btceth,365,180,3.0,1.0,M,q20,50000000.0,none,0.4251500960665551,0.23846032272155418,0.560885026083175,-1.2437779596199756,22.665039683818815,0.28204747779284356,0.6218189905888312,2007
beta,advw,365,90,1.0,0.8,W,rank,20000000.0,fund63,0.4251103598665173,0.10985388201736264,0.2584126203178305,-0.4360530662027198,21.122182287780753,0.14126692267196525,0.667630348522568,1704
beta,eqw_top100,365,180,3.0,0.8,W,rank,20000000.0,none,0.42506070061049483,0.1729999169728928,0.40700049833922797,-0.7521061945298636,22.372673392187426,0.1620911676042444,0.8409093480643012,2021
beta,eqw_top100,365,90,1.0,0.8,M,rank,50000000.0,fund90,0.42492568297460237,0.13349907073012485,0.3141703975047892,-0.45715673587742545,15.288104675697166,-0.1067384870686419,0.9290119751649442,1673
beta,btceth,365,90,1.0,1.0,M,q20,50000000.0,fund63,0.42486237035317176,0.17348208052843878,0.40832536047904117,-0.6121279072691614,16.139842535131553,0.50409943575835,0.3572930053595974,1704
beta,btc,730,180,3.0,0.8,W,q20,20000000.0,fund63,0.42475532961207796,0.1720013932758433,0.40494228390949044,-0.7697319119797775,22.583346211205733,0.31212778133937424,0.5131168701032631,1704
beta,eqw_top100,730,180,3.0,0.8,M,rank,50000000.0,fund90,0.4245959109096744,0.12727123802679935,0.29974673508778593,-0.43451017916450874,13.42525244810215,-0.09567079805229162,0.9350193149786489,1673
beta,eqw_top25,180,90,1.0,0.8,W,rank,20000000.0,none,0.42430389581036504,0.1605463321981035,0.3783758145597059,-0.8054739124476081,30.90493950413991,0.5281352161253967,0.31048353179271604,2021
beta,sqrt_advw,365,180,3.0,0.8,W,rank,20000000.0,fund90,0.4242073814672788,0.10445875402309183,0.24624454591474199,-0.3116292887813708,17.202819293076033,-0.09028022822553572,0.8692112817053933,1673
beta,sqrt_advw,365,90,1.0,0.6,M,q20,5000000.0,fund90,0.4239846618249859,0.11699945215195047,0.2759520866824328,-0.36593798670094607,12.899153374373434,0.09365767606996835,0.7257379583250012,1673
beta,eqw_top100,730,180,3.0,0.6,M,rank,50000000.0,fund63,0.4239722024889174,0.12891623923645626,0.304067668775587,-0.5159119328429074,14.178264644355185,-0.21819137543661976,1.0329858713721778,1704
beta,advw_top100,365,90,1.0,0.8,W,rank,20000000.0,fund90,0.4239269668025599,0.10515918269714153,0.24805966813174787,-0.4358121443425231,19.894014631291643,-0.2331322374193359,1.0973953492905804,1673
beta,eqw,365,180,3.0,0.4,W,rank,5000000.0,fund90,0.42390029400317,0.07973700713426206,0.18810321262401805,-0.3992361349233107,12.525529891444707,-0.5034551653465883,1.1876152012028394,1673
beta,sqrt_advw,180,90,1.0,0.4,M,rank,20000000.0,none,0.42333604540439945,0.12425992078254686,0.2935254914658762,-0.7411905613859919,19.309543949827752,0.2279233622565868,0.6322180986095527,2007
beta,btceth,365,90,1.0,0.6,M,rank,20000000.0,none,0.4232555770993979,0.11944214789723612,0.2821986392141176,-0.6462587718584765,18.20057743340191,0.2003413518151861,0.7167102851604921,2007
beta,advw,180,90,1.0,0.4,M,rank,20000000.0,fund90,0.4232053915842963,0.09464222934015708,0.22363190834090715,-0.44509384537885033,14.02666066377105,-0.4633460444099836,1.120059736013684,1673
beta,advw,180,90,1.0,1.0,M,q20,20000000.0,fund63,0.42303058433321117,0.15641606043693085,0.36975118639111354,-0.5501450156420626,16.43442355959308,0.3420455844380975,0.49997867362950044,1704
beta,eqw,365,180,3.0,0.8,W,q20,5000000.0,fund63,0.4228045995036809,0.1242232517275722,0.29380771134797157,-0.3683297732791019,18.579680402915105,-0.14425380897016848,0.8983557535456876,1704
beta,eqw_top100,180,90,1.0,0.6,M,rank,50000000.0,fund63,0.4223794443638354,0.12624455098669457,0.29888895558550943,-0.5912220280927567,16.468057331517212,-0.23733112117121324,1.0292681195840903,1704
beta,eqw,180,90,1.0,0.8,W,q20,20000000.0,none,0.4222746576093595,0.2194161910778104,0.5196053969234149,-1.1219446665924282,36.270650221437556,0.3184305113227604,0.5522906164451936,2021
beta,btceth,365,180,3.0,0.6,M,rank,20000000.0,fund63,0.42227455845138717,0.0996126753633255,0.23589551719297588,-0.4101921913955447,12.88001024582263,0.3590761476992488,0.4775419804768978,1704
beta,advw_top100,365,90,1.0,0.8,M,rank,50000000.0,fund63,0.42205704221039664,0.12091685180167988,0.28649409844795926,-0.46886591384928156,15.075931058886642,0.05870634484291189,0.7607920083180872,1704
beta,sqrt_advw,180,90,1.0,0.6,M,rank,50000000.0,fund63,0.42198856392530226,0.11895880425534738,0.2819005404999665,-0.5698419839307692,15.835463754746616,-0.2608885316866147,1.0333970456842005,1704
beta,eqw_top100,180,90,1.0,0.8,M,rank,50000000.0,none,0.42184190432258306,0.16363470923881634,0.38790529713161126,-0.6760412996933881,22.548063768660167,0.3728649311665277,0.47933912931607425,2007
beta,eqw_top25,365,90,1.0,0.6,W,q20,5000000.0,fund90,0.4216172347862592,0.12159764675918897,0.2884076757935037,-0.29692778471886416,21.942165428869362,0.014411515172330759,0.8359078829342189,1673
beta,advw_top100,180,90,1.0,0.4,M,rank,20000000.0,fund90,0.42153957898290373,0.09521140566162596,0.22586587454338994,-0.44265164688885905,14.069854579416555,-0.4551689439824505,1.1121910615518087,1673
beta,advw,365,90,1.0,1.0,W,rank,50000000.0,fund63,0.42131142433524066,0.1332543366768373,0.31628465068824196,-0.4486755065507799,21.858744761736585,0.17590367201617818,0.640584572488953,1704
beta,btceth,365,90,1.0,1.0,M,rank,50000000.0,none,0.4211284776671317,0.1621572963783868,0.3850542173653692,-0.6151497865197795,19.69944711405726,0.3458909006137317,0.5390846877701443,2007
beta,btc,365,180,3.0,0.4,W,q20,5000000.0,fund90,0.420937981839565,0.09917869167996426,0.23561354869080192,-0.39059345843617865,16.289117791279413,-0.2528604960860989,0.9507674553763884,1673
beta,btc,365,90,1.0,0.8,W,rank,50000000.0,none,0.42047197946256304,0.1492986885951797,0.3550740498475299,-0.6852090335474863,27.50139074309337,0.28032365065539905,0.6396102645155312,2021
beta,sqrt_advw,365,90,1.0,1.0,W,q20,20000000.0,none,0.42042877262855155,0.21116588606185507,0.5022631651531136,-1.1053436947980688,35.45166735462018,-0.12670333064803763,1.0180664880029808,2021
beta,eqw,365,180,3.0,0.8,W,rank,20000000.0,fund63,0.4198560057054792,0.10697750268267953,0.25479569478332564,-0.32871872681821085,18.447823805337535,-0.009472611181104588,0.7681193065882105,1704
beta,eqw_top100,365,180,3.0,0.6,W,rank,20000000.0,none,0.41927031015996663,0.16017904183031012,0.38204241499760877,-0.7167501162435322,21.809376236526084,0.08849902732728943,0.9233247245540104,2021
beta,advw,365,90,1.0,0.8,W,rank,20000000.0,fund90,0.4192570466855262,0.10375084313705422,0.2474635643151754,-0.4325553331213795,19.77568826582611,-0.24015709099282723,1.0815087387069524,1673
beta,eqw_top100,365,90,1.0,0.6,M,rank,5000000.0,fund90,0.41919281501207717,0.09039313447216425,0.2156361732239136,-0.29482303088518574,10.91989501417554,0.1344520871989774,0.6983973059126537,1673
beta,eqw,180,90,1.0,0.8,M,rank,50000000.0,none,0.4188816636612735,0.15695204978844662,0.3746930539202716,-0.6760806233996552,21.660216154638878,0.40408524257794154,0.43990194298652996,2007
beta,sqrt_advw,365,90,1.0,1.0,M,rank,20000000.0,fund90,0.41885596439693085,0.1269923687845356,0.30318863661731377,-0.4873895269890021,14.39567383382128,0.1853661816349699,0.6419572122614854,1673
beta,btceth,365,90,1.0,1.0,M,q20,50000000.0,fund90,0.4178144504538186,0.16297808747581713,0.3900728835462603,-0.6193635529824282,14.84304845582174,0.19537618900449935,0.6572800012484923,1673
beta,advw_top100,365,90,1.0,0.8,W,q20,20000000.0,none,0.417148148530953,0.1713951417737324,0.4108735526630645,-0.8760189470234842,33.30274503660126,-0.25275604971773274,1.1570243433002483,2021
beta,eqw_top100,180,90,1.0,0.6,M,rank,50000000.0,none,0.4171417481914227,0.15230713963076128,0.36512082593293654,-0.7482899493299178,22.061670808011066,0.33624535358687974,0.5057555345855907,2007
beta,eqw,730,180,3.0,1.0,W,q20,5000000.0,fund63,0.4162789466573554,0.1427689866336722,0.34296470619059966,-0.5983809031818637,17.940775202107858,0.17905619791403454,0.6057293491096052,1704
beta,sqrt_advw,180,90,1.0,0.8,W,q20,50000000.0,fund63,0.41624218443906535,0.167956240877731,0.40350605286216124,-0.5668383326107109,30.206696296961123,0.11136249475695335,0.6951731154505464,1704
totvol,advw,90,90,,,W,q20,20000000.0,none,0.4160698404811562,0.1932848232115256,0.4645489877084216,-0.8847787133518374,32.28157986895171,-0.4220717156630604,1.4663721960033897,2021
beta,eqw,180,90,1.0,0.4,W,rank,50000000.0,none,0.4160559358275126,0.1478350244873508,0.3553248776352992,-0.8513979645955643,29.91430102842623,0.1885365334541012,0.6460331377464141,2021
beta,btceth,365,90,1.0,0.4,W,rank,50000000.0,fund63,0.4160155226236221,0.11366691366057334,0.2732275780089344,-0.42795880449128243,21.91215319901342,-0.0870267975819978,0.8994360600849189,1704
beta,eqw_top25,365,90,1.0,0.4,W,rank,5000000.0,fund90,0.4157453557447747,0.08591309490320652,0.20664835750071106,-0.2673945821518278,16.56388635836161,-0.06637513239083252,0.8629240474260732,1673
beta,advw,180,90,1.0,0.4,W,q20,20000000.0,fund63,0.41574457003979765,0.1317358522331297,0.31686728276575954,-0.8208892457166288,26.312884759547508,-0.2636318687464865,1.0033401437418028,1704
beta,eqw,365,180,3.0,0.8,W,rank,20000000.0,fund90,0.4157145584505123,0.1007226608721402,0.24228802870787713,-0.29357706892727686,17.089038292043426,-0.15084903130133873,0.8916422450454936,1673
beta,eqw_top100,180,90,1.0,0.4,W,rank,50000000.0,fund90,0.41523830297247394,0.12974109485099866,0.3124497280772269,-0.6977499835445652,22.138847253325903,-0.6738863055892612,1.4270381031343278,1673
beta,sqrt_advw,365,180,3.0,1.0,M,q20,5000000.0,none,0.41512389139111555,0.1899503401686614,0.4575750615849201,-0.8713872558267712,15.379955522650853,0.26008754699519226,0.589113747206827,2007
beta,eqw_top100,180,90,1.0,1.0,W,q20,20000000.0,fund63,0.4150953922409938,0.18203761975735883,0.4385440627865905,-0.5392917132995818,31.048675818629928,0.3887863673560949,0.4396082247455348,1704
beta,btceth,365,180,3.0,1.0,W,q20,5000000.0,none,0.41496798660043244,0.20813890852668968,0.5015782307253114,-1.0435747722347508,23.314181595503996,0.5035609305683237,0.3036003152460235,2021
beta,sqrt_advw,180,90,1.0,1.0,M,rank,20000000.0,none,0.4149415860061994,0.149265987887714,0.3597277133015149,-0.9213877668768712,19.86366563119667,0.42525093098054056,0.40567691925308463,2007
beta,sqrt_advw,180,90,1.0,0.8,M,rank,50000000.0,none,0.4148796906559621,0.15184354606325834,0.36599416525590833,-0.6471482752148794,21.52815401646628,0.3953510338375001,0.43989326232221043,2007
beta,eqw_top25,365,180,3.0,0.6,W,rank,5000000.0,none,0.41404608967919915,0.1327287946965487,0.3205652655707636,-0.6574512862176318,16.53874524741303,0.21403438771944402,0.6826965057478852,2021
beta,advw_top100,365,90,1.0,0.6,W,q20,20000000.0,none,0.4137800870960591,0.15688273842287845,0.3791452109836742,-0.8083653446733117,32.861919549933106,-0.37327471843869325,1.2640188838254351,2021
beta,eqw_top25,180,90,1.0,0.8,M,rank,20000000.0,fund63,0.4133421207290293,0.11878664172768234,0.28738092676878224,-0.5221926558559411,17.238018741880452,0.3287332360989588,0.492463490779645,1704
beta,eqw_top100,365,180,3.0,1.0,W,rank,20000000.0,none,0.41326650380170166,0.1881453547037605,0.45526398334484564,-0.8644215404755343,23.152405190007087,0.2267384479583727,0.6990300346175062,2021
beta,sqrt_advw,365,90,1.0,0.6,M,rank,5000000.0,fund63,0.41319412059499644,0.08913367261605834,0.21571863725385665,-0.2567767253478781,11.360452680584444,0.17770564209846568,0.6250034533746786,1704
beta,eqw_top100,365,90,1.0,0.4,W,q20,5000000.0,fund90,0.4130965496933745,0.1083410890987818,0.26226578067330547,-0.267374437942716,20.120623438717967,0.011064481085788813,0.7850981989384164,1673
beta,sqrt_advw,365,180,3.0,0.6,W,rank,20000000.0,none,0.41261204281863273,0.14658804292818972,0.35526845490698333,-0.6718985632542152,21.06144773200395,0.07989060126109945,0.8976313775318325,2021
beta,sqrt_advw,180,90,1.0,0.6,M,rank,50000000.0,none,0.41251738334141597,0.14397856614400406,0.34902423984601294,-0.7119574712802698,21.359704931884234,0.3558488402318731,0.47650399569634694,2007
beta,eqw_top25,180,90,1.0,0.4,W,q20,50000000.0,none,0.4123918400646343,0.20295544152665795,0.4921422341791455,-0.8650806589832504,40.23991537864101,0.4445874905018097,0.38022320426164635,2021
beta,advw_top100,365,180,3.0,0.8,W,rank,20000000.0,none,0.4121838894587377,0.14314890425945462,0.3472937878465644,-0.6449520179548873,20.84975050091658,0.2302857681112711,0.6702260666092519,2021
totvol,advw,90,90,,,W,rank,20000000.0,none,0.41196898679139876,0.14308844079711167,0.3473281858218244,-0.6138647308720061,23.597485038844102,-0.4942423407555771,1.5239752281098071,2021
beta,eqw,180,90,1.0,0.6,M,rank,20000000.0,fund63,0.41184023266552006,0.09376280121815297,0.22766790075680468,-0.47499315429975736,15.226374292148451,0.004732759062811668,0.7586841728544096,1704
beta,advw_top100,365,90,1.0,0.6,M,rank,5000000.0,fund90,0.41162727358861473,0.08417527462892355,0.20449391969359476,-0.2475277510144251,10.205865438509747,0.16670966793864128,0.6618466598989616,1673
beta,advw,365,180,3.0,0.8,W,rank,20000000.0,fund63,0.4113315295786854,0.10319380176441793,0.25087744153752634,-0.3182772957484713,17.907061073550025,0.12503367736350474,0.6407895903884919,1704
beta,advw,365,180,3.0,0.8,W,rank,20000000.0,none,0.4109620087053684,0.14251094490607683,0.3467740128948206,-0.6528593883452491,20.703087695290122,0.21829806282349581,0.6859287915017324,2021
beta,advw,365,180,3.0,0.6,W,rank,20000000.0,none,0.4109288993405759,0.1374049874567616,0.33437654951320667,-0.6429134746775719,20.77477098599555,0.1532704262732181,0.7662516031646873,2021
beta,advw_top100,365,180,3.0,0.6,W,rank,20000000.0,none,0.41075253071303247,0.1374262865339951,0.3345719776709213,-0.6316290816985648,20.904663421138107,0.16489126021884062,0.7479802089911115,2021
beta,btceth,365,180,3.0,0.4,W,q20,5000000.0,none,0.4106695971346641,0.15785280752094036,0.38437909361276207,-0.9130412697305107,22.553233760851377,0.26015522669742536,0.6415036318820792,2021
beta,btc,730,180,3.0,0.8,W,q20,20000000.0,fund90,0.41050418033041264,0.16267253724603123,0.39627498339991807,-0.7974399184634444,20.883237660783376,0.18690606942352403,0.5724433767294754,1673
beta,advw_top100,365,180,3.0,0.6,W,rank,5000000.0,fund90,0.41040896659837955,0.0772073892296063,0.18812305654413333,-0.2600437658537412,12.334704538343415,-0.32117509290906515,1.0328972853721399,1673
beta,advw_top100,365,180,3.0,1.0,W,q20,20000000.0,none,0.4102636595199474,0.21853273143320243,0.5326641206508741,-0.8371706055873525,28.54680753199126,0.1933800636875952,0.7176784437885829,2021
beta,eqw_top100,365,180,3.0,0.8,M,q20,5000000.0,fund90,0.40988243626610593,0.12707940431188,0.3100386673543066,-0.4167959218646098,11.850885626439739,-0.07130053464734307,0.8070714181964908,1673
beta,sqrt_advw,365,180,3.0,0.8,W,rank,20000000.0,none,0.4098111981700014,0.15303215305699086,0.3734211113321231,-0.713460241034031,21.279828526760497,0.14963312228752254,0.8002562843553382,2021
beta,eqw_top100,180,90,1.0,0.6,W,q20,20000000.0,none,0.40976531608397404,0.19028951327562338,0.4643865788695179,-1.0771010072007772,35.93969301574926,0.3289395795432541,0.5313091825600894,2021
beta,btceth,365,90,1.0,0.6,W,rank,50000000.0,fund90,0.4096014794616947,0.10334108774613081,0.2522966662179625,-0.3271690948258099,19.743563022718977,-0.2618844511642867,1.1026160660472708,1673
beta,eqw_top100,180,90,1.0,0.4,W,rank,20000000.0,fund63,0.40943439444080865,0.11006000067299804,0.2688098561512258,-0.6416271207548313,22.995296313252737,-0.4903874111174401,1.1526360244916916,1704
beta,eqw,365,90,1.0,0.8,M,rank,50000000.0,fund90,0.4092972392732693,0.12058489917443324,0.2946144943184534,-0.38443627473909747,14.416643626838148,-0.09267538941413019,0.8577491401880472,1673
beta,btceth,365,180,3.0,0.4,M,q20,5000000.0,fund90,0.4087938513088646,0.10178356861924891,0.2489850771809829,-0.4134672848204427,10.389863501736695,-0.15281051359696815,0.8017638813207218,1673
beta,advw_top100,365,90,1.0,1.0,W,q20,20000000.0,none,0.407927045603327,0.190226045513556,0.46632369087519154,-0.9988147612400431,34.12526379856199,-0.14894624468383616,1.0175420619858933,2021
beta,eqw_top25,365,90,1.0,0.8,M,q20,5000000.0,fund63,0.4076721448207179,0.15706166288844206,0.38526464190363824,-0.43953613020306215,16.052427636134595,0.23854182558272105,0.5549032002689654,1704
beta,sqrt_advw,180,90,1.0,0.4,W,rank,50000000.0,fund90,0.4076286753382273,0.12142541439881306,0.2978824154067696,-0.6864419546290303,21.7382727131781,-0.6897358024699448,1.4081156473618752,1673
beta,advw_top100,365,180,3.0,0.8,W,q20,20000000.0,none,0.40759057711992014,0.19987870285066134,0.4903908825935727,-0.8156741421643378,27.96016099778028,0.13616340326444,0.8119507905909291,2021
beta,btc,365,180,3.0,0.6,W,q20,5000000.0,fund63,0.407411018569499,0.11125553861405862,0.2730793560878616,-0.47096139997634134,17.648253992381388,0.2659052505635307,0.5196156318061779,1704
beta,btceth,365,90,1.0,0.8,M,rank,20000000.0,fund63,0.40739324828560985,0.10138923387029389,0.2488731325248013,-0.422433513160472,14.06307108758518,0.4780570215381844,0.34847656465803367,1704
beta,sqrt_advw,730,180,3.0,0.6,M,rank,50000000.0,fund63,0.40734582178223494,0.11762322442834262,0.2887552004675364,-0.47144701379901177,13.648724783420104,-0.17613817227873277,0.9553944582399269,1704
beta,advw_top100,180,90,1.0,0.4,M,q20,20000000.0,none,0.4069278407309888,0.15462957591910992,0.37999261894034964,-0.9886202350146532,22.348424949113376,0.1688960357106652,0.6644554851015153,2007
beta,sqrt_advw,365,180,3.0,1.0,M,q20,5000000.0,fund63,0.40681528097813685,0.14861290130370744,0.3653080605683891,-0.5193063741995865,12.496438274133528,0.13413167668238374,0.6117689733594291,1704
beta,advw_top100,365,180,3.0,0.8,W,rank,20000000.0,fund63,0.406780104139177,0.10300196634320653,0.25321289142490877,-0.3256645926129579,18.0622376352836,0.13796617335483366,0.6228174837041831,1704
beta,eqw_top25,365,180,3.0,1.0,M,q20,5000000.0,fund63,0.40660568453996354,0.176651291001005,0.43445356943513824,-0.582877077549158,14.28938272656006,0.1471123198950424,0.6112142381078818,1704
beta,eqw,180,90,1.0,0.6,M,rank,20000000.0,none,0.40629122281135527,0.11963858738834365,0.29446510451418967,-0.7667288497245298,19.266416623329317,0.27011376855158703,0.5708718457707532,2007
beta,advw_top100,365,180,3.0,0.8,W,rank,5000000.0,none,0.4060464888698006,0.12482603174599546,0.30741807937667237,-0.6973305660106455,15.279481667142525,0.2541436248430184,0.6170261762267399,2021
beta,btceth,365,180,3.0,0.4,W,q20,5000000.0,fund90,0.40604034023433216,0.0960030923654546,0.23643732617810762,-0.4146516805978526,16.41135349472845,-0.4209979391569123,1.0667872878349351,1673
beta,eqw_top100,365,90,1.0,0.8,M,q20,5000000.0,fund63,0.4060322233700156,0.1487835921371639,0.36643296658151675,-0.4978313871174377,15.10645345544646,0.290767159844977,0.5041390134926623,1704
beta,advw_top100,365,180,3.0,0.8,W,q20,50000000.0,fund90,0.40588072606691844,0.15959598103099823,0.3932090655733312,-0.5295953429138464,23.11929651393272,0.034631190078292434,0.7195532098195323,1673
beta,btc,730,180,3.0,1.0,W,q20,50000000.0,fund63,0.4048383150409618,0.1496850913725305,0.36974042676120034,-0.7761936736160261,23.27091631616401,-0.17252287223389828,0.9344005265250013,1704
beta,advw_top100,180,90,1.0,0.4,W,q20,20000000.0,fund63,0.4046533804845214,0.12872080350023976,0.31810139172966456,-0.7818559806507845,26.658013409873153,-0.27097146551363327,0.9825739589678407,1704
beta,sqrt_advw,730,180,3.0,1.0,W,q20,5000000.0,fund90,0.40436531916150986,0.1339330771533068,0.33121801204670526,-0.6023946740004907,16.758045739744695,0.17692296236040103,0.5972513980895676,1673
beta,eqw_top25,365,90,1.0,1.0,W,rank,50000000.0,fund63,0.4039881333540775,0.16020581285746907,0.3965606898583227,-0.5316355681130394,26.36316230143908,0.180632830058341,0.6126937225935285,1704
beta,btceth,365,180,3.0,0.6,W,rank,5000000.0,fund63,0.40398647600810605,0.08069315843817859,0.1997422271050466,-0.3639138504692208,13.395746843273786,-0.2880551413690457,0.9120034314410906,1704
beta,eqw_top25,730,180,3.0,0.8,M,rank,50000000.0,fund63,0.40395340148934955,0.13059000249496025,0.3232798684538452,-0.516216463129528,15.244514966730247,-0.1068062076176449,0.9013444318809917,1704
beta,eqw,180,90,1.0,0.4,M,rank,50000000.0,none,0.40383884162389166,0.14452760381553623,0.35788435613169545,-0.7912566634074911,21.449985934978734,0.32865328260588256,0.4829648325194613,2007
beta,advw_top100,365,90,1.0,0.6,M,q20,5000000.0,fund63,0.4037013196815448,0.1155225511216496,0.2861584678811014,-0.3111472198362817,13.660041108915904,0.14548987254180074,0.619556575672181,1704
beta,eqw,365,90,1.0,1.0,M,rank,20000000.0,fund63,0.40328450067321586,0.12724738533658217,0.31552758691237565,-0.47050029599681775,15.253936651252914,0.507917704895422,0.3263073744072034,1704
beta,eqw_top25,365,90,1.0,1.0,W,rank,5000000.0,none,0.4031182059411724,0.16687295500665233,0.4139553921089942,-1.0661409125358594,24.085352885439878,0.4171479927359214,0.3884081392196806,2021
beta,eqw_top25,180,90,1.0,0.6,W,q20,50000000.0,fund63,0.4024372435587064,0.170690581631851,0.42414211001559826,-0.764770330911316,31.027789820970018,-0.1670687814386287,0.923415096730397,1704
beta,btc,365,90,1.0,1.0,W,rank,50000000.0,none,0.4020906703692666,0.16142106042007778,0.4014543791126367,-0.7536522061099515,27.391339490855806,0.31099475709232,0.5648922217703177,2021
beta,eqw,730,180,3.0,0.6,M,rank,50000000.0,fund63,0.40203702587108375,0.11578640308178947,0.28799935237536367,-0.48234750912770885,13.527708951633482,-0.15517475391314492,0.9210354154006412,1704
beta,eqw_top100,365,90,1.0,0.4,W,rank,5000000.0,fund90,0.40194879838491565,0.08103661499422428,0.20160929780071563,-0.26421669096270606,16.117411482629873,-0.0462021737443914,0.8102829119328835,1673
beta,eqw,180,90,1.0,1.0,W,q20,20000000.0,fund63,0.40180777311405264,0.18705522009142028,0.4655341001537192,-0.7270658288964754,29.188736794234092,0.47068699927668967,0.36910773834661653,1704
beta,eqw_top100,365,180,3.0,0.6,W,rank,5000000.0,fund90,0.40179584080948844,0.08109509160531302,0.20183158551848787,-0.3059769518126524,13.028375149120656,-0.3103908463644768,1.017255378014181,1673
beta,sqrt_advw,365,90,1.0,1.0,W,rank,50000000.0,fund63,0.4017294015425668,0.13939208957120905,0.34698005432504847,-0.4412574652439238,23.27733842358216,0.18924876047981534,0.5850676608492439,1704
beta,advw,365,90,1.0,0.6,W,q20,5000000.0,fund63,0.4017089649493338,0.1098346746176426,0.27341852983414416,-0.28460049603540355,20.992100406098604,0.31106396819434345,0.483647865853941,1704
beta,advw,365,90,1.0,0.8,M,rank,50000000.0,fund63,0.40120373193536935,0.11465126150257464,0.2857681830363532,-0.4617868680336371,14.993227501986949,0.05802084145355589,0.7197539842868091,1704
beta,advw_top100,365,180,3.0,1.0,W,rank,20000000.0,none,0.40071942296811874,0.14994666977064333,0.37419366563265655,-0.7085400226840707,20.917548747785375,0.2813425199211116,0.5689222076465174,2021
beta,advw_top100,365,90,1.0,0.4,W,rank,5000000.0,fund63,0.4007119351079745,0.07806750635758139,0.1948220143144615,-0.22073213424955426,16.84393810515461,-0.009383395097606278,0.7708462196285181,1704
beta,btc,730,180,3.0,0.8,W,q20,5000000.0,fund63,0.4005394353044182,0.12356703143792652,0.308501537043445,-0.6125462191673839,16.965854887246834,-0.09332489613973036,0.8096155702081143,1704
beta,eqw_top25,365,90,1.0,0.8,M,rank,50000000.0,fund63,0.4002719972274073,0.1340151383460499,0.33481017726531487,-0.48505771624890254,17.351281896521225,0.03489471964691697,0.7538039868091745,1704
beta,btc,365,180,3.0,0.4,M,q20,5000000.0,fund90,0.40019928063037163,0.09948981473217185,0.24860068357809398,-0.4792403630261522,10.134664467089745,-0.3303870569771808,0.9213209029908457,1673
beta,advw_top100,365,180,3.0,0.6,W,rank,5000000.0,none,0.399901218257104,0.11597444071931207,0.29000772046848305,-0.6531576176538273,15.315409902274753,0.17503118595593856,0.7042662535435812,2021
beta,btceth,365,180,3.0,0.6,M,q20,20000000.0,none,0.3995717654581589,0.1516262947767142,0.37947199448103075,-0.638192305390263,18.651696661861173,0.38470562480015424,0.4174759519652036,2007
beta,advw,365,180,3.0,0.6,W,rank,5000000.0,fund90,0.399210877791877,0.0744136560079775,0.18640187466728303,-0.2650583512229917,12.264588328993101,-0.33032910785474173,1.0195257024937636,1673
beta,eqw_top100,180,90,1.0,1.0,M,rank,50000000.0,none,0.39845643073742926,0.17581013122432398,0.44122799298018495,-0.6520998632050791,23.276817489676684,0.38983636783509895,0.40978921767247,2007
beta,advw,365,180,3.0,0.8,W,rank,20000000.0,fund90,0.39845544250881576,0.09559496674395411,0.23991381857417865,-0.3247324399422272,16.597147305544055,-0.05991485847436384,0.7936222300966368,1673
beta,eqw,180,90,1.0,0.6,W,q20,20000000.0,none,0.3983158665290718,0.19004980351114154,0.47713339959875883,-1.0843631702831713,35.371506001523464,0.21706359819469534,0.6199376114797863,2021
beta,eqw_top25,180,90,1.0,0.8,M,rank,50000000.0,fund63,0.3982393260338939,0.1309468671135209,0.3288145056331682,-0.4662467160009818,17.403027787401363,0.08654693572219817,0.6951355970532305,1704
beta,eqw,365,90,1.0,0.6,M,q20,5000000.0,fund63,0.3982065262138811,0.11493792343199362,0.28863897466677674,-0.37371467292614363,13.97994556986774,0.24118826825081177,0.5305963116424887,1704
beta,advw_top100,180,90,1.0,0.4,M,rank,50000000.0,fund90,0.3980276133669153,0.11068309007899674,0.2780789230745288,-0.6786105428682968,14.309586731458092,-0.5779658112447195,1.2139035100354694,1673
beta,advw,365,180,3.0,1.0,W,rank,20000000.0,none,0.3979935674032758,0.14854598936736763,0.3732371614359538,-0.706007507277826,20.754283050635237,0.26941449072366486,0.5803550123984269,2021
beta,btc,730,180,3.0,1.0,W,rank,20000000.0,fund63,0.39760761417301776,0.1150774503544713,0.28942466454979826,-0.4571958900085322,16.711148389346647,0.160678974304345,0.5861374594616372,1704
beta,eqw_top25,180,90,1.0,0.8,W,q20,20000000.0,none,0.397178418686051,0.2216509882409176,0.5580640281870934,-1.1679711899605143,39.6583845084634,0.5680125496895768,0.20493767633373344,2021
beta,btc,730,180,3.0,1.0,M,rank,20000000.0,fund63,0.3967890660254683,0.10520113324767515,0.2651311294977132,-0.4227011566193767,12.05964518437481,0.19047350260471926,0.586232910030706,1704
beta,sqrt_advw,365,90,1.0,0.4,W,q20,20000000.0,none,0.39660354025399924,0.15551899462759974,0.39212709631386483,-0.8740759795494438,32.918664546822995,-0.43519231952144044,1.2883359309021811,2021
totvol,advw,180,180,,,M,q20,5000000.0,none,0.3957243093887789,0.14312330709037044,0.36167428609941454,-1.0903840211604434,12.206446033311483,-0.15173645817601372,1.0513673638176648,2007
beta,advw_top100,365,180,3.0,1.0,W,rank,5000000.0,none,0.395575149592772,0.13403489051691259,0.3388354669268175,-0.7709484102935292,15.323818408432082,0.3129868389978498,0.5092170759558022,2021
beta,eqw,365,90,1.0,1.0,M,rank,20000000.0,none,0.39548634212172223,0.15631231029761383,0.395240729323351,-1.0076225463361779,19.32399384941556,0.1511168810079988,0.6996825360524982,2007
idvol,advw,90,90,,,W,q20,20000000.0,none,0.3953824577274718,0.1842305368377237,0.46595526239737634,-1.1648966114818133,33.0496753953002,-0.4078446011459816,1.4361615021434029,2021
beta,btc,365,90,1.0,0.4,M,q20,20000000.0,none,0.3953093826638146,0.14761606048039908,0.37341906606334485,-0.6777122691567669,21.438920537048674,0.30267332066372704,0.5235319354944322,2007
beta,sqrt_advw,365,180,3.0,0.4,W,rank,20000000.0,none,0.39465492799408314,0.14081849290748136,0.35681422660353185,-0.7435591115939302,20.986773902063877,0.0036595411599088267,0.9199315417846623,2021
beta,btceth,365,90,1.0,0.4,M,rank,50000000.0,fund90,0.3942160766842119,0.10068502236580079,0.25540567298186284,-0.45690367122913267,14.014645445339289,-0.38239144107801015,1.1530723174629995,1673
beta,sqrt_advw,365,180,3.0,0.8,M,rank,5000000.0,fund90,0.39389938767697585,0.083395927439757,0.21171885524266745,-0.24757937434800192,8.684321022004182,-0.06424227379274537,0.78958710779368,1673
beta,eqw_top100,365,180,3.0,0.4,W,rank,20000000.0,none,0.3937866740994218,0.14927145914379783,0.3790668119615198,-0.7825025483589251,21.42138563185944,0.01069898876180615,0.9259484884313592,2021
beta,btceth,365,90,1.0,0.6,W,q20,20000000.0,fund63,0.3937341955702598,0.12047822907052001,0.3059887366298651,-0.435631813475515,25.004457335489242,-0.03747589128773645,0.7507248577992642,1704
beta,btceth,365,90,1.0,0.8,M,rank,20000000.0,none,0.39355429004391634,0.12270567858998635,0.31178844112280857,-0.7209897004117172,18.032682974792873,0.24286499902840117,0.6017567750339957,2007
beta,btc,365,90,1.0,0.6,M,q20,20000000.0,none,0.393546617703354,0.1586692506239707,0.4031777773874091,-0.7349587524267014,21.129714936867583,0.36628191604877564,0.4484192849618156,2007
beta,advw,365,90,1.0,0.8,W,q20,20000000.0,none,0.3932883012312978,0.16079345462478248,0.40884372639962613,-0.9375813985052088,32.666203494862366,-0.33781127077136125,1.2095374939459786,2021
beta,advw,365,90,1.0,0.4,W,rank,5000000.0,fund63,0.393281395139279,0.07629703535422709,0.19400113073542877,-0.22056135858817771,16.790003051121207,-0.010092423188174807,0.7572947374720476,1704
beta,advw_top100,365,180,3.0,0.8,W,rank,20000000.0,fund90,0.3930947712434338,0.09524782800544526,0.24230245470871614,-0.3338221718949501,16.761150910891285,-0.05274735278624876,0.7812291919908894,1673
beta,eqw_top25,180,90,1.0,0.4,W,q20,20000000.0,fund63,0.3929606605042138,0.1589870594207515,0.40458772442196317,-0.8661669415142144,28.406926055672077,-0.35958374683294564,0.9409770150243864,1704
beta,advw,365,90,1.0,0.6,W,q20,20000000.0,none,0.3929156067035188,0.1482470538581587,0.37729998841715906,-0.8928715122109362,32.26127181571933,-0.4647074760470639,1.3303302027025052,2021
beta,eqw_top25,365,180,3.0,1.0,M,rank,5000000.0,fund63,0.39289689587534793,0.12373350015583774,0.31492613317844564,-0.37841872394846265,10.979036425328957,0.21493266572599073,0.5416786600335205,1704
beta,advw_top100,365,180,3.0,0.6,W,q20,20000000.0,none,0.3926710194966727,0.18364471565698565,0.4676808486971668,-0.8267334878218549,27.66192289021302,0.06594711709536467,0.878458568612609,2021
beta,advw,365,180,3.0,0.4,W,rank,20000000.0,none,0.3925406889846792,0.13318230574870035,0.3392828042697465,-0.7265911986264932,20.974284304336635,0.07578432693797806,0.7965961788310527,2021
idvol,advw,180,180,,,M,q20,5000000.0,none,0.3922857332237092,0.13795247828142812,0.35166325613671456,-1.047256255120729,12.990580280366576,-0.2380872971250732,1.1172534530951976,2007
beta,btceth,365,90,1.0,1.0,W,q20,5000000.0,none,0.39217030525415797,0.18615651448019455,0.47468284055711485,-1.1310732421044438,29.056436315059265,0.6437691559491745,0.08738426435253722,2021
beta,sqrt_advw,180,90,1.0,1.0,M,rank,50000000.0,none,0.39208996171873683,0.15950687915843806,0.4068119430021503,-0.6044365467484745,21.873335801934697,0.41692527814249225,0.3654349408523721,2007
beta,advw,365,90,1.0,0.6,M,rank,5000000.0,fund90,0.39191692464057865,0.07962135270512868,0.20315875048812518,-0.25722304748421027,10.167190448823323,0.16021450100866183,0.6271237584578443,1673
beta,sqrt_advw,730,180,3.0,0.8,M,rank,50000000.0,fund90,0.39168097899350307,0.10993038650226859,0.28066307121871253,-0.39023678219764213,12.714459837528473,-0.08342209289658013,0.8519347313406673,1673
beta,eqw_top100,365,180,3.0,0.6,M,q20,5000000.0,none,0.39164992875414123,0.14837952359472661,0.3788575273503293,-0.8250010776618448,14.93363955202025,-0.00551379858983073,0.8472181538860629,2007
beta,advw_top100,365,180,3.0,0.4,W,rank,20000000.0,none,0.39127548233854237,0.1327259742854487,0.3392136238442114,-0.7150510976237509,21.087674765356727,0.08648297281863791,0.7782433423581583,2021
beta,eqw,365,180,3.0,0.6,W,rank,5000000.0,fund63,0.39113974493679055,0.07661592344890954,0.19587864552422538,-0.42055560172339757,13.685578509042532,-0.43777418322966744,1.1151659693737388,1704
beta,eqw_top25,180,90,1.0,0.4,W,rank,20000000.0,fund90,0.3910922756090033,0.11169133840631398,0.28558819841785377,-0.5741664577938168,22.153533098335824,-0.6019434440459702,1.1161557100040904,1673
beta,eqw_top100,730,180,3.0,1.0,W,q20,5000000.0,fund90,0.39105612662033357,0.14089636996075594,0.3602970529535997,-0.6615115587203924,18.142996404212607,0.2517130618770724,0.5104950227621851,1673
beta,eqw,365,90,1.0,0.8,W,rank,20000000.0,fund63,0.39093502495905874,0.1062871956989757,0.27187944009393067,-0.4224201692920594,21.74385944515402,0.10337558551391383,0.625182653065379,1704
beta,sqrt_advw,365,180,3.0,1.0,W,rank,20000000.0,none,0.3909311231361255,0.1602519808530766,0.4099238238375702,-0.8145296938755331,21.65394399301881,0.20902408751976212,0.6567898984860278,2021
beta,eqw,180,90,1.0,0.4,M,rank,20000000.0,none,0.39069562955792114,0.11474216425145527,0.29368683847650917,-0.7810555842012988,19.244465368737863,0.18894954660386398,0.6124709330634903,2007
beta,eqw_top25,365,180,3.0,0.8,W,rank,5000000.0,fund63,0.39042994198199804,0.09756582018220394,0.24989328350924098,-0.3316413554571132,15.284182957388689,-0.12155373803246776,0.8350595057423534,1704
beta,advw,365,180,3.0,0.8,W,rank,5000000.0,none,0.39036498551248056,0.11978937017075579,0.30686504839437223,-0.6979399734506756,15.202733597291259,0.23948883528218207,0.601266445271579,2021
beta,btceth,365,180,3.0,0.6,M,rank,50000000.0,fund90,0.3899566484750799,0.09754604386066934,0.2501458668344848,-0.4870847170886591,12.156132459073772,-0.1897646332133233,0.9115578723716488,1673
beta,eqw_top25,365,180,3.0,0.4,M,rank,5000000.0,none,0.38972075625574354,0.10944944427735749,0.2808406853381304,-0.6244699447351998,11.307275717437667,-0.04468261419193388,0.8512351339389487,2007
beta,eqw_top25,180,90,1.0,0.6,W,q20,50000000.0,fund90,0.3895650014057865,0.16216810265756432,0.4162799586009101,-0.6962053788209495,29.18892990337891,-0.25003049986190135,0.9768510914642322,1673
beta,advw,365,90,1.0,0.6,M,q20,5000000.0,fund63,0.38956202470357437,0.11049245466314313,0.28363250947578644,-0.32241632460988545,13.727883802907433,0.1362600041896406,0.60304379978849,1704
beta,eqw,180,90,1.0,0.6,M,rank,50000000.0,fund63,0.3893884123924523,0.10877379480219745,0.2793452279020767,-0.5501162869301846,15.893070739872291,-0.2533509862282093,0.9551398103563463,1704
beta,eqw,180,90,1.0,0.6,W,rank,50000000.0,fund90,0.3892689236861734,0.11022126336075379,0.28314940303226876,-0.5815657855271584,21.712146551837947,-0.6321998337572603,1.3008395830971182,1673
beta,eqw_top100,365,90,1.0,1.0,W,rank,50000000.0,fund63,0.38910910634397955,0.14722107573987464,0.3783542285174084,-0.4841706019576733,24.902966657845457,0.14772887534100826,0.6026078607561789,1704
beta,advw,180,90,1.0,0.4,M,rank,50000000.0,fund90,0.3889662305066562,0.10770710444382599,0.2769060550668622,-0.6775710033018005,14.303517973979867,-0.6050766068975284,1.2172094097522927,1673
beta,eqw_top100,365,180,3.0,0.8,M,q20,5000000.0,none,0.38852458989917193,0.16282922820562565,0.41909632604691077,-0.8351916037314892,15.49248702646604,0.08524036514508145,0.7336707687116721,2007
beta,eqw_top25,180,90,1.0,0.6,W,rank,20000000.0,none,0.3873966672483707,0.13471410477117024,0.34774203332214343,-0.8163951027439555,29.83246867177327,0.42109506757606646,0.3514076489770344,2021
beta,btceth,365,90,1.0,0.6,W,q20,20000000.0,none,0.3866681987576842,0.1475038928126744,0.3814740733439823,-0.9236722670820757,33.31589562066049,0.20742590475516576,0.595512379427048,2021
beta,btceth,365,90,1.0,0.4,W,rank,20000000.0,fund63,0.38645633631566145,0.08468587825247442,0.21913440224538622,-0.35160389549539584,20.985714176318073,-0.20814531950719348,0.8869826782963018,1704
beta,advw_top100,365,90,1.0,0.4,W,q20,20000000.0,none,0.3863353722860879,0.14544888743621512,0.37648348525671044,-0.8929916974184119,32.78756119033043,-0.49502049303582873,1.2917784142507134,2021
beta,advw,365,180,3.0,1.0,W,q20,20000000.0,fund90,0.3862917504535153,0.14237473870177242,0.3685678985756781,-0.5100063388383675,21.349108722657085,-0.153720524416058,0.8564499423836326,1673
beta,sqrt_advw,365,180,3.0,0.6,W,q20,5000000.0,fund90,0.3858318668475303,0.09859093007156891,0.2555282197842129,-0.3870234358086023,16.867916329976477,-0.323855419935482,0.9990886055148994,1673
beta,eqw,180,90,1.0,1.0,W,rank,50000000.0,none,0.3857082923146055,0.15961951737029864,0.41383480871628214,-0.8807458436967791,30.927914402367577,0.3293573215903954,0.4511459814527181,2021
beta,btceth,365,90,1.0,0.8,W,q20,20000000.0,none,0.38559771224561634,0.16137338726449946,0.41850193126070334,-0.9533825246437498,33.52644197044367,0.2927391374054138,0.4997019126526691,2021
beta,eqw_top25,365,90,1.0,0.8,W,rank,5000000.0,none,0.3854699368672236,0.13174569605059475,0.3417794319352458,-0.9437188662038031,23.06554371079273,0.34796870885376946,0.4298270570404493,2021
beta,sqrt_advw,180,90,1.0,0.4,W,rank,50000000.0,fund63,0.38540265128461815,0.11873665028232133,0.3080846742661218,-0.7507868724212233,23.467774909390382,-0.5893780728103342,1.29199521531611,1704
beta,btceth,365,180,3.0,0.6,M,rank,50000000.0,fund63,0.38540190404218316,0.1004539537196743,0.2606472689057586,-0.47638235793930717,13.29970880754646,-0.08518844116956654,0.7685828529319416,1704
beta,eqw,180,90,1.0,0.6,W,rank,50000000.0,fund63,0.385300622814313,0.11259985927348941,0.2922389755070663,-0.6276773398417528,23.44472228694341,-0.4382926697455845,1.130001029242012,1704
beta,btceth,365,90,1.0,0.4,W,rank,20000000.0,fund90,0.38501117311438954,0.08025642619936138,0.20845220036125192,-0.3188019510449257,19.586051017157793,-0.5494445474528473,1.2576130861213477,1673
beta,eqw_top100,180,90,1.0,0.4,W,rank,20000000.0,fund90,0.38457009925671487,0.10064757905181354,0.2617145203081104,-0.5869401235733289,21.408356371794984,-0.6886312292821443,1.2349923308895845,1673
beta,eqw,365,90,1.0,1.0,W,rank,20000000.0,none,0.3843351992959975,0.16298237106531002,0.4240630870236488,-1.1055759575542354,26.88521585159455,0.13250130833631962,0.7310339674957508,2021
beta,eqw_top100,180,90,1.0,0.4,W,rank,50000000.0,fund63,0.38425162500290905,0.12415923823201253,0.32311961785736765,-0.7678335154163762,23.923949424278536,-0.6179723434425688,1.3305701793747364,1704
beta,advw,365,180,3.0,0.6,W,rank,5000000.0,none,0.38395265248406135,0.11133743469948741,0.2899769905981031,-0.657937158015718,15.255802980430472,0.16066871252942028,0.687137576776244,2021
beta,eqw,180,90,1.0,0.8,M,rank,20000000.0,none,0.38368715109562124,0.12378664967858939,0.32262391202081114,-0.8692410085258847,19.434744525148854,0.32491696970696954,0.46052996707689714,2007
beta,sqrt_advw,365,90,1.0,0.8,M,rank,50000000.0,fund63,0.3832574040181384,0.11692087205762089,0.30507139805207095,-0.42152946196845126,15.606893256745572,0.05768657540258556,0.6808565149833622,1704
beta,btceth,365,90,1.0,0.8,W,q20,5000000.0,none,0.3831541575673834,0.1562863245708902,0.4078941112453018,-0.9877855857660848,28.426214479173705,0.6039858304846061,0.11202402027287643,2021
beta,eqw,180,90,1.0,0.6,M,rank,50000000.0,fund90,0.3830688529314702,0.10393627910882555,0.271325320013474,-0.5189152527865724,14.770599575296217,-0.39977421777213634,1.0625511335354307,1673
beta,eqw,365,90,1.0,0.8,W,rank,20000000.0,fund90,0.3829326451330879,0.09981995300742862,0.26067235132887734,-0.41818365320854134,20.314037357114753,-0.24822246224035133,0.9507877946438028,1673
beta,advw,730,180,3.0,0.8,M,rank,50000000.0,fund63,0.3827369686221738,0.1055947522180234,0.27589378835850914,-0.46035334588694565,13.172459457831659,-0.1080255435214018,0.8376512313512064,1704
beta,advw,365,90,1.0,1.0,W,q20,20000000.0,none,0.38253248130762585,0.17745069950360173,0.46388400508373817,-1.051693399053803,33.44429779945034,-0.22570053688111824,1.0555608427475434,2021
beta,eqw_top100,180,90,1.0,0.4,M,rank,50000000.0,none,0.3824168596483625,0.14160377776596106,0.3702864405512028,-0.8333867374928481,21.766000701774498,0.2785705801868718,0.48787959396503194,2007
beta,btceth,365,180,3.0,0.6,W,rank,5000000.0,none,0.3822199149510428,0.10752907836627393,0.28132777534641784,-0.6835683771114486,15.476746034238351,0.1654595137037572,0.6773492865932272,2021
beta,btceth,365,180,3.0,0.6,M,q20,5000000.0,fund63,0.38189931378068764,0.10679486031276685,0.2796414040536759,-0.4941366993305838,11.40778351272357,0.11043213167688604,0.5693543169497122,1704
beta,btceth,365,90,1.0,0.6,M,rank,5000000.0,fund63,0.3814644018188582,0.08155223584717021,0.2137872772880548,-0.23203265160887132,10.736537016860195,0.3553167138006294,0.4057340928319745,1704
beta,advw,365,180,3.0,0.6,W,rank,50000000.0,none,0.38107377134758563,0.12619300977567202,0.3311511294241467,-0.6099970555619829,23.84241680046822,-0.1810271168914541,0.9342948983721381,2021
beta,eqw,180,90,1.0,1.0,W,q20,50000000.0,fund63,0.3807522958027252,0.17578357402849668,0.46167436405839396,-0.6409221225608825,31.979467264926075,0.18936606420270707,0.5408186529712475,1704
beta,advw,365,180,3.0,1.0,W,rank,5000000.0,none,0.38070024570302474,0.12849958099943495,0.33753479922803736,-0.7701996373668305,15.228488269819051,0.29863814935365446,0.4949481504820244,2021
beta,sqrt_advw,180,90,1.0,0.4,M,rank,50000000.0,none,0.38059298119938867,0.13589813167903006,0.35706946368470843,-0.8021928079196003,21.35203980866999,0.2959909647626913,0.4682194401397484,2007
beta,btceth,365,90,1.0,0.6,W,rank,50000000.0,none,0.38043572146503996,0.11992600956678187,0.31523330434101315,-0.6703071886754295,28.041705302025015,-0.021156901482060765,0.8619963335960746,2021
beta,btc,365,90,1.0,0.8,M,q20,20000000.0,none,0.3795663377937992,0.17497539208293544,0.46098764474206727,-0.8530705343270155,21.096614459723146,0.3992325598327365,0.3708941148116472,2007
beta,btc,730,180,3.0,0.8,W,q20,5000000.0,fund90,0.37935345643428225,0.11201447113704252,0.2952773178605464,-0.6406245814212475,15.638726050140052,-0.14387987221060783,0.8929153680801969,1673
beta,eqw_top25,365,180,3.0,0.4,W,q20,5000000.0,fund90,0.37886456906193183,0.1019557293503203,0.2691086411240896,-0.508876836186524,17.103111651720027,-0.45660841786427125,1.0743649399590032,1673
beta,btceth,365,90,1.0,0.4,W,rank,50000000.0,none,0.3786668653016795,0.12030006144541022,0.3176936575888903,-0.6997408608374399,28.52862496191418,-0.09245631659985128,0.8992445611605907,2021
beta,eqw_top25,180,90,1.0,0.8,M,rank,50000000.0,fund90,0.3785751097426271,0.12119676842014256,0.3201392941615674,-0.4778137525578622,16.14701582803329,-0.06806512257291986,0.8213127390664015,1673
beta,sqrt_advw,180,90,1.0,0.8,W,q20,50000000.0,fund90,0.3779582408086688,0.1492406482342527,0.3948601515208177,-0.5782726702173753,28.351540555926878,-0.1615603124576864,0.8897246358779425,1673
beta,btceth,365,180,3.0,0.8,W,rank,5000000.0,none,0.37792958169420005,0.11640821835616498,0.3080156304101015,-0.7059496444708484,15.426162862495008,0.2581043027948933,0.5506267827117952,2021
beta,btc,730,180,3.0,1.0,W,rank,20000000.0,fund90,0.37761888023780465,0.10474709524724944,0.2773883953611779,-0.4803383862661734,15.329712019866234,-0.023390405509711658,0.7307329011968029,1673
beta,eqw,365,90,1.0,1.0,W,rank,50000000.0,fund63,0.37746615640047126,0.13191982623354487,0.3494878255882231,-0.44366953346623905,23.21432540083534,0.21130815236488246,0.5153779011838254,1704
beta,eqw_top100,180,90,1.0,0.8,W,rank,50000000.0,none,0.3769658877508139,0.1430262600238717,0.3794143307694102,-0.8662747761866612,31.69250019780485,0.25192007037454295,0.513572413674288,2021
beta,eqw_top25,365,180,3.0,1.0,W,q20,20000000.0,fund90,0.3769505431812681,0.17228593202288184,0.45705182056212856,-0.5762189917041236,25.97206560476609,-0.025140650866078116,0.748836599807363,1673
beta,eqw,365,180,3.0,0.6,W,rank,20000000.0,none,0.37634281014438414,0.14070850323651568,0.37388386185066946,-0.7668254520842179,20.910259332099297,0.029607038619169062,0.9314353640371483,2021
beta,eqw,180,90,1.0,1.0,M,rank,50000000.0,none,0.3759621950841881,0.1593863050998305,0.42394237288709197,-0.6849033007635398,22.04081526248659,0.40760132897880874,0.341252053190475,2007
beta,eqw_top100,180,90,1.0,1.0,W,q20,50000000.0,fund63,0.375873680282102,0.1850997543684496,0.4924520233221116,-0.7351117222630483,33.47889074578194,0.20770009422840124,0.5219619755046598,1704
beta,btc,730,180,3.0,1.0,W,rank,50000000.0,fund63,0.37531060451728787,0.10559142554719324,0.2813441034606561,-0.5566958019679322,17.597036559334857,-0.16730006320859334,0.8999271248100901,1704
beta,eqw,365,180,3.0,0.6,M,q20,5000000.0,none,0.37489786466458547,0.1382749084928344,0.36883354514848066,-0.7086762756118047,14.614253468566995,-0.19613212007824146,1.0771293134217705,2007
beta,eqw,180,90,1.0,1.0,M,q20,20000000.0,fund63,0.3747856439768561,0.14828016509796094,0.3956399277319106,-0.5021754120506376,17.427789288352745,0.4624237303822751,0.29865794856730654,1704
beta,advw,365,180,3.0,0.8,W,rank,50000000.0,none,0.3737689438774271,0.12647816785995533,0.338385973291115,-0.5349676053280086,23.79360594822544,-0.13661774361672346,0.8955102741846561,2021
beta,btc,365,90,1.0,0.4,W,rank,50000000.0,fund90,0.3729119242234673,0.09674727072545082,0.2594373213645887,-0.3835923135860944,20.025833376335513,-0.4154414990225289,1.22324133408171,1673
beta,eqw,365,180,3.0,0.8,W,rank,20000000.0,none,0.3726097912586582,0.1480778670825175,0.39740734289970614,-0.7702819650499515,21.142482426855434,0.10552355034557265,0.816394369603947,2021
beta,btceth,730,180,3.0,0.4,M,rank,50000000.0,fund90,0.37249938575910985,0.09628639759677723,0.2584873996518327,-0.512327030950037,12.230180800644542,-0.4548068922421561,1.1496665926173277,1673
beta,advw_top100,365,180,3.0,1.0,W,q20,50000000.0,fund63,0.3724414505349105,0.16204628586736625,0.4350919738783934,-0.572837649411138,25.67724211157144,0.11698995687722263,0.5746457791061188,1704
beta,eqw_top100,365,90,1.0,0.8,M,rank,50000000.0,fund63,0.37197260169279034,0.12117025241545734,0.32575047695456616,-0.4596855457684753,16.42518698908549,0.004915389093335997,0.7141543279782131,1704
beta,advw_top100,180,90,1.0,0.4,M,rank,50000000.0,fund63,0.37183866725224335,0.10678144493765118,0.2871714384271233,-0.7350707597094591,15.432712686315396,-0.514126123602995,1.1213043472095423,1704
beta,eqw_top100,180,90,1.0,0.6,W,rank,50000000.0,none,0.37176899526885654,0.13389057483528663,0.3601445428187453,-0.8725366981632757,30.94204635578069,0.19077852951186156,0.5614323056711673,2021
beta,eqw,730,180,3.0,0.8,M,rank,50000000.0,fund90,0.3714854680045137,0.10405863645007074,0.28011495849093715,-0.39396131389102396,12.605654244533314,-0.08158941746875306,0.7996530043816483,1673
beta,btceth,365,180,3.0,0.4,W,q20,50000000.0,fund90,0.37144732042753653,0.13906426962572338,0.37438490460951546,-0.5210675884421608,23.131029181499734,0.07386364400974073,0.6095664825917677,1673
beta,btceth,365,90,1.0,1.0,W,q20,20000000.0,none,0.37067155626210974,0.17594482391194427,0.4746650260575428,-1.0661117781653395,34.107736932837206,0.34746558078206263,0.4023221732772006,2021
beta,sqrt_advw,365,90,1.0,0.4,W,q20,5000000.0,fund63,0.37032400215982847,0.09682429752294207,0.2614583363709533,-0.3024686551934054,21.155725774499473,-0.011761793807224865,0.7118713828466335,1704
beta,btceth,730,180,3.0,1.0,W,rank,50000000.0,fund63,0.37027383579753614,0.10230148091298273,0.27628601057548297,-0.5310312233212557,17.724509414495397,-0.04418168573723867,0.7459608835984829,1704
beta,advw_top100,365,180,3.0,0.4,W,rank,5000000.0,none,0.37014607005569317,0.10758225874499859,0.29064811826534176,-0.7030251572612357,15.43392226925621,0.07714256460043012,0.7375082224111913,2021
beta,advw_top100,730,180,3.0,0.8,M,rank,50000000.0,fund63,0.3700003745988022,0.10212537606613735,0.2760142504635938,-0.45920803838320856,13.22269186764967,-0.11440837424759522,0.8191081121870684,1704
beta,advw,365,90,1.0,0.4,W,q20,20000000.0,none,0.3698704737819708,0.1386132871612032,0.37476169899117756,-0.9750898924540923,32.21758788045564,-0.5877526241223904,1.3659207966479965,2021
beta,btc,365,90,1.0,0.4,M,rank,50000000.0,none,0.3698041932224609,0.12206182544392456,0.33007150184069584,-0.7625120889839516,20.25076210116244,0.38296845431213195,0.3599717516847221,2007
beta,advw_top100,365,90,1.0,0.6,W,q20,5000000.0,fund90,0.36958073441298706,0.09886436472162637,0.2675041080771018,-0.3604495648577994,19.36820316706794,0.16095693742193684,0.5832320781537053,1673
beta,btc,365,90,1.0,0.6,M,rank,50000000.0,none,0.3695370233711674,0.12651109278275927,0.3423502512106615,-0.6672553123602127,19.758449003580118,0.399364412763725,0.3418026736943142,2007
beta,sqrt_advw,365,90,1.0,0.8,M,q20,5000000.0,fund63,0.3694127411767005,0.12854446519695065,0.3479697662497899,-0.45905019635080047,14.29188818743282,0.34155194697795094,0.395383855567113,1704
beta,sqrt_advw,180,90,1.0,0.4,W,rank,20000000.0,fund63,0.36910210225793144,0.09653789146314572,0.26154793178523883,-0.62797860496527,22.544409520945614,-0.4992806265184083,1.0508741194618545,1704
beta,sqrt_advw,365,90,1.0,0.4,W,rank,5000000.0,fund63,0.36904261281180367,0.0736004252679978,0.19943611581118664,-0.24777584664417254,17.044262689195865,-0.03734136455728276,0.7380408224038055,1704
beta,eqw_top25,180,90,1.0,0.4,W,q20,20000000.0,fund90,0.3684918249826118,0.14777084640362356,0.4010152638002118,-0.8775930971690858,26.564603949116293,-0.5039727562700265,0.9805114682476419,1673
beta,btc,365,90,1.0,0.6,M,rank,20000000.0,fund90,0.3683553288123541,0.0789075118177643,0.21421574671439325,-0.42671880767204473,13.050840697145501,-0.06788249466907194,0.860315124686112,1673
beta,advw_top100,365,90,1.0,1.0,M,rank,50000000.0,fund90,0.3682393620067704,0.11189454897619694,0.3038636292611751,-0.5378548315349698,13.93963160734704,-0.074548967718971,0.804753063126463,1673
beta,eqw,365,180,3.0,0.4,M,q20,5000000.0,none,0.36812999734404395,0.13312614608825843,0.36162808531966073,-0.7571123571504451,14.436812249724742,-0.28808196305820033,1.142638671027735,2007
beta,advw,365,180,3.0,0.4,W,rank,50000000.0,none,0.3681251178855008,0.12671513953369504,0.3442175862965907,-0.6986328273575768,24.03369107302565,-0.21931375194729671,0.9217936875417047,2021
beta,eqw_top100,365,180,3.0,0.4,M,q20,5000000.0,none,0.36712046440591284,0.136469723133268,0.3717300896154292,-0.9080650616243177,14.532795040653905,-0.10125976990684264,0.8856773463727723,2007
beta,eqw_top25,730,180,3.0,1.0,M,rank,50000000.0,fund90,0.3670162995664853,0.12760325873993883,0.3476773617157114,-0.45727653730452145,14.688339643415008,0.009551130473332099,0.7339813754150436,1673
beta,sqrt_advw,365,90,1.0,0.6,M,rank,5000000.0,fund90,0.3670049717495399,0.07593406535828472,0.20690200733876002,-0.300806053760585,10.502845865188227,0.13398301665372164,0.5949683836188591,1673
beta,btceth,365,90,1.0,0.8,W,rank,50000000.0,none,0.3667120904858124,0.12219952501259591,0.3332301502541369,-0.6998634049348615,27.779450689466167,0.04270573395307137,0.7810193931734837,2021
beta,advw_top100,365,180,3.0,0.6,M,rank,5000000.0,none,0.36661761390685943,0.09473363279408388,0.25839902176154395,-0.5444281018840958,10.666898577718447,-0.07905292954270408,0.874608486910339,2007
totvol,advw,90,90,,,M,rank,50000000.0,fund90,0.36551450001880426,0.10665231048847049,0.2917868114205692,-0.3792105390179527,13.203832061455469,-0.03530311197391782,0.7013949468273185,1673
beta,eqw_top25,365,180,3.0,0.4,W,rank,5000000.0,none,0.36540486786119963,0.11557987504789788,0.31630633637809474,-0.7227985135614464,16.16171756767291,0.10517659523213393,0.6856186261929029,2021
beta,btc,730,180,3.0,1.0,M,rank,20000000.0,fund90,0.36513997328322095,0.09141658911623834,0.2503603982172914,-0.4534174952208823,10.957166399941917,0.00047902263143971953,0.7566015154802277,1673
beta,btc,365,90,1.0,0.4,M,rank,5000000.0,fund63,0.3648629034681165,0.06797309982684341,0.1862976454463895,-0.23286361964005625,10.835783482725434,0.11597419776949949,0.5837170807232722,1704
beta,eqw_top25,365,180,3.0,1.0,W,rank,20000000.0,fund63,0.3645438904004355,0.12461887098379103,0.34184874377376795,-0.4267420135180653,21.660426463639002,0.29171608495582046,0.4279392379186005,1704
beta,eqw_top100,365,180,3.0,1.0,M,q20,5000000.0,none,0.36451316677518714,0.18004972903053262,0.4939457485813618,-0.942178530031636,16.269298612563208,0.15940763328522176,0.5862822610711406,2007
beta,btceth,365,180,3.0,0.6,M,q20,20000000.0,fund63,0.36446689726974346,0.11189301003830049,0.3070045891039811,-0.6395146657567952,14.335860774011744,0.5397399624744335,0.2429569173746542,1704
beta,btceth,365,180,3.0,0.4,W,rank,5000000.0,none,0.3641963414935182,0.09965534655876512,0.2736308282232943,-0.7159634331898281,15.631692198990708,0.04789618091511994,0.7587173694273998,2021
beta,btceth,365,90,1.0,0.4,W,q20,20000000.0,none,0.3641954038602849,0.1347814029483332,0.3700799118267811,-0.9273875042117316,33.46760681716459,0.08566172572734454,0.6675250258084046,2021
beta,advw_top100,365,180,3.0,1.0,M,rank,5000000.0,fund63,0.36410208592665744,0.093990725489852,0.25814388085869117,-0.3164253001387721,9.214489573058126,0.11047902348383157,0.5605875735239377,1704
beta,eqw_top100,180,90,1.0,1.0,W,q20,20000000.0,fund90,0.36406489084708277,0.1563247804646322,0.42938713508162163,-0.5325643029679086,29.07847368010224,0.08969098139743122,0.626817150563722,1673
beta,eqw_top100,180,90,1.0,0.8,M,rank,20000000.0,fund90,0.3638288502888403,0.09543635430985938,0.26231112302966997,-0.504850456016768,15.159790293845722,-0.10714317048359791,0.8126245475584295,1673
beta,advw,365,180,3.0,1.0,M,rank,5000000.0,fund63,0.36328630335803247,0.09223811169500744,0.25389922725521324,-0.30779179354505376,9.126300996931796,0.09636058437795064,0.5704224453932267,1704
beta,btceth,365,90,1.0,1.0,M,rank,20000000.0,none,0.36280582047570265,0.12822055566319743,0.35341372278724076,-0.7991288465276891,18.003014845300733,0.2688570317121351,0.49688538760566875,2007
beta,eqw_top25,180,90,1.0,0.6,W,rank,20000000.0,fund63,0.36278857837662837,0.10622212419119047,0.29279346297643394,-0.63674090370173,24.514272364941405,-0.17124715713949198,0.7772899299465633,1704
beta,advw_top100,365,180,3.0,0.4,W,q20,20000000.0,none,0.362393067615332,0.16923984916210735,0.4670063096840189,-0.9446064099836607,27.631403467385184,-0.015630608209765702,0.8920726411703547,2021
beta,sqrt_advw,180,90,1.0,0.8,M,rank,20000000.0,fund63,0.3623170922974543,0.09110102699642782,0.2514400477735008,-0.4976954417734544,15.418673643211509,0.17107658254863103,0.5312057799444287,1704
beta,sqrt_advw,365,180,3.0,0.8,W,q20,5000000.0,fund63,0.36227159526729763,0.10841149188347632,0.29925473953729714,-0.3801375630686038,18.773065045049957,-0.15330656843197202,0.7865840755945319,1704
beta,eqw_top100,180,90,1.0,0.6,W,rank,50000000.0,fund90,0.3622534627006779,0.10902715417922404,0.30096925331342045,-0.6229259088730938,22.56578291463759,-0.6188604871968256,1.2992761851149088,1673
beta,btceth,365,90,1.0,0.4,M,q20,5000000.0,fund63,0.3620255987012337,0.09019597445868675,0.24914253241280365,-0.4046471945233897,13.43320918410371,-0.23110170918774958,0.8371305679644251,1704
beta,btceth,365,90,1.0,0.6,W,q20,5000000.0,none,0.36201696002625366,0.13013072852554863,0.35946030958359376,-0.8517908070037359,28.095823841612468,0.5326890013002408,0.1533646290870959,2021
beta,advw_top100,365,180,3.0,0.8,M,rank,5000000.0,none,0.3618191028703874,0.1002700111120457,0.27712746595351795,-0.5736818942243949,10.631149736871684,0.008284991691577292,0.7722686618820214,2007
beta,advw_top100,180,90,1.0,1.0,M,q20,20000000.0,fund63,0.36174422427407726,0.13540746716645252,0.37431825605005487,-0.5518520892847012,16.609252581507366,0.2284176341954157,0.48810212313918655,1704
beta,eqw,365,90,1.0,1.0,M,rank,20000000.0,fund90,0.36142395910694314,0.10999401278962928,0.3043351444143821,-0.4666644295232364,14.235841471651392,0.15157792972899345,0.5485228033187671,1673
beta,btc,365,90,1.0,1.0,M,q20,20000000.0,none,0.36141414958469775,0.1964335148726979,0.5435136258456408,-0.9898098538213771,21.317764312087256,0.4158593767713915,0.29913504763390125,2007
beta,eqw,365,180,3.0,0.4,W,rank,20000000.0,none,0.36028291776840815,0.13370794807435216,0.3711193106310423,-0.7763381389845299,20.829350718798125,-0.0500491346049349,0.9588399936045264,2021
beta,advw,180,90,1.0,0.4,W,q20,20000000.0,fund90,0.36010953162400455,0.11145146105137714,0.3094932270988738,-0.7307176319920304,24.627066608415447,-0.5405999362156629,1.1217196789436759,1673
beta,btceth,365,90,1.0,1.0,W,q20,50000000.0,fund63,0.36005035183925765,0.1436264947682397,0.39890669189614025,-0.6064037164560375,26.553390118979515,0.33523630201028803,0.38316902415282783,1704
beta,btceth,365,180,3.0,1.0,W,rank,5000000.0,none,0.36001958860691624,0.1255699751677906,0.3487865081277366,-0.7525765238156643,15.47494055313139,0.3241631538140523,0.41857459914154727,2021
beta,advw,180,90,1.0,0.4,M,rank,50000000.0,fund63,0.3598740126781638,0.1028925830157932,0.28591279000690245,-0.7369850888688254,15.423097181255963,-0.5473847448855708,1.1280530464136376,1704
beta,advw_top100,365,180,3.0,0.6,M,q20,5000000.0,none,0.3598187274823522,0.12455607587792883,0.3461634049718489,-0.7998721916829574,14.374913209715235,0.04877134635724966,0.7106823087456453,2007
beta,eqw_top100,180,90,1.0,1.0,W,q20,50000000.0,fund90,0.35882954688175533,0.17277610383641315,0.48149909988696615,-0.7411350864150468,31.386215050752977,-0.0568049206785589,0.7360348538414014,1673
beta,btc,365,90,1.0,0.8,M,q20,20000000.0,fund63,0.3587989094993722,0.12244944048702074,0.34127595498512786,-0.5884854681147702,15.62959548037815,0.5261898419678634,0.2007354673743431,1704
beta,advw_top100,180,90,1.0,0.8,M,rank,20000000.0,none,0.35842384148209444,0.10615905377718454,0.2961830143279904,-0.7389597270587714,18.95757669355787,0.41772059848491905,0.29214351911606595,2007
beta,btc,365,90,1.0,0.6,M,q20,20000000.0,fund90,0.358180481299766,0.10314104966653574,0.2879583200409394,-0.507979689180071,14.460563661691578,0.049429455601165455,0.7148804648605466,1673
beta,eqw_top100,730,180,3.0,0.8,M,rank,50000000.0,fund63,0.35813550869140637,0.11286880046329037,0.3151566871313665,-0.5233412166540404,14.516865854048037,-0.11420292359719951,0.8104065579079262,1704
beta,eqw_top100,365,180,3.0,1.0,M,q20,5000000.0,fund63,0.3577802292277775,0.14449062464161028,0.40385301600782864,-0.5761227311183754,13.429961887626149,0.03803461079059576,0.5970505591107574,1704
beta,btceth,365,90,1.0,0.8,M,rank,20000000.0,fund90,0.3574330676081509,0.08471980034115342,0.23702283873195137,-0.43327714589005084,12.956229203317106,0.02273480326529229,0.7309198960006044,1673
beta,eqw_top100,180,90,1.0,0.8,M,rank,50000000.0,fund63,0.3574073532480082,0.11286672419840156,0.3157929549370024,-0.5278901731987077,16.809200533894213,-0.08852036707095623,0.770455786488239,1704
beta,btc,365,180,3.0,0.6,M,q20,50000000.0,fund90,0.3573513577697491,0.1289461200713417,0.3608384780628848,-0.6438945593291479,13.374969990272906,0.285793642803285,0.4278483386157664,1673
beta,advw,180,90,1.0,0.8,M,rank,20000000.0,none,0.35717833103834473,0.10558541971731672,0.29560981319995483,-0.7529729570541934,18.887307651482402,0.40003630075687174,0.30942638221532553,2007
beta,eqw_top100,180,90,1.0,1.0,W,rank,50000000.0,none,0.3567989785538,0.1537989699304145,0.4310521587079708,-0.8627039891328417,32.78835114962669,0.29331724200066367,0.426452144936207,2021
beta,advw_top100,180,90,1.0,0.6,M,rank,20000000.0,none,0.3567725044200345,0.09903763184887134,0.2775932299207469,-0.694818318300869,18.99933486178505,0.349688144009447,0.36522112593069617,2007
beta,advw,365,180,3.0,0.6,M,rank,5000000.0,none,0.35658836375365816,0.09203497889836575,0.25809866011765387,-0.5419016328327768,10.615519954909892,-0.08658038922531174,0.8659927249470821,2007
beta,eqw_top25,180,90,1.0,0.8,W,q20,50000000.0,fund63,0.3565184882571004,0.16142561192742916,0.4527832840214961,-0.7961020489979996,32.7077356612433,0.017848000975424813,0.6693745789700413,1704
beta,eqw_top25,365,90,1.0,0.6,W,rank,5000000.0,fund63,0.3565029705747576,0.0828273079204181,0.2323327286358458,-0.26637222207491035,18.409607906878655,0.1483014464322145,0.5512726300904617,1704
beta,btc,365,90,1.0,1.0,W,q20,50000000.0,fund90,0.35626740318706673,0.1403726890751231,0.39400935314145774,-0.7696248384387365,24.67060822513335,0.050656842954705704,0.7202520948004849,1673
beta,eqw,365,90,1.0,0.6,M,rank,5000000.0,fund63,0.3561735515913654,0.0759684309420598,0.21329048887160962,-0.27930681699578036,11.270761117808478,0.14766239320951932,0.5411059572163892,1704
beta,advw,180,90,1.0,0.6,M,rank,20000000.0,none,0.35611049825344593,0.09868235622627322,0.27711161763066133,-0.7094481563415337,18.949766615893246,0.33162248732427946,0.3842425144509771,2007
beta,eqw_top25,365,90,1.0,1.0,W,rank,20000000.0,fund63,0.3557476470433241,0.13044059035769062,0.36666606635856436,-0.6301575189067267,25.652726608976387,0.2560645530567444,0.4438503246522857,1704
beta,eqw,365,180,3.0,0.8,M,q20,5000000.0,none,0.35565120218617974,0.14442206005073313,0.4060778064659251,-0.783351612437315,14.920788140848073,-0.09995074189780984,0.9165924053257314,2007
beta,eqw_top100,365,180,3.0,1.0,M,rank,5000000.0,fund63,0.35531600388888446,0.10363477329578415,0.29166930890113557,-0.37256036853413443,10.333835597746667,0.06555050948912577,0.5877041575180675,1704
beta,btceth,365,180,3.0,0.8,M,rank,5000000.0,fund63,0.355170434028597,0.08137426548469337,0.22911328671614994,-0.2978831651517412,9.06316205365732,0.12492104596156337,0.523133213338636,1704
beta,advw,365,180,3.0,0.6,M,q20,5000000.0,none,0.3551436176508397,0.12141778870039813,0.3418836286670096,-0.8234572801353701,14.363508784927461,0.01027776179449427,0.7441783414806092,2007
beta,advw_top100,365,180,3.0,0.8,M,q20,5000000.0,none,0.3550956800326031,0.13382914876811633,0.3768819399769346,-0.8035484933214947,14.518726434718118,0.12412012603106176,0.6149147421381677,2007
beta,advw,365,180,3.0,0.4,W,rank,5000000.0,none,0.3547513140025814,0.10322761559498415,0.2909858583194226,-0.7081280525503167,15.391283323774951,0.06394277435894838,0.7199691672194204,2021
beta,advw_top100,365,180,3.0,0.6,W,rank,50000000.0,none,0.3546012199852829,0.11752665361631508,0.3314333030811141,-0.6100297353095713,23.956868058895285,-0.22092723024317082,0.9196607419561537,2021
beta,eqw,365,180,3.0,1.0,W,rank,20000000.0,none,0.35386001678543405,0.15588047573745556,0.4405145208365685,-0.8553987033106205,21.54316067984222,0.1730096051265021,0.6487568575791397,2021
beta,btc,365,90,1.0,0.8,M,rank,50000000.0,none,0.35300907603039483,0.13304112306065655,0.3768773442221679,-0.6668425256367005,19.44450996156409,0.3927739551668885,0.3132550776802138,2007
beta,advw,180,90,1.0,0.6,W,q20,20000000.0,fund63,0.35159067556410495,0.10934501062824444,0.311000883208314,-0.6827048182414006,26.414547100644995,-0.07359134157918114,0.7262616424458979,1704
beta,sqrt_advw,180,90,1.0,0.8,W,rank,50000000.0,none,0.3514502228920896,0.12525721600855985,0.35640101456705925,-0.7962870082401174,30.423084170641978,0.24636919974736077,0.467089872560012,2021
beta,advw,365,180,3.0,0.8,M,rank,5000000.0,none,0.35108527170827597,0.09710659673565016,0.27658977621920305,-0.5752707303710394,10.567187684326885,-0.00019469220176954413,0.7632587858072759,2007
beta,btc,365,90,1.0,1.0,W,q20,50000000.0,fund63,0.3509344925530018,0.1449632603709753,0.4130778348870378,-0.7332256157509199,26.814963853477565,0.4250710805698934,0.2828496971814108,1704
beta,eqw_top25,365,90,1.0,0.6,W,rank,5000000.0,none,0.35089673020174594,0.10487891915168421,0.2988882771617299,-0.8590435618097744,22.301048806500734,0.2566369076976651,0.4605480663567204,2021
beta,advw,365,180,3.0,1.0,W,rank,50000000.0,none,0.3507362605188243,0.12758980251767918,0.3637770509640001,-0.5061543289127087,23.884308013605136,-0.09297934771595971,0.8132187462933479,2021
beta,advw_top100,365,90,1.0,0.4,W,rank,5000000.0,fund90,0.3504299547860822,0.06604082199968253,0.18845655486271637,-0.24581409707829474,15.590167281436846,-0.04818857327159195,0.7230628226463288,1673
beta,sqrt_advw,180,90,1.0,0.8,M,rank,50000000.0,fund63,0.3502600136645411,0.103045868190239,0.2941982075319919,-0.5117049226517962,15.912658530784432,-0.11795919901495981,0.7683462960611926,1704
beta,advw_top100,365,180,3.0,0.8,W,rank,50000000.0,none,0.3501470820011507,0.1186864541306327,0.3389617113251929,-0.5323365343870108,23.917023720319364,-0.17445011600746674,0.8844361139587884,2021
beta,eqw_top25,180,90,1.0,0.8,M,rank,20000000.0,fund90,0.35003672140448994,0.09788743876381696,0.27964905616488656,-0.5238054816669715,16.03103378860307,-0.04634015998602912,0.7447238683083821,1673
beta,sqrt_advw,180,90,1.0,0.6,W,rank,50000000.0,none,0.34993395914352116,0.11963951546466516,0.3418916979577751,-0.8021141357959046,30.127166119866803,0.1885489510678126,0.5199569325673549,2021
beta,advw,180,90,1.0,0.6,M,rank,20000000.0,fund63,0.3498147952898264,0.07895108844632016,0.22569396580527157,-0.4435970963376557,14.91836090409331,-0.055951762591207155,0.691809435291585,1704
beta,advw,180,90,1.0,1.0,M,q20,20000000.0,fund90,0.3497066196731142,0.12738260005030108,0.3642556156625546,-0.49295107092022883,15.43220948187095,0.049529919881852874,0.661208995072506,1673
beta,eqw_top25,365,180,3.0,0.6,W,q20,5000000.0,fund63,0.34946493884025737,0.10059360050206587,0.2878503372495626,-0.5084769491804685,19.299922690604443,-0.376685692159719,0.973375833388882,1704
beta,eqw,180,90,1.0,0.4,W,rank,20000000.0,fund63,0.34907408760943026,0.09110684362734195,0.2609957222871237,-0.6153705505052267,22.470358193496295,-0.48152065457231863,0.9792661959603559,1704
beta,advw_top100,365,180,3.0,0.4,M,rank,5000000.0,none,0.3490720345669083,0.0904238909940771,0.2590407768020303,-0.6089480828417696,10.760397359257574,-0.17566136147889952,0.9106819088457411,2007
beta,advw,365,180,3.0,1.0,W,q20,20000000.0,none,0.34906772214852994,0.18764917985396257,0.5375724191826505,-0.9510713448938988,28.219241553578016,0.14611397400266543,0.640075052716836,2021
beta,eqw,180,90,1.0,0.4,W,q20,20000000.0,none,0.34895694976067654,0.16306097933744135,0.4672810770763346,-1.192266989627234,34.9166993869981,0.09710805651776105,0.6420018510465024,2021
beta,eqw,180,90,1.0,1.0,W,q20,20000000.0,fund90,0.3485825780822241,0.16234423453159189,0.4657267595665608,-0.6893932669520093,27.49243654691365,0.0572259992591145,0.5613962452685309,1673
beta,eqw,365,90,1.0,0.8,M,rank,50000000.0,fund63,0.3483463444854601,0.10621826179069084,0.3049214193637802,-0.3866343247835113,15.477291152860996,0.04687429273833556,0.6154182462833867,1704
beta,eqw_top25,365,90,1.0,1.0,M,rank,50000000.0,fund90,0.3483031666437875,0.13138243265043584,0.3772071150441239,-0.5931968317359966,16.820509589920736,-0.0012323204252433124,0.6970510377351209,1673
beta,eqw_top100,180,90,1.0,0.8,M,rank,50000000.0,fund90,0.3480812182893475,0.10699757186523416,0.30739254588649156,-0.5097229641373685,15.646034662330472,-0.22076774292894064,0.886106470620724,1673
beta,eqw_top100,180,90,1.0,0.4,W,q20,20000000.0,none,0.34754066340274553,0.1588820502774861,0.4571610375657438,-1.1868472131860854,35.014053346064586,0.206294513215102,0.5323493912548797,2021
beta,advw,730,180,3.0,1.0,M,rank,50000000.0,fund90,0.34746484753468754,0.09695387346848429,0.27903217881286635,-0.3531005125358021,12.106956403632424,-0.02709448369041809,0.7091041787691985,1673
beta,advw,365,180,3.0,0.8,M,q20,5000000.0,none,0.3473881230313317,0.12892943673017293,0.3711394494582202,-0.8211414817687842,14.489144929929047,0.08720718979860323,0.6412161819256278,2007
beta,advw,365,180,3.0,0.8,M,q20,5000000.0,fund90,0.3469278377252322,0.09671614619559978,0.27877885738359,-0.3488635196029462,10.621371285500521,-0.15034721441724783,0.7522855552344457,1673
beta,advw_top100,180,90,1.0,1.0,M,rank,20000000.0,none,0.34680344042795574,0.11481853572333794,0.3310766916892513,-0.8008445803453608,19.04302619226891,0.45931822503072306,0.2193136001864548,2007
beta,eqw_top100,365,90,1.0,0.6,W,q20,5000000.0,fund63,0.34664871118035795,0.10170657578548424,0.29339954976081617,-0.35270553336680627,22.348487303888536,0.21374345090430788,0.4691199297760523,1704
beta,eqw,180,90,1.0,0.6,M,rank,20000000.0,fund90,0.3462947675296115,0.07655989922365496,0.22108303792695436,-0.48122040411964584,14.16156077699857,-0.3242480681109279,0.9136448087640212,1673
beta,eqw_top25,180,90,1.0,0.6,W,q20,20000000.0,fund63,0.3461484964503368,0.1436888023434201,0.41510739990758755,-0.9700974616611253,29.59718038771375,-0.169470297765819,0.7215800774453677,1704
beta,advw,365,90,1.0,1.0,M,rank,50000000.0,fund90,0.3460618123832322,0.10483405884951756,0.3029344905973714,-0.5283050415407293,13.844980869297189,-0.07685650371063814,0.7564066129545474,1673
beta,eqw_top100,365,180,3.0,0.8,W,rank,5000000.0,fund63,0.34602931728330577,0.08235756118734612,0.23800746663299982,-0.3946363814685885,14.577705828224131,-0.21611066610885335,0.8231960078758586,1704
totvol,advw,180,180,,,W,rank,5000000.0,none,0.3458329216564648,0.09765562874159751,0.28237805780273373,-0.6554127028809319,13.097263808673429,-0.26567093021527105,1.0528197521817337,2021
beta,eqw_top100,180,90,1.0,0.6,W,rank,50000000.0,fund63,0.34581167337297103,0.10750580307044454,0.3108796242239499,-0.682915688498474,24.348514220021002,-0.49950640633890486,1.1599151407272583,1704
beta,btceth,365,180,3.0,0.4,W,q20,50000000.0,fund63,0.34531344348947207,0.13304010813642517,0.385273468626139,-0.6644239176585403,24.79667166447913,-0.02181791621490785,0.6283008022952737,1704
beta,btceth,365,90,1.0,1.0,W,rank,50000000.0,none,0.3452626553722173,0.12639598365598428,0.3660864611022601,-0.7893498108611223,27.716999330431285,0.09504890584211756,0.6786748087879899,2021
beta,eqw_top100,180,90,1.0,0.6,W,rank,20000000.0,fund63,0.34514263533488454,0.09114070339068471,0.26406677721010274,-0.5557233032356188,23.438468045901207,-0.3185561884727029,0.9045432418212997,1704
beta,advw,180,90,1.0,1.0,M,rank,20000000.0,none,0.3450277615614237,0.11395501963753507,0.33027782785313115,-0.8152604117493211,18.948481010589187,0.4428228674643706,0.23322923131143067,2007
beta,sqrt_advw,180,90,1.0,0.6,W,rank,50000000.0,fund90,0.344996784956408,0.09816606376003215,0.28454196688365047,-0.6120939098801044,21.831071942890727,-0.6455891934931455,1.264803259762411,1673
beta,advw_top100,180,90,1.0,0.6,M,rank,20000000.0,fund63,0.34472693096329765,0.07869895787440756,0.22829361678965102,-0.43699707953188294,14.986422284290553,-0.051743412480072526,0.6797359014052319,1704
beta,btc,365,90,1.0,1.0,M,q20,50000000.0,fund63,0.34466375712817493,0.1525614501695783,0.44263850496135326,-0.7925804880884492,15.877294781934319,0.5152281356803354,0.18340678348594502,1704
beta,advw_top100,365,180,3.0,1.0,M,rank,5000000.0,none,0.3444716349225971,0.10689037157849562,0.31030238992686265,-0.653979461590726,10.653409253697546,0.0782493802264166,0.6477211444386133,2007
beta,advw,365,180,3.0,0.8,W,q20,20000000.0,none,0.3437114016401079,0.17073617512667758,0.49674283224811777,-0.9253446971393366,27.67715931752095,0.08776083630689677,0.7270762684690939,2021
beta,sqrt_advw,365,180,3.0,0.6,W,rank,5000000.0,fund90,0.343526876043601,0.06548193160133113,0.1906166188668745,-0.299942626862064,12.57027431586713,-0.37043940661823677,0.9562956521603461,1673
beta,eqw,365,90,1.0,0.4,W,q20,5000000.0,fund63,0.34297695476827883,0.08833395619690884,0.25755070411826586,-0.2945467988861546,20.781424201070664,-0.02434431859709088,0.6756413542444331,1704
beta,advw_top100,365,180,3.0,0.8,W,rank,5000000.0,fund63,0.3428956675710467,0.07532708300673117,0.21967930811235364,-0.34553296247631404,13.42460844207974,-0.18482641820283338,0.7679875016036128,1704
beta,advw_top100,365,180,3.0,0.4,M,q20,5000000.0,none,0.3427743989000153,0.11662686652943495,0.34024380730794923,-0.8688661204811559,14.345095953601648,-0.043269997291504866,0.7595092785621361,2007
beta,eqw_top25,180,90,1.0,0.6,W,q20,20000000.0,none,0.34255129513604504,0.17374751699891527,0.5072160562986954,-1.1427692892133001,37.70749948134301,0.4393199322191893,0.23463563908481866,2021
beta,advw,365,90,1.0,0.4,W,rank,5000000.0,fund90,0.34244288143320856,0.06426655709604628,0.18767088054823852,-0.2447611336644959,15.539107452995358,-0.05072964031395382,0.7083648118215805,1673
beta,btceth,365,180,3.0,0.8,M,q20,20000000.0,none,0.3421259330741178,0.1411787894863874,0.4126515292712481,-0.7093918379095459,18.684767208407088,0.40954972722165306,0.26594714794495944,2007
beta,eqw_top25,365,90,1.0,0.8,W,q20,5000000.0,fund63,0.34208059719994666,0.1266112709439389,0.37012117021631136,-0.44292227651751914,24.85688039850419,0.302887475582263,0.378630241532948,1704
beta,eqw_top100,365,180,3.0,1.0,W,rank,20000000.0,fund63,0.3415675892993361,0.10864709111275163,0.3180837249096771,-0.41555597526283766,20.30849140342557,0.15336259210093312,0.49771050565084546,1704
beta,advw_top100,180,90,1.0,0.8,M,rank,50000000.0,none,0.34141023800418413,0.1166599822031981,0.34170030425909015,-0.7172980020223717,20.546849282074614,0.44194541912776786,0.22725179704730342,2007
beta,btceth,365,90,1.0,0.4,M,rank,50000000.0,fund63,0.3413555641631466,0.09137233025367356,0.2676749402860277,-0.4934936910409844,15.239232959830245,-0.17978149616848552,0.8248617852532836,1704
beta,advw_top100,365,180,3.0,0.4,W,rank,50000000.0,none,0.34107373092247617,0.11737935373275682,0.34414656741605343,-0.7006417699211854,24.139096336669468,-0.2591845759022568,0.906094087361214,2021
beta,advw,365,180,3.0,0.4,M,q20,5000000.0,none,0.34103601695350977,0.11510209572002539,0.3375071546643009,-0.8845694266923148,14.349175828053257,-0.08128747181072579,0.7958620980417445,2007
idvol,advw,90,90,,,M,rank,50000000.0,fund90,0.3409807012461654,0.09538370142671568,0.2797334308895534,-0.35684525855928634,13.825075869536388,0.13417634619707586,0.5213219069946424,1673
beta,eqw,180,90,1.0,1.0,M,rank,20000000.0,none,0.34049994867545824,0.12730126496224606,0.37386573906236065,-0.9773977240148113,19.759839038558738,0.3560521824082095,0.3252075383451576,2007
beta,advw,365,180,3.0,0.4,M,rank,5000000.0,none,0.3404152570579399,0.08810225449024886,0.25880818401524674,-0.6100614914317517,10.721218810598259,-0.18166097883517793,0.9030495485591896,2007
beta,eqw_top100,180,90,1.0,0.4,W,rank,50000000.0,none,0.340268276103944,0.12585970270204705,0.36988374039194843,-0.8833723912092807,30.46947282585747,0.1157306530310685,0.5637767640369353,2021
beta,advw_top100,180,90,1.0,0.4,W,q20,20000000.0,fund90,0.3401521404341,0.10579805864182391,0.3110315828288045,-0.6964893610519559,24.89579825352204,-0.5458295696478194,1.0812720055383391,1673
beta,advw_top100,365,180,3.0,1.0,W,q20,50000000.0,fund90,0.3400870455032152,0.14541316549306535,0.42757631440475014,-0.615960172217223,23.782940123370498,0.13526446022919753,0.5109833269106743,1673
beta,eqw_top25,365,90,1.0,0.8,M,rank,5000000.0,fund63,0.3395870086570906,0.09814503664887964,0.289012930845022,-0.3360514398147319,12.70717111453065,0.34020887431298097,0.3394528018484369,1704
beta,btc,365,90,1.0,0.4,M,rank,20000000.0,none,0.33942069909776434,0.09467157206877275,0.2789210331615757,-0.5974016712558404,18.351830497543077,0.16555320655372177,0.5829797986956441,2007
beta,advw_top100,180,90,1.0,0.6,W,q20,20000000.0,fund63,0.33883706922926815,0.1058441252432123,0.31237469230851694,-0.6511150407091021,26.802249704262348,-0.08409211859470159,0.7093112455595904,1704
beta,sqrt_advw,180,90,1.0,0.6,W,rank,50000000.0,fund63,0.33881813576531145,0.09957943797694564,0.29390232536407424,-0.6659977793733443,23.532647024209606,-0.47739391365407885,1.1044655461312918,1704
beta,advw_top100,365,180,3.0,1.0,M,q20,5000000.0,none,0.3375349759053038,0.1442901399629198,0.42748203967875825,-0.8463809443159228,14.788378458122768,0.1798017439092324,0.5080956298058138,2007
beta,eqw_top25,365,180,3.0,1.0,W,rank,20000000.0,fund90,0.33752554213111846,0.11077686450329222,0.3282029081528258,-0.4322440411123012,20.130087147987638,0.07775111023320452,0.5857894182561904,1673
beta,eqw,365,180,3.0,0.8,M,rank,5000000.0,fund90,0.3370421012216221,0.07002604477926501,0.2077664615947174,-0.24980529496694112,8.612760086312907,-0.14172851251395746,0.7428753915561016,1673
beta,sqrt_advw,730,180,3.0,0.8,M,rank,50000000.0,fund63,0.3366834376481645,0.0994131248572404,0.2952718005722856,-0.4644047474810981,13.745460107131214,-0.08022462126988798,0.7302769652653394,1704
beta,eqw_top100,180,90,1.0,0.8,W,rank,20000000.0,none,0.33643584270757165,0.12410481123231712,0.3688810628307174,-0.8624386074785366,29.266601056985248,0.36409166099131146,0.3064630300721228,2021
beta,advw_top100,365,90,1.0,1.0,M,rank,50000000.0,fund63,0.33612274392393665,0.1060433530788164,0.31548996607862284,-0.5317838323723033,15.036867164633232,0.15972876636861727,0.4941477568930568,1704
beta,advw_top100,730,180,3.0,1.0,M,rank,50000000.0,fund90,0.33607317214567456,0.09392322284618952,0.27947253940721417,-0.38144031862311195,12.169599407058989,-0.02887095522001801,0.6897023619296938,1673
beta,eqw_top25,180,90,1.0,0.4,W,rank,20000000.0,none,0.33604793546736245,0.11588716133527918,0.34485306738786475,-0.8548364068329727,29.068989660053766,0.2918978284492828,0.38122055508576447,2021
beta,eqw_top25,365,90,1.0,1.0,W,rank,20000000.0,fund90,0.33592775390501306,0.11832936410977965,0.3522464658970644,-0.6254220301519051,24.056892022064215,-0.12710379876194228,0.8207389265968721,1673
beta,eqw_top100,180,90,1.0,1.0,W,rank,20000000.0,none,0.3353982343292604,0.14181133988630987,0.4228148075075842,-0.9099297756986614,30.29636674405294,0.4228444811571571,0.23150443766606996,2021
beta,btc,365,180,3.0,0.4,M,rank,20000000.0,fund90,0.33531430576975835,0.07670414793443844,0.22875298373671807,-0.42040595106588896,11.932666684563356,-0.2987154285802926,0.8068836815468509,1673
beta,advw_top100,180,90,1.0,0.6,M,rank,50000000.0,none,0.33500172445096066,0.11099713572897152,0.33133302794451697,-0.7578695553979116,20.674648164877496,0.3993463277811199,0.26508333465319284,2007
beta,advw,365,180,3.0,0.8,W,rank,5000000.0,fund63,0.3347160404149725,0.07255144587860053,0.21675521074117954,-0.3516379769408211,13.334595756244482,-0.20074945336921088,0.7680682958461569,1704
beta,sqrt_advw,180,90,1.0,0.8,M,rank,50000000.0,fund90,0.33447238032320914,0.0958743354008886,0.2866435049382636,-0.49208837325896765,14.812385248413829,-0.28732529982896965,0.9013622092937749,1673
beta,btc,730,180,3.0,0.4,M,rank,50000000.0,fund90,0.3341170473256474,0.08549219139643659,0.25587497579287405,-0.5307507947880206,12.07152247428355,-0.6233859676608688,1.299350631145755,1673
beta,advw,180,90,1.0,0.8,M,rank,50000000.0,none,0.33404859497015343,0.11419043468430373,0.3418377936734217,-0.7299187720664722,20.50410020440512,0.42707762967705565,0.22808745636739233,2007
beta,advw,365,180,3.0,1.0,M,rank,5000000.0,none,0.3336364592035801,0.10317779581359611,0.30925216045000203,-0.6573005464154354,10.575634960918144,0.06929218123375043,0.6388715703176369,2007
beta,eqw_top25,730,180,3.0,1.0,M,rank,50000000.0,fund63,0.33320311417590776,0.12140349030772606,0.36435280807019577,-0.5687934426686433,15.876820315775914,0.020282934936332125,0.6321911552279971,1704
beta,btc,365,180,3.0,0.4,W,rank,5000000.0,fund63,0.3331204928314771,0.06262376495697651,0.18799133137887541,-0.48964887021689635,13.634502602121374,-0.7035272349695221,1.1184972985024817,1704
beta,btc,365,90,1.0,0.6,M,rank,20000000.0,none,0.33249894668915325,0.09975039015087041,0.3000021237484553,-0.6676471844106777,17.963707441875954,0.22851311293752896,0.5017931494957767,2007
beta,advw_top100,180,90,1.0,0.4,M,rank,20000000.0,none,0.3323458792634653,0.09346634383790468,0.28123214298622234,-0.7262892275325347,19.1714546111923,0.24952634413709565,0.4164952237317385,2007
beta,advw,180,90,1.0,0.4,M,rank,20000000.0,none,0.33199260725544444,0.0932379925585737,0.28084358061272663,-0.7386464420151209,19.142316772456848,0.2325300561803375,0.43416751186046426,2007
beta,btceth,365,90,1.0,0.6,M,rank,5000000.0,fund90,0.3318252006911096,0.06771454045724815,0.20406690123660148,-0.23997053228827164,9.821330263818842,0.19040035197542102,0.4823585861080766,1673
beta,advw_top100,180,90,1.0,1.0,M,rank,50000000.0,none,0.3316776286889076,0.12258778875740615,0.3695992076462464,-0.6873868107561381,20.549328120774636,0.46573241559896594,0.17714254790544656,2007
beta,advw_top100,365,180,3.0,1.0,W,rank,50000000.0,none,0.3316357705173663,0.12091020855887646,0.364587355490185,-0.5164431824992086,24.015406101597,-0.12748301826657613,0.8079662615591038,2021
beta,sqrt_advw,180,90,1.0,1.0,W,rank,50000000.0,none,0.33119555468814565,0.13142725705591046,0.3968267544522528,-0.8007358209163571,30.97039129021495,0.28546813983877395,0.3822986395808405,2021
beta,sqrt_advw,180,90,1.0,1.0,W,q20,50000000.0,fund63,0.33080841116780135,0.15124921004232336,0.45721089590313574,-0.633063096274388,31.64899141928721,0.2726512326019449,0.38203357176219244,1704
beta,sqrt_advw,365,90,1.0,0.4,W,rank,5000000.0,fund90,0.33069291703365195,0.0636769120033006,0.19255602017269907,-0.25884668831110613,15.754779574757261,-0.0567207958062394,0.6852587643481005,1673
beta,btceth,365,180,3.0,0.6,M,rank,20000000.0,fund90,0.33066417530659226,0.075357908785522,0.22789861863823024,-0.39391112924562854,11.814521972020305,0.027219485707327604,0.5686154340563351,1673
beta,eqw,365,180,3.0,1.0,M,q20,5000000.0,fund90,0.33052920011105824,0.11341738722789962,0.34313878226126837,-0.5197232114308976,11.517245277127122,0.04531520314612799,0.553933360044521,1673
beta,advw,365,180,3.0,1.0,M,q20,5000000.0,fund63,0.33041646110789036,0.11469262446953865,0.34711534675050054,-0.45532105885606206,11.78428262032421,0.03650229489594595,0.548242847029141,1704
idvol,advw,180,180,,,W,q20,5000000.0,none,0.33040796860862476,0.12077571375170049,0.3655351118203867,-0.8712313047805303,18.54724110536684,-0.3010716827721438,1.0840109099876523,2021
beta,advw_top100,180,90,1.0,0.6,M,rank,50000000.0,fund90,0.33038722952409916,0.0877731025392195,0.2656673584679735,-0.6118739930937034,14.100581592803527,-0.5097089132201258,1.07399117972536,1673
beta,btc,730,180,3.0,1.0,W,q20,20000000.0,fund63,0.3303479785699715,0.14741417417012947,0.44623906829478427,-0.8536309932423918,22.745138495466318,0.301606943379944,0.3623647061002061,1704
beta,eqw_top25,365,90,1.0,0.8,M,q20,5000000.0,fund90,0.33023535046219943,0.12199035852658169,0.36940430016302983,-0.4522526908537799,14.822226938119774,0.08703865554072235,0.5753275764883815,1673
beta,sqrt_advw,365,180,3.0,0.8,W,q20,5000000.0,none,0.3291247033874646,0.15278211789090265,0.46420738497723374,-0.9490860970143358,22.81842039191802,0.2385199283156412,0.47450529352260024,2021
beta,advw,365,90,1.0,0.6,W,q20,5000000.0,fund90,0.3291123375891874,0.08713401343006225,0.26475462472278016,-0.36962509067676486,19.53717756401864,0.13531130673370872,0.5223348247324117,1673
beta,eqw_top25,180,90,1.0,1.0,M,q20,5000000.0,none,0.3288806812498,0.17550345912433452,0.5336386997782686,-1.2299052613100305,22.56330328354176,0.6776240163914008,-0.04293951925701443,2007
beta,btc,365,90,1.0,1.0,M,rank,50000000.0,none,0.3286670368632006,0.1411235217163822,0.429381428278496,-0.6973591639897562,19.28175402236705,0.3760584625186391,0.27725503487162334,2007
beta,advw,180,90,1.0,0.6,M,rank,50000000.0,none,0.3284352832104959,0.10885726418097859,0.3314420518918833,-0.7697910466132807,20.6402535966521,0.3843777637167634,0.2675351938018216,2007
beta,advw,365,180,3.0,0.6,W,q20,20000000.0,none,0.3277849706975919,0.1557347225790155,0.47511245633862,-0.9636890466500792,27.419286386521424,0.017339847156528265,0.7897992401800779,2021
beta,btceth,365,90,1.0,0.6,W,q20,20000000.0,fund90,0.3276835982148205,0.09560888826279135,0.2917719677873921,-0.42721239298556235,23.422313953736705,-0.4233438167237125,1.0608124870261282,1673
beta,eqw_top25,180,90,1.0,0.8,W,q20,50000000.0,fund90,0.32765537519595705,0.14616638855070185,0.44609794197115127,-0.7456009591202509,30.796336887464488,-0.1289220623225919,0.7565634113460427,1673
beta,sqrt_advw,180,90,1.0,0.4,W,rank,20000000.0,fund90,0.3275372297696289,0.08365480327469413,0.25540547965656346,-0.5780808618417077,20.992959395185423,-0.7462860898103795,1.132096145829101,1673
beta,advw,365,180,3.0,1.0,M,q20,5000000.0,none,0.327075841832822,0.13742773927324406,0.420170864662904,-0.85357918693444,14.739992964814727,0.14515618030417343,0.5254745367396813,2007
beta,eqw_top25,365,90,1.0,1.0,M,rank,50000000.0,fund63,0.32642391239749635,0.127642526554089,0.3910330147585964,-0.5915465772567761,18.10061290029925,0.19205723884326306,0.45273073642745687,1704
beta,eqw_top100,365,90,1.0,0.6,W,rank,5000000.0,fund63,0.32569471581728743,0.07326832510596294,0.2249601284506746,-0.26362624966840287,17.7544881116041,0.14722041513542555,0.4900877550393513,1704
totvol,advw,90,90,,,M,q20,5000000.0,none,0.32548683297360825,0.11701060570829236,0.3594941295759882,-0.8206490028710086,16.656997610735566,-0.15302596150178532,0.8436472137590375,2007
beta,btc,365,180,3.0,0.4,M,rank,5000000.0,fund90,0.32523122285050055,0.05773944967897021,0.17753353805612745,-0.3301272776664338,8.34599275444042,-0.5531001136361569,0.9986459529205892,1673
beta,eqw_top100,365,90,1.0,1.0,W,rank,20000000.0,fund63,0.3248165644219355,0.1121912929914399,0.3453989275180677,-0.5628883751889138,24.066931700698927,0.16696903978168737,0.4579047559918392,1704
beta,eqw_top25,180,90,1.0,1.0,W,rank,5000000.0,none,0.32463934605955197,0.12979593105904721,0.3998157729015305,-0.9795070820501935,25.979657937837523,0.6502255987972464,-0.03878942691383874,2021
beta,btc,365,90,1.0,0.6,W,q20,20000000.0,fund63,0.32440891698919616,0.09912358769740251,0.3055513659037418,-0.5532567505138326,24.856550257137332,-0.0047003767448650586,0.6205584475442085,1704
beta,eqw,730,180,3.0,0.8,M,rank,50000000.0,fund63,0.3239981688831966,0.09548190165036853,0.2946988928347628,-0.45290652572466017,13.622060332818208,-0.06677058820190652,0.6881097292286323,1704
beta,sqrt_advw,365,180,3.0,1.0,W,q20,5000000.0,none,0.32369589545105487,0.16832784872153653,0.520018483666528,-1.1034072543360043,23.59057353483815,0.30026205502444603,0.36539894459592703,2021
beta,advw,180,90,1.0,1.0,M,rank,50000000.0,none,0.32360983582961556,0.119668517567145,0.3697925845188213,-0.7007840193941032,20.495322286311495,0.4512916834806255,0.1756753701770946,2007
beta,btceth,365,180,3.0,0.6,W,q20,5000000.0,fund63,0.32342810640584024,0.08523775044206494,0.2635446603243192,-0.4290387855517746,17.80291049341362,-0.18501244473024495,0.7051759124129079,1704
beta,sqrt_advw,180,90,1.0,0.4,W,rank,50000000.0,none,0.3230983430343325,0.11437453454493969,0.35399294676291865,-0.8354747508563606,30.06175524828735,0.11594108172896944,0.5299659346301882,2021
beta,advw_top100,365,180,3.0,0.6,W,q20,5000000.0,fund90,0.3229577008708693,0.0808008009200141,0.25019004254158134,-0.38254534961935077,16.415573931868327,-0.36764750321183437,0.8991826443808911,1673
beta,sqrt_advw,365,180,3.0,1.0,M,rank,5000000.0,fund63,0.32283032070492496,0.08546798394355323,0.2647458384854536,-0.34914333970606976,9.62022534826079,0.026683772137267713,0.5570710296807163,1704
beta,advw,180,90,1.0,0.4,W,rank,20000000.0,fund63,0.32260699791937164,0.08071482514722958,0.2501955185962904,-0.5970212951854261,22.326394343652815,-0.5143450576029863,0.9781722880144258,1704
totvol,advw,180,180,,,W,q20,5000000.0,none,0.32243418253280376,0.11882832342259282,0.3685351301439743,-0.845808423226806,18.284943879770264,-0.18328166659504797,0.9252116842218795,2021
beta,btc,365,90,1.0,1.0,M,q20,50000000.0,fund90,0.32230283867213383,0.13665569293033347,0.4239977950344644,-0.8168491667171853,14.538079349692884,0.13894232269421244,0.5592019941724754,1673
beta,btc,365,180,3.0,0.4,M,q20,20000000.0,fund90,0.3219339147031869,0.09181121377683187,0.285186523021282,-0.522162748815499,13.09822437087339,-0.08779617988455501,0.6553245125259511,1673
beta,btceth,365,90,1.0,0.4,W,q20,5000000.0,none,0.3214331276078028,0.10799198870743597,0.3359703136734636,-0.771353895070791,28.047732827508487,0.4144309491664202,0.21212209585806943,2021
beta,advw,180,90,1.0,1.0,W,q20,50000000.0,none,0.3214198824050102,0.1649403707226283,0.5131616920785024,-0.9906419010342677,40.09406686483505,0.458196830239237,0.17329627804548844,2021
beta,sqrt_advw,180,90,1.0,0.8,W,rank,20000000.0,none,0.32134303322561936,0.11270400710169018,0.35072802410052295,-0.8546639583311858,28.00499533302282,0.39000734212992866,0.24041039228333813,2021
beta,advw_top100,180,90,1.0,0.6,M,rank,50000000.0,fund63,0.32123480289316336,0.08796688312059893,0.2738398278403696,-0.6463601162537078,15.19274400361683,-0.38622503015006904,0.9393292533299836,1704
beta,eqw,365,180,3.0,1.0,M,q20,5000000.0,none,0.3211762936434225,0.1512038070218238,0.47078134350007106,-0.9037825530148225,15.38640791182809,-0.014466447711690443,0.7215557245555432,2007
beta,btceth,730,180,3.0,0.4,M,rank,50000000.0,fund63,0.3211274130578247,0.08740499673921158,0.27218167364451296,-0.5892406692962768,13.293992154585208,-0.46767027228257474,1.0456612439710995,1704
beta,advw,180,90,1.0,0.6,M,rank,50000000.0,fund90,0.32079641729849095,0.0847691357528179,0.2642458929768623,-0.6116737553325302,14.083368581661166,-0.5377894176693687,1.075677045028239,1673
beta,btceth,365,180,3.0,0.6,M,rank,5000000.0,none,0.3207197583481602,0.0856594178817833,0.2670849414546981,-0.5899118758690536,10.64896340426455,-0.02409330613338512,0.7405331819986823,2007
beta,eqw_top25,365,180,3.0,1.0,M,q20,5000000.0,fund90,0.3201801753430901,0.1333103820468562,0.41636051296432386,-0.6019933519220673,13.254618657678822,0.09373474764671494,0.5206380220314808,1673
beta,sqrt_advw,180,90,1.0,1.0,W,rank,20000000.0,none,0.3199453032029114,0.1260711982545762,0.3940398467878774,-0.8700367623737446,28.52648480050519,0.44643222372848557,0.16880183806939536,2021
beta,btc,365,180,3.0,0.8,M,q20,50000000.0,fund63,0.31969633687918236,0.13192602375651757,0.4126604172082654,-0.7488462233256012,14.604685193851704,0.7331211836296957,-0.011436439510119493,1704
beta,sqrt_advw,365,90,1.0,0.4,W,q20,5000000.0,fund90,0.31955953564351175,0.08051726955568424,0.2519632825024073,-0.3522463144672608,19.65251793174141,-0.0008541659064495928,0.6079626639015965,1673
beta,sqrt_advw,365,90,1.0,1.0,M,rank,50000000.0,fund90,0.31951658802499217,0.10646257536044529,0.33319889905721556,-0.48994598750651563,14.76160381546273,-0.028803788178053933,0.6341288063472424,1673
beta,eqw_top100,180,90,1.0,0.6,W,rank,20000000.0,none,0.3194175579257902,0.1091130343542193,0.3415999892515908,-0.8912566957687256,28.54286319502174,0.28074481601185636,0.37048910970377047,2021
beta,btceth,365,90,1.0,0.8,M,q20,20000000.0,fund90,0.3193266730149472,0.1024192845595415,0.32073513807206255,-0.5863778619162339,14.367795493147772,-0.0034899770178339,0.66075195338706,1673
beta,eqw_top25,180,90,1.0,1.0,M,rank,50000000.0,fund63,0.3191869553177069,0.12230608840393452,0.38318009669973996,-0.5822190353412761,18.190088740256503,0.2530320344917934,0.38210711409663667,1704
beta,eqw,365,90,1.0,0.4,W,rank,5000000.0,fund63,0.31911480758835536,0.06284700088895018,0.1969416629829981,-0.2569108031554431,16.94142875761778,-0.03936854194952345,0.6428804074533291,1704
beta,eqw_top100,365,180,3.0,1.0,W,rank,20000000.0,fund90,0.31909289612142905,0.09697293130824439,0.3039018808846871,-0.42549951939687847,18.82436298940096,-0.0066147685084992,0.6080099509210611,1673
beta,btceth,365,180,3.0,0.4,M,rank,5000000.0,none,0.31903418427437147,0.08279804773030496,0.25952719743379626,-0.6265794963397457,10.78401664886946,-0.12774115521549476,0.8229214008215369,2007
beta,btceth,365,90,1.0,0.6,W,rank,50000000.0,fund63,0.31896899464175105,0.08423676617220523,0.2640907661473976,-0.4000524639150238,21.388184843146995,0.022723666934971274,0.5995520632656365,1704
beta,advw_top100,180,90,1.0,1.0,M,q20,20000000.0,fund90,0.31886985596067124,0.11757475634676963,0.368723333827049,-0.514724717312812,15.517559837259466,-0.03488552304189777,0.6916027210852889,1673
beta,btc,730,180,3.0,1.0,W,q20,20000000.0,fund90,0.31870573818720044,0.139104726810808,0.4364675942204123,-0.8883634109661791,21.015593547175826,0.16494778631254733,0.4320844128616461,1673
beta,btceth,365,180,3.0,0.4,W,rank,50000000.0,fund90,0.3186657016608168,0.086933412456333,0.2728044216972671,-0.45282821911501037,17.438247779525184,-0.0890946292672199,0.6722719973720006,1673
beta,advw_top100,365,180,3.0,0.8,W,q20,5000000.0,fund63,0.3178632039005706,0.0936820690652864,0.2947244849850273,-0.3532891570885188,18.073077765538606,-0.16604904932150036,0.6979365264302669,1704
beta,advw_top100,365,90,1.0,0.8,M,rank,5000000.0,fund63,0.31755119545951227,0.08125227070351031,0.25587140550969817,-0.31079640018607907,11.04661798627451,0.36040674788094706,0.2807713147438111,1704
beta,sqrt_advw,365,180,3.0,0.6,W,q20,5000000.0,none,0.3166913598595715,0.136845638747732,0.43211042703663466,-0.8739988025701989,22.290825791546172,0.16032869335818542,0.5597854518285095,2021
beta,btc,365,90,1.0,0.8,M,rank,20000000.0,none,0.31659179945955007,0.10813965099547314,0.3415743906825034,-0.7490013961415993,17.744539655430888,0.26490635764669773,0.41716628367634256,2007
beta,advw,365,90,1.0,1.0,M,rank,50000000.0,fund63,0.3161516351713575,0.09941985670232016,0.314468899230692,-0.5229960585883843,14.9411580625373,0.15645077662870246,0.45841170044109736,1704
beta,btceth,365,90,1.0,0.4,W,q20,5000000.0,fund63,0.3157947171042317,0.0777152684455861,0.2460942638883198,-0.3642039422337951,20.93461884312368,-0.17338907630512473,0.7484656193343024,1704
beta,eqw_top25,365,90,1.0,1.0,M,rank,5000000.0,none,0.315723917019184,0.12816208899988718,0.40593088483727313,-0.9148669619646342,16.560625751778158,0.2145135945317594,0.4244387794136719,2007
beta,btc,365,90,1.0,1.0,M,q20,5000000.0,none,0.3156202065809122,0.17294502428074654,0.5479529531846069,-0.8399160526069811,18.39037125939234,0.4846177048053271,0.06902257741650439,2007
beta,advw_top100,365,90,1.0,1.0,W,rank,5000000.0,none,0.31542305421955164,0.11053413421842244,0.3504313738002316,-0.9538933496276305,20.817016748066756,0.3281930790211093,0.30204486678172554,2021
beta,eqw,180,90,1.0,1.0,W,q20,50000000.0,fund90,0.31460911060916935,0.14289133855459724,0.4541869060241786,-0.6519091132852659,29.978901343727664,-0.12074615329854073,0.6887227733917469,1673
beta,eqw,730,180,3.0,1.0,W,q20,5000000.0,fund90,0.31460211570920166,0.10371785836073838,0.3296794687058259,-0.6276620957231429,16.568349213226984,0.16233081496095927,0.44169005600252786,1673
beta,eqw_top100,365,90,1.0,0.8,M,rank,5000000.0,fund63,0.3143552232811031,0.08639859324150977,0.27484382902793475,-0.3430170651722679,12.10273236106086,0.29220392921413685,0.3348899631655029,1704
beta,btc,365,90,1.0,0.4,W,q20,20000000.0,fund90,0.3136712000819642,0.08727383073004298,0.2782334836836719,-0.5590722618750241,23.53773822326769,-0.5611368443612625,1.1658262299645408,1673
beta,advw_top100,365,180,3.0,0.8,M,q20,5000000.0,fund90,0.31278822463054834,0.08888895881195767,0.2841825612743235,-0.37900500237747836,10.662774133804524,-0.11951581934917398,0.6734045323094328,1673
beta,btc,365,180,3.0,0.6,M,q20,20000000.0,fund63,0.3126545893720811,0.09673009988866488,0.3093832720732885,-0.5664492989997219,14.275961582571952,0.500951177678632,0.17234405144635054,1704
beta,eqw_top100,365,90,1.0,1.0,M,rank,50000000.0,fund90,0.3124416840999117,0.11394781613129382,0.36470106880763037,-0.5415684555818358,15.813243179166795,-0.03460743999634985,0.632282181683904,1673
beta,eqw_top100,365,180,3.0,0.8,W,q20,5000000.0,fund90,0.3123494780786841,0.09657828978012246,0.30919945944584987,-0.4264072708519082,18.1995570311514,-0.1600456789110326,0.7223865684457189,1673
beta,btceth,365,180,3.0,0.6,W,q20,50000000.0,fund90,0.3119438730475773,0.11563824229756677,0.37070207908821384,-0.5266128006529074,22.991369767346043,0.1934257360259803,0.4088004313134711,1673
beta,advw_top100,365,90,1.0,0.8,W,rank,5000000.0,none,0.31126814387278195,0.09434568840856929,0.30310100877887847,-0.8710380703410657,20.662809119157266,0.28953291841855455,0.3373752086831416,2021
beta,advw_top100,365,180,3.0,1.0,M,q20,5000000.0,fund63,0.3104339862122743,0.11062948600031605,0.35637040695881717,-0.4551668133072897,11.838384083574216,0.04935139354083145,0.5041020416041664,1704
beta,eqw_top25,180,90,1.0,0.6,W,rank,20000000.0,fund90,0.3100496221496022,0.08896143523523115,0.28692644299468395,-0.6239431731509939,22.869654372665636,-0.4978408024581083,0.926195881987212,1673
idvol,advw,90,90,,,W,rank,20000000.0,none,0.310023870448763,0.10625746627199933,0.34273962878468184,-0.8094220494415852,24.599876816788147,-0.6105894350360335,1.4545608029270953,2021
beta,eqw_top100,365,180,3.0,1.0,W,q20,5000000.0,none,0.3095108719351447,0.17315932126075181,0.5594611917123086,-1.213126276146809,24.752831486288816,0.19219742610979243,0.47463862380155514,2021
beta,btceth,365,180,3.0,0.4,M,rank,20000000.0,none,0.30944135000850664,0.08900230360236672,0.2876225287923544,-0.5684712508002971,15.569554760076098,0.05556493997890916,0.5740203339435612,2007
beta,eqw_top25,365,90,1.0,0.6,W,rank,5000000.0,fund90,0.3092119969309837,0.06926626661845359,0.22400898835084282,-0.2884249573973031,17.05057164293504,0.06715686876752293,0.5537399137478773,1673
beta,eqw_top25,180,90,1.0,0.6,W,q20,20000000.0,fund90,0.30910712804689927,0.12751717452002836,0.4125339176930297,-0.9752199202135042,27.70795726630611,-0.3909292240035345,0.8068976376799516,1673
beta,eqw_top100,730,180,3.0,1.0,M,rank,50000000.0,fund90,0.3090992551958706,0.10395131754171678,0.3363040052485558,-0.45213616248538263,13.895973904026697,-0.022492116734326256,0.6271412956777807,1673
beta,eqw_top100,365,90,1.0,1.0,W,rank,20000000.0,fund90,0.3089583869261034,0.10254916430989357,0.33191901773626636,-0.5578839311504549,22.510475971914992,-0.16448132533330592,0.7608149299506021,1673
beta,advw,180,90,1.0,0.6,M,rank,50000000.0,fund63,0.3088475702449913,0.0841011509032139,0.2723063381606053,-0.6499907248204689,15.170572060974681,-0.4207783925654076,0.9454829651357608,1704
beta,eqw_top100,180,90,1.0,1.0,M,rank,20000000.0,fund63,0.30877010685391165,0.09929261557757056,0.3215745740067669,-0.551947557331305,16.81097624480579,0.3056839958842539,0.31221255383658064,1704
beta,btceth,365,90,1.0,0.6,M,rank,50000000.0,fund90,0.3087405159009603,0.07734209966189225,0.2505084226998653,-0.48267363217665576,13.614776331592793,-0.3259897758615803,0.9570453420851991,1673
beta,btceth,365,180,3.0,0.6,M,q20,20000000.0,fund90,0.3086112083116756,0.09142203650494304,0.29623692867503765,-0.5989479977687574,13.259585819703371,0.21900750491633014,0.38480886867534964,1673
beta,advw_top100,180,90,1.0,0.4,M,rank,50000000.0,none,0.3083314275534947,0.1055641730312323,0.34237240708431255,-0.863428418873074,20.937091673921504,0.3332913476911454,0.28281216939497894,2007
beta,eqw_top100,365,90,1.0,0.8,M,q20,5000000.0,fund90,0.3076042949604514,0.10784356329348486,0.3505918644840452,-0.5224412998459412,13.957408653146498,0.14035335969324791,0.4644868549953033,1673
beta,advw,180,90,1.0,0.8,W,q20,50000000.0,none,0.3073392640680154,0.14300468213143996,0.4652990972861588,-1.0550395658279703,39.12186969590065,0.3982461876545144,0.20912404832904452,2021
beta,sqrt_advw,180,90,1.0,0.6,W,rank,20000000.0,none,0.30718887694523456,0.10082514919086348,0.32821874995440836,-0.8784791517885795,27.70883265149202,0.3085595907361573,0.308244355448345,2021
beta,advw_top100,365,90,1.0,0.8,W,q20,5000000.0,fund63,0.3070958782141135,0.10147691602185681,0.33044050155275945,-0.38054692965812936,21.13243564054924,0.425071008615756,0.20541252133434953,1704
beta,advw,730,180,3.0,1.0,M,rank,50000000.0,fund63,0.3068831566120209,0.09009189431595364,0.29357067136093395,-0.488755333592427,13.139968273129067,-0.02995832026367561,0.6113746744874833,1704
beta,eqw,180,90,1.0,0.8,M,rank,50000000.0,fund63,0.3066768056528195,0.08986580301635211,0.2930309738457584,-0.4962691891401714,15.969556595563933,-0.12091599126383314,0.6760069850150103,1704
beta,btceth,365,180,3.0,0.8,M,rank,5000000.0,none,0.3056222501233728,0.0897453259852859,0.29364788050954316,-0.5904242255014781,10.590305763101536,0.06284298265467855,0.6121433324538964,2007
beta,eqw_top25,365,180,3.0,1.0,M,rank,5000000.0,fund90,0.3052375110623718,0.09187525661475007,0.30099595654210537,-0.39439110780403935,10.02809749495827,0.14404922924866576,0.457823969030776,1673
beta,btc,365,180,3.0,0.6,M,rank,20000000.0,fund63,0.3051931518718552,0.07457699167641413,0.2443599773422425,-0.4502046645416158,12.859603309215265,0.1416508742298735,0.4286835127859861,1704
beta,btceth,365,180,3.0,0.6,W,rank,5000000.0,fund90,0.3050420985780255,0.05808121073301588,0.19040391802890616,-0.2892100741904553,12.268556803229783,-0.41104958523481794,0.8931722885325925,1673
beta,advw_top100,365,90,1.0,1.0,W,rank,20000000.0,fund63,0.3049658942357989,0.09074799874233361,0.29756769677388073,-0.5446608953562775,21.36797228863576,0.2384593985940271,0.3624594188719094,1704
beta,eqw_top25,180,90,1.0,1.0,W,q20,50000000.0,fund63,0.3045440800642165,0.16170289418863548,0.5309671235590545,-0.9147429652943737,35.31090611508349,0.22568140106107057,0.37665969475407757,1704
beta,eqw_top25,180,90,1.0,1.0,W,rank,50000000.0,none,0.30452909241660026,0.1341095750557897,0.4403834589055479,-0.784257060283629,34.302748098865884,0.3792903243999816,0.22647233910881137,2021
beta,eqw_top25,365,180,3.0,1.0,W,q20,5000000.0,none,0.3044840711118228,0.1716614710279859,0.5637781654756666,-1.1347124536398616,25.91219935461537,0.2898122355510366,0.32903441512393833,2021
beta,advw,180,90,1.0,0.6,M,rank,20000000.0,fund90,0.30379620554275016,0.0665689507082828,0.2191237069250202,-0.4471574004197909,13.846159511376928,-0.38874807316494664,0.9036042439258578,1673
beta,advw,365,90,1.0,1.0,W,rank,5000000.0,none,0.30343668358019116,0.10600494880403047,0.3493478361063614,-0.9597720582875109,20.684917941756023,0.3136685245979738,0.29294100003467977,2021
beta,btc,365,90,1.0,0.4,W,rank,50000000.0,fund63,0.30336037514830516,0.08266665112589215,0.2725031279562418,-0.4488645894114258,21.710036708584543,-0.18512645345821455,0.804833750507564,1704
beta,eqw_top100,365,90,1.0,0.4,M,q20,5000000.0,none,0.3031519783198405,0.10770528620640218,0.35528478752913734,-0.7682778929968264,19.054373853040325,-0.18754280867114015,0.8908798499807173,2007
beta,eqw_top100,365,180,3.0,0.8,W,q20,5000000.0,none,0.30306010521684634,0.14785000945775995,0.4878570518279531,-1.1242637426743203,23.51031626393948,0.10596389684312171,0.5956390453393412,2021
beta,btc,365,90,1.0,0.4,W,rank,20000000.0,fund63,0.3027040062680222,0.06614914398641095,0.2185274810265997,-0.4096162847851879,20.8234058413933,-0.2607997700934597,0.7948326770869998,1704
beta,advw,180,90,1.0,0.4,M,rank,50000000.0,none,0.30248798829478113,0.10361406821018902,0.3425394469191776,-0.8645237122074174,20.91108334796778,0.31880525827575174,0.2857226939025576,2007
beta,btceth,180,90,1.0,0.6,M,q20,20000000.0,none,0.30244737918702336,0.11506175731926722,0.38043562363989564,-1.1067744185701163,22.25145040919501,0.5161709853668565,0.04435666284007257,2007
beta,advw_top100,180,90,1.0,0.6,M,rank,20000000.0,fund90,0.30211954344244035,0.06701315181017226,0.2218100525593425,-0.44028102527554586,13.908371612294351,-0.3794581095344486,0.8958819824248739,1673
beta,advw,180,90,1.0,0.4,W,rank,50000000.0,fund90,0.30210377377991726,0.0877240075844604,0.2903770664194595,-0.6746900356084068,21.371532380231724,-0.8158783864780158,1.2687205908782515,1673
beta,eqw,365,90,1.0,0.6,M,rank,5000000.0,fund90,0.30168039102713395,0.06182013955869742,0.2049193165926954,-0.32315142701108074,10.431675919575397,0.08989398205938731,0.5022019532834675,1673
beta,advw,365,90,1.0,0.8,M,rank,5000000.0,fund63,0.30165285959828075,0.07643409577985505,0.2533842904113171,-0.30942105302489575,10.98612427466841,0.3517644884175842,0.258587117553875,1704
beta,btc,730,180,3.0,0.4,M,rank,50000000.0,fund63,0.30156721550296456,0.08095531781266768,0.26844866965279207,-0.6137472415022721,13.250482621461115,-0.5864159447022154,1.1814788442178454,1704
beta,advw_top100,180,90,1.0,1.0,W,q20,50000000.0,none,0.3015226208466313,0.1545111514264905,0.5124363505220465,-1.0109880199708825,40.224296783941014,0.46111304879568826,0.1293897226944799,2021
beta,advw,365,90,1.0,1.0,W,rank,20000000.0,fund63,0.30151752195777726,0.08924629900786775,0.29599042346986804,-0.5369825145331537,21.226031791770417,0.22553106160990605,0.366394091742791,1704
beta,btceth,180,90,1.0,1.0,M,q20,20000000.0,none,0.3015127054676264,0.14797383746672213,0.4907714825391004,-1.1281331015815108,22.65970021034136,0.6373830148119988,-0.12960048078120612,2007
beta,btceth,180,90,1.0,0.8,M,q20,20000000.0,none,0.3013433698034532,0.12771767705666714,0.4238277322642576,-1.0988385983087579,22.32600256488605,0.5878891218011703,-0.059587146356966776,2007
beta,eqw_top100,180,90,1.0,0.6,W,rank,20000000.0,fund90,0.301241825611346,0.07744532294043657,0.25708688620269626,-0.5097940118428169,21.83405613352164,-0.592526423373355,1.0439934874746042,1673
beta,eqw_top100,365,90,1.0,0.6,M,q20,5000000.0,none,0.30096372913131086,0.11431812723708171,0.37984021385914096,-0.840141663830209,19.5528262212922,-0.08720345464948827,0.7761002010325618,2007
beta,eqw_top25,180,90,1.0,1.0,M,rank,20000000.0,fund63,0.3007113850343073,0.10544501890149352,0.350651901288884,-0.6291895784318675,18.110150969516308,0.4582326405520135,0.1502309012332111,1704
totvol,advw,90,90,,,M,rank,50000000.0,fund63,0.3002865208539548,0.0908296731083017,0.3024766907618772,-0.4240489433611382,14.386740596879005,-0.019386450364432085,0.5708640839195784,1704
beta,eqw_top25,180,90,1.0,0.4,W,rank,50000000.0,fund90,0.29995768849021487,0.0974754061653615,0.324963852922014,-0.6587820893713792,22.63852706269697,-0.6105569837359603,1.116449712463262,1673
beta,eqw,365,90,1.0,0.6,M,q20,5000000.0,fund90,0.29993013331095925,0.08252598977861793,0.27515071215954573,-0.4319684685122076,12.924424467426778,0.11915851250914754,0.4593498803569912,1673
beta,eqw,180,90,1.0,0.4,W,rank,20000000.0,fund90,0.29976337667584646,0.07648780960373132,0.25516062186089705,-0.5712866978374158,20.909816348143043,-0.7435255641564338,1.0502780902302298,1673
beta,eqw_top25,365,180,3.0,0.8,W,rank,5000000.0,fund90,0.2992752477694498,0.07151773099532512,0.23896974951439895,-0.31820638963819764,13.99616362607577,-0.11190780809415438,0.6862794670585264,1673
beta,btceth,180,90,1.0,0.4,M,q20,20000000.0,none,0.299254883150418,0.10950420483322093,0.3659228670904579,-1.1490265563308544,22.43704467359568,0.40826380537710355,0.17688753957231307,2007
beta,advw,365,90,1.0,0.8,W,rank,5000000.0,none,0.2991489951202587,0.09054487561443825,0.30267484461393207,-0.8780795945021411,20.56026845595906,0.2724975694786102,0.3311649122224814,2021
beta,advw,365,180,3.0,0.4,W,q20,20000000.0,none,0.29909011274614516,0.14210676785704457,0.4751302761307214,-1.0783862038601475,27.42694557330121,-0.06324706717869162,0.8065948141457437,2021
beta,btc,365,90,1.0,1.0,M,rank,20000000.0,none,0.2989289010998113,0.1192173617817187,0.3988151073485947,-0.8375835612524277,17.67763801207421,0.2857247580708504,0.3427010283782638,2007
beta,btceth,365,90,1.0,1.0,M,q20,20000000.0,fund63,0.298079821725518,0.1160772508120259,0.3894166674553159,-0.7244755385999628,15.75787297207338,0.4363125487830714,0.18639749588324178,1704
beta,btceth,730,180,3.0,0.6,M,rank,50000000.0,fund90,0.2980034322515195,0.07337415787615555,0.24621917043635463,-0.45389495095880894,11.911858824515935,-0.41343613584451494,0.9976713696284846,1673
beta,btc,365,90,1.0,0.4,M,rank,5000000.0,fund90,0.29779998743841246,0.052571515806961545,0.17653296851744757,-0.19199726545829976,9.938232276734174,0.010724268164641143,0.5847489467049811,1673
beta,btceth,180,90,1.0,0.6,M,q20,50000000.0,none,0.2976560531506526,0.13418453883654824,0.4508039981590209,-0.8611618228168106,24.40703123168999,0.6127720039612852,-0.11247318878661569,2007
beta,advw_top100,180,90,1.0,0.4,W,rank,20000000.0,fund63,0.2975673895509913,0.07501014748040848,0.2520778489658884,-0.6102627456638787,22.408190198000817,-0.5380983318664155,0.9493672814612593,1704
beta,eqw_top25,365,90,1.0,0.4,W,rank,5000000.0,none,0.29749272524953263,0.08491045337854558,0.28542026803285325,-0.7894372285127422,21.73832088107,0.1463980463188012,0.4637793178478036,2021
beta,btceth,365,90,1.0,1.0,M,rank,5000000.0,none,0.2974472890150217,0.10577359848138196,0.35560451343041205,-0.7615069751335359,13.842964346059203,0.20524296096207822,0.4194216892093872,2007
beta,sqrt_advw,365,90,1.0,1.0,W,rank,20000000.0,fund63,0.2973865945793114,0.09472660043267149,0.3185301629573233,-0.5318278807983212,22.442781363187443,0.1978811485874749,0.38022771463452115,1704
beta,btceth,180,90,1.0,0.4,M,q20,50000000.0,none,0.2970997348440257,0.1322468062399467,0.44512596522300807,-0.9300661352875734,24.685575168798696,0.5463046545509351,-0.000540615289092839,2007
beta,eqw_top100,365,180,3.0,1.0,W,rank,5000000.0,none,0.2965074964058817,0.12079321754249787,0.4073867237985344,-0.9573259349520616,16.74678905854356,0.1530937059443618,0.5003161243824422,2021
beta,advw_top100,365,90,1.0,0.6,M,q20,5000000.0,fund90,0.29604413446300104,0.08079723549423065,0.27292293982040877,-0.32800041390929124,12.56973796096767,0.01483681328905019,0.5664536449248311,1673
beta,advw_top100,365,90,1.0,0.6,W,rank,5000000.0,none,0.2959399502965844,0.08021153189910755,0.2710398910952082,-0.7860279450705309,20.642212187751884,0.22847510523844056,0.37354268153130155,2021
beta,eqw,180,90,1.0,0.8,W,rank,50000000.0,fund63,0.2950881651708889,0.08970417170718227,0.30399108569885736,-0.5601782706547085,23.712835141761527,-0.3059970498287156,0.8149991488194299,1704
beta,advw_top100,730,180,3.0,1.0,M,rank,50000000.0,fund63,0.29494113785527243,0.08674409571578433,0.29410646594287443,-0.4879056684332767,13.200039020284281,-0.034499850219787576,0.5925677338126573,1704
beta,sqrt_advw,180,90,1.0,0.6,W,rank,20000000.0,fund63,0.2946447114944151,0.07557167763275628,0.25648407958677616,-0.5435236331563537,22.64117058635805,-0.329396299458474,0.7881895643107338,1704
beta,btceth,365,180,3.0,0.4,W,rank,50000000.0,fund63,0.2946443661718912,0.08311710090392191,0.28209295831379516,-0.5417812934998476,18.986077980490176,-0.1380234596858925,0.6599074974340267,1704
beta,advw,365,180,3.0,1.0,W,rank,20000000.0,fund63,0.2941691310611431,0.08164610279443836,0.2775481659136702,-0.3964643766154876,17.94533055605156,0.2103980980054963,0.3630173593629197,1704
beta,eqw_top25,180,90,1.0,0.4,W,rank,50000000.0,fund63,0.2940901821161948,0.09822145832147829,0.3339841460014161,-0.7341358475960249,24.389206387249335,-0.5335304154717417,1.046319642143988,1704
beta,eqw_top25,180,90,1.0,0.8,M,q20,5000000.0,none,0.2940374910877992,0.1284549283194192,0.43686581545841974,-1.0890573679562512,21.13982724275936,0.5887942208073492,-0.04446876429697705,2007
beta,eqw_top25,365,90,1.0,0.8,M,rank,5000000.0,none,0.29357291547393516,0.0972225602223848,0.3311700606489248,-0.8147340750893801,15.873241120413427,0.11093161002306319,0.5025091680224749,2007
beta,sqrt_advw,365,180,3.0,1.0,W,rank,20000000.0,fund63,0.29349491782411913,0.08573446938530331,0.29211568643475067,-0.3793683720637264,18.887523091824196,0.13110803673399615,0.4249138744701438,1704
beta,btceth,365,180,3.0,0.4,M,rank,50000000.0,none,0.2927817171513705,0.09631252053980423,0.3289567445565935,-0.8104699720580543,17.631438705131252,-0.13342341471060523,0.757412655341877,2007
beta,advw,365,180,3.0,0.6,W,q20,5000000.0,fund90,0.29258914456602403,0.07208716786567343,0.24637676825842264,-0.367718841220061,16.250607277730854,-0.4140417385839545,0.8858493873074128,1673
beta,eqw,365,180,3.0,0.8,W,q20,5000000.0,fund90,0.2924035303687408,0.08207860568952144,0.28070319666118504,-0.2789400412415822,17.115439322962832,-0.15751267685252726,0.674654245338736,1673
beta,btceth,365,180,3.0,0.4,W,rank,20000000.0,fund63,0.29193454093030663,0.07117982865745791,0.2438211950892465,-0.46843918649233324,18.13642896923888,-0.3074249577172676,0.7015571422729971,1704
beta,btceth,180,90,1.0,0.8,M,q20,50000000.0,none,0.29188662414114547,0.141611699020469,0.4851599467332592,-0.8981570561627032,24.422994110980554,0.6551481816294251,-0.20967711777915413,2007
beta,eqw_top100,365,180,3.0,0.8,W,rank,5000000.0,none,0.29179868305078366,0.104647866465285,0.3586303590241784,-0.8404990321934357,16.242548637175556,0.07118199781029666,0.6158416549277561,2021
beta,sqrt_advw,365,90,1.0,1.0,M,rank,50000000.0,fund63,0.2916838526922337,0.10053234514363017,0.34466201750874953,-0.4877697528894528,15.82068354128076,0.15979121844145394,0.40673753264447593,1704
beta,advw_top100,365,180,3.0,1.0,W,rank,20000000.0,fund63,0.29158937703675,0.08193658013537819,0.2809998806131111,-0.4061286710712745,18.122564468297618,0.22733919353744075,0.3454089735319965,1704
beta,btceth,365,180,3.0,0.6,W,q20,50000000.0,fund63,0.2909307269285137,0.1104267653267017,0.3795637762037947,-0.6028197525324817,24.641616266946098,0.15828427624016234,0.3938472411209192,1704
beta,btceth,365,180,3.0,0.6,M,rank,20000000.0,none,0.29076606784940046,0.08422829221087241,0.28967717187171116,-0.5415515578392605,15.316612566893788,0.1182850847759753,0.4845468386674676,2007
beta,eqw_top25,365,90,1.0,1.0,M,q20,5000000.0,none,0.29033451992361803,0.1594028476872601,0.5490316746668504,-0.991048781387839,22.574204607517714,-0.0022288785948130314,0.5980618471301957,2007
beta,advw,365,180,3.0,0.8,W,q20,5000000.0,fund63,0.2901552045205011,0.0836329539111391,0.28823523620521496,-0.3677537104305132,17.906146505050398,-0.15152112665654097,0.6458820220968994,1704
beta,eqw,180,90,1.0,1.0,M,q20,20000000.0,fund90,0.29000005186981426,0.11377487680461522,0.3923270912230408,-0.5037377779506633,16.4402950694268,0.0840633185493394,0.48303418393087294,1673
beta,eqw,365,90,1.0,0.4,W,q20,5000000.0,fund90,0.28970805027409763,0.07175076614801805,0.24766576586371505,-0.33048634677692773,19.288974782903566,-0.06778155730322352,0.614463366706436,1673
beta,btc,365,90,1.0,1.0,W,q20,20000000.0,none,0.28903253589337524,0.15400687335880003,0.5328357684119462,-1.1381785285259038,33.4485082806835,0.27757037249739996,0.3203430306239918,2021
beta,btc,365,180,3.0,0.4,M,rank,50000000.0,none,0.2889906403053256,0.0942208849948256,0.3260343826197241,-0.8974601385395593,17.446979904028936,0.07394653472203785,0.5430124081854656,2007
beta,eqw_top25,365,180,3.0,0.8,W,q20,5000000.0,none,0.28871991035351197,0.14037413448954544,0.4861948534053981,-1.0106315404970228,24.45073593747067,0.20146342797100802,0.4194000317843263,2021
beta,eqw_top25,180,90,1.0,0.8,W,q20,20000000.0,fund63,0.2885401180741072,0.1337033237832153,0.4633786271234408,-1.1009546318368726,31.34681261932495,0.06562941246478167,0.4552692963430413,1704
beta,eqw_top100,365,180,3.0,1.0,W,q20,5000000.0,fund63,0.2881794175399676,0.11415608754673344,0.3961285247961927,-0.5296343332743337,20.79822111488744,0.03842519710452153,0.48462929080909395,1704
beta,btceth,365,90,1.0,0.8,W,rank,50000000.0,fund90,0.2879228768414757,0.07525025494708391,0.26135559554204896,-0.41689569905635665,19.437649285991608,-0.24445605796777528,0.848303763238303,1673
beta,btceth,365,90,1.0,0.8,M,rank,5000000.0,none,0.2875850180261437,0.08798465859272313,0.3059431231731433,-0.6531140005645265,13.809571435782033,0.13887319925746472,0.4849905251678855,2007
beta,eqw_top25,365,90,1.0,1.0,M,q20,5000000.0,fund63,0.2875581067873905,0.14637691913636935,0.5090342288440327,-0.618782827326631,17.166935026701264,0.3945779346310468,0.1992722628933158,1704
beta,eqw_top100,365,90,1.0,1.0,M,rank,50000000.0,fund63,0.2873176637244764,0.10834013896811304,0.37707441151966875,-0.5376195321487481,16.937486195199636,0.12454265412336518,0.4323584510401757,1704
beta,sqrt_advw,365,180,3.0,0.8,W,rank,5000000.0,fund63,0.2872098490668411,0.06377150183272069,0.22203800475477226,-0.39065070127881407,13.841702829316548,-0.26230900394358125,0.7472039702111065,1704
beta,eqw,365,180,3.0,0.6,W,rank,5000000.0,fund90,0.2870301356193283,0.053583673392360476,0.18668309261932498,-0.31603989878892,12.518657753455166,-0.4165930441638577,0.8864779362217633,1673
beta,eqw_top25,365,90,1.0,0.8,M,rank,5000000.0,fund90,0.28683711649826815,0.07961249486920693,0.2775529744585464,-0.3551534941529604,11.741163386325372,0.2214199597560818,0.35725380531311435,1673
beta,eqw_top25,180,90,1.0,0.8,W,rank,50000000.0,none,0.286476784545784,0.11099090846506504,0.38743421614789425,-0.8013991007410282,32.88714881522948,0.30397391312638944,0.2681522121898312,2021
beta,advw,365,90,1.0,0.6,M,q20,5000000.0,fund90,0.28605563886714014,0.0774263879600485,0.2706689798763573,-0.34883786443560305,12.645484004344071,-0.014277577379872744,0.5700460213480731,1673
beta,advw_top100,365,90,1.0,1.0,W,rank,20000000.0,fund90,0.28523997272296986,0.0814348302102045,0.2854958561130401,-0.5439293506992497,20.034262999501014,-0.1818803807269009,0.7739167301624758,1673
beta,advw_top100,365,90,1.0,0.6,W,rank,5000000.0,fund63,0.28505388100752604,0.06040466190067409,0.21190611994887829,-0.25407372972720266,16.714207469221623,0.19025853706548657,0.37172524884782926,1704
beta,eqw_top25,365,90,1.0,0.8,W,q20,5000000.0,fund90,0.2847750962862603,0.10179729454714646,0.35746557853787275,-0.3985534858606127,23.135742123589996,0.14093131425284983,0.43785611263253804,1673
beta,sqrt_advw,180,90,1.0,0.8,M,rank,20000000.0,fund90,0.2844707714781368,0.06954466075963718,0.24447032079350925,-0.5004742989863987,14.34447728028665,-0.19718629118838488,0.7294776868909092,1673
beta,sqrt_advw,365,180,3.0,0.4,W,q20,5000000.0,none,0.28431170133385053,0.12082618745153836,0.4249778918162051,-0.9022806145995249,21.970264327535265,0.06882778620059164,0.5941789052435741,2021
beta,btc,365,90,1.0,0.8,M,rank,20000000.0,fund63,0.2838741623355818,0.07276240067995315,0.25631920876947256,-0.48995534658950496,13.967523680189046,0.4147092110589042,0.16693710508451923,1704
beta,advw,365,90,1.0,0.6,W,rank,5000000.0,none,0.28380625039365837,0.07690313692136394,0.2709705540829143,-0.7938015014435191,20.56568172001952,0.20936197366196704,0.36979076457163934,2021
beta,btc,180,90,1.0,1.0,M,q20,20000000.0,none,0.283802481159225,0.15852062754213594,0.5585596957949048,-1.1922776322984234,22.31211022584784,0.7546936580619467,-0.4597096243080241,2007
beta,btceth,180,90,1.0,1.0,M,q20,50000000.0,none,0.2835854896135519,0.15456060596133164,0.5450229705756622,-1.0184138283608828,24.736157780299038,0.6821853434186717,-0.2854423247453755,2007
beta,advw_top100,180,90,1.0,0.8,W,q20,50000000.0,none,0.28339189816942445,0.13188030086363492,0.46536369499452285,-1.0795850406037462,39.19770130037602,0.39993386070153564,0.1580017262012377,2021
beta,eqw_top25,180,90,1.0,0.8,W,rank,20000000.0,fund63,0.2829788595949,0.09118637938036482,0.32223742618407325,-0.6976195549645762,25.546565381442225,0.05467767574722737,0.46622049836325136,1704
beta,advw,180,90,1.0,0.4,W,rank,50000000.0,fund63,0.28279917711128705,0.0846722554612754,0.2994077151361554,-0.7464495093300891,23.04211685626458,-0.6990369590310881,1.1501733051232148,1704
beta,eqw_top100,365,90,1.0,0.8,M,q20,5000000.0,none,0.28261805225027414,0.12484239402752942,0.4417353846773187,-0.965931169747251,20.31044358836816,0.0031404376540797095,0.6127717281946166,2007
beta,btceth,365,180,3.0,1.0,M,rank,5000000.0,none,0.28247972780085795,0.09427806628614714,0.3337516182846618,-0.6542644156065849,10.604876391453425,0.12781106238950252,0.48047751046339876,2007
beta,advw_top100,365,180,3.0,1.0,M,rank,5000000.0,fund90,0.28212301249910116,0.06941212920353877,0.2460349781064383,-0.33613504583001186,8.387435084529672,0.02409230393365555,0.5098172713053813,1673
beta,eqw_top100,365,90,1.0,0.6,W,q20,5000000.0,fund90,0.28188767316263236,0.07996427615413747,0.28367425668877283,-0.3731728682984896,20.70960553951772,0.13724897025456398,0.4228435135986834,1673
beta,eqw_top25,180,90,1.0,1.0,M,rank,5000000.0,none,0.2816065810265611,0.10941068355374625,0.3885231771036865,-0.9078207354776503,17.161608949718854,0.5971955753913967,-0.05255358085081102,2007
beta,eqw_top100,180,90,1.0,0.4,W,rank,20000000.0,none,0.2812612043097354,0.09592789196465148,0.3410633620803674,-0.9349858579446173,28.062068568783307,0.1760128515140084,0.4033294580966485,2021
beta,eqw,180,90,1.0,0.8,M,rank,50000000.0,fund90,0.28114866520821635,0.08043956816809551,0.28611043950190057,-0.4764954169660789,14.887027903043306,-0.3232835335213494,0.8091130735364523,1673
beta,eqw,180,90,1.0,0.8,W,rank,50000000.0,fund90,0.2808446997538274,0.08300754371516064,0.29556386069568114,-0.5230723706637187,21.994439785541037,-0.56165746401393,1.0178535175644305,1673
beta,advw,365,90,1.0,1.0,W,rank,20000000.0,fund90,0.2806309202239695,0.07970758598673496,0.2840299490986984,-0.5355976020049078,19.889286251828345,-0.19035739808765628,0.7616188483213016,1673
beta,btceth,365,180,3.0,0.8,M,rank,50000000.0,fund63,0.280185206475164,0.07596886584825724,0.2711380333172273,-0.5198050111591974,13.115102640618643,0.018659779823752456,0.48906156102007053,1704
beta,sqrt_advw,365,180,3.0,0.8,W,rank,5000000.0,none,0.28007672007284806,0.09250962570458264,0.33030101780869486,-0.7999280744138934,15.517019822287635,0.09102766444824983,0.5490791560836978,2021
beta,btc,365,90,1.0,0.8,W,q20,20000000.0,none,0.28007638006943575,0.1273439092156415,0.4546756466363596,-1.045947938756341,32.8318960576569,0.206703743053822,0.3955117447621686,2021
beta,sqrt_advw,730,180,3.0,1.0,M,rank,50000000.0,fund90,0.27972416964970886,0.08593692885284623,0.3072202482912462,-0.4085844315184532,12.920476279031512,-0.0215782142102449,0.5652871937065598,1673
beta,eqw_top100,365,90,1.0,0.6,W,rank,5000000.0,fund90,0.27936587305342425,0.06057482552409962,0.21682972534199138,-0.2991486286049163,16.416532601742674,0.07021322534007375,0.48416790765676376,1673
beta,eqw_top25,180,90,1.0,1.0,M,rank,50000000.0,fund90,0.27923501825790936,0.10449395241697577,0.3742150718376668,-0.6013550760548031,16.915650338490305,0.029162362706809185,0.5375258261459936,1673
beta,advw,365,180,3.0,1.0,M,rank,5000000.0,fund90,0.2790849916041439,0.06747920416671463,0.24178729131528362,-0.3247031715314077,8.306075494744757,0.01945151448735015,0.5058810411651509,1673
beta,sqrt_advw,365,180,3.0,1.0,W,rank,5000000.0,none,0.2787034462707978,0.10265494081878165,0.3683303604327828,-0.8952248415094606,15.738699345262075,0.16535652140372314,0.4369154789487636,2021
beta,eqw_top25,180,90,1.0,0.4,W,q20,20000000.0,none,0.278554765681205,0.13717920513223839,0.4924676294687221,-1.2174696678305363,36.36741592869422,0.29180831418991043,0.26452870757570063,2021
beta,btceth,365,180,3.0,1.0,M,q20,20000000.0,none,0.2785441788208727,0.13009096165923315,0.4670388812644782,-0.7866629950449984,18.897426042169386,0.413916670468238,0.12278062631989274,2007
beta,sqrt_advw,365,90,1.0,1.0,W,rank,20000000.0,fund90,0.2784690382869591,0.08529002307962301,0.306281889018242,-0.5277090093386703,21.00257559595813,-0.16974929966387267,0.699167628334739,1673
beta,eqw_top100,180,90,1.0,0.8,W,rank,50000000.0,fund63,0.27844222341336666,0.09028511424661728,0.32425080197906186,-0.6017064580130143,25.00652376923674,-0.3434281033335334,0.8671934828000362,1704
beta,advw,180,90,1.0,0.4,W,rank,20000000.0,fund90,0.27832954152646305,0.06786537482949304,0.24383101577106756,-0.5428369443917206,20.81300439554593,-0.7800845858704266,1.0793443361845336,1673
beta,eqw_top100,365,180,3.0,0.6,W,q20,5000000.0,none,0.27801815279380826,0.12447924060810452,0.4477378162440505,-1.113687895106432,22.612114666322885,0.006518469399274762,0.6784059171173742,2021
beta,advw,365,180,3.0,0.6,W,q20,50000000.0,none,0.27787897956169677,0.12537443297079365,0.4511835805952248,-0.9345798701894203,33.40115180141365,-0.00274715958575189,0.554488455954223,2021
beta,eqw_top25,365,90,1.0,0.8,M,q20,5000000.0,none,0.2774752240993211,0.12353195386793715,0.4451999426936921,-0.8728083428757474,21.24198650679125,-0.13512050891644053,0.7528820007547123,2007
beta,advw,180,90,1.0,0.6,W,q20,50000000.0,none,0.277437530445188,0.12356467418193072,0.44537836673954534,-1.1341430019008567,38.65810574668691,0.31166630936251466,0.24148126236817216,2021
beta,btc,365,180,3.0,0.4,M,rank,50000000.0,fund63,0.27715961825626706,0.07429073948566108,0.26804315849854593,-0.7028769208695813,13.377993515061249,-0.4029792285045008,0.8604536237571824,1704
beta,eqw,365,90,1.0,1.0,M,rank,50000000.0,fund90,0.2770237205324603,0.09318282237058488,0.3363712760462552,-0.4504270945322214,14.669713216622258,-0.04385418610397665,0.549614470079608,1673
beta,advw,365,90,1.0,0.6,W,rank,5000000.0,fund63,0.2769943113359469,0.05833755039082432,0.21060920027368654,-0.25127464055594395,16.637374770614244,0.18645636924867737,0.3595893777868784,1704
beta,sqrt_advw,180,90,1.0,1.0,W,q20,50000000.0,fund90,0.2769481081562236,0.1244928042723157,0.44951671669152754,-0.6398306465789982,29.735327813975534,-0.048662985838735226,0.5704792213396377,1673
beta,eqw,180,90,1.0,0.8,M,rank,20000000.0,fund63,0.27661443136860736,0.06900753766973389,0.24947193582165889,-0.5095207589945727,15.30039727729672,0.1230738882834321,0.40755974322328364,1704
beta,btc,365,90,1.0,0.8,M,q20,5000000.0,none,0.27659750694372587,0.12546981165888163,0.45361873664468216,-0.7268813537312923,18.112223241897425,0.4336357842083141,0.048041850682555155,2007
beta,sqrt_advw,365,180,3.0,1.0,M,q20,5000000.0,fund90,0.2764188128503893,0.09650271512291984,0.3491177540623894,-0.5574413019169218,11.587541331175126,0.04587020671351674,0.46081322784105294,1673
beta,advw_top100,365,90,1.0,0.8,M,q20,5000000.0,fund63,0.27619258406093905,0.09517113562545285,0.3445825163953508,-0.4319672224274188,13.821636868201358,0.2987174975322718,0.26038000671266265,1704
beta,btceth,365,90,1.0,0.4,M,q20,20000000.0,none,0.27579952777795214,0.10025397814620955,0.36350308121964814,-0.6781426633274177,21.677436925497755,-0.12987698372559192,0.7340318838473445,2007
beta,advw,180,90,1.0,0.6,W,q20,20000000.0,fund90,0.2757047203645187,0.08398275188256152,0.30461122236690413,-0.6034590521937194,24.743039745366147,-0.4304692566706584,0.9056800782295106,1673
beta,eqw_top100,365,180,3.0,0.8,M,rank,5000000.0,none,0.2756623775758173,0.08652754738648216,0.3138895780679534,-0.6904773124459027,11.415030707731919,-0.1409498043074675,0.7808333591126031,2007
beta,eqw_top100,180,90,1.0,0.8,W,rank,50000000.0,fund90,0.27563098203755154,0.08669641340406149,0.3145379839493156,-0.5513083369920981,23.21460302071982,-0.5228909930941948,1.0438428287993453,1673
beta,btceth,365,180,3.0,0.8,M,rank,50000000.0,fund90,0.275511566991425,0.07180204217107007,0.2606135305139651,-0.5601460739830249,11.982901342042554,-0.15260329886639254,0.6702180492945234,1673
beta,eqw,365,90,1.0,0.4,W,rank,5000000.0,fund90,0.27548266346282635,0.05230113927280514,0.18985274287455356,-0.26471513868396157,15.657295518751402,-0.08115887927185654,0.597101173327331,1673
beta,advw,365,180,3.0,0.8,W,q20,50000000.0,none,0.27488847272092104,0.1276721253835164,0.46445063381444435,-0.8246930290913332,33.87535194673503,0.04281048196524172,0.5077414489533199,2021
beta,btc,365,90,1.0,0.4,W,rank,20000000.0,fund90,0.27434872381232955,0.05690986339637419,0.20743622425342076,-0.3666420482054685,19.41125851158139,-0.6284845180907196,1.1569157590440713,1673
idvol,advw,180,180,,,W,rank,5000000.0,none,0.2740775699945905,0.07876344746995462,0.28737648057631704,-0.6207233237817394,13.660796553801694,-0.31522252196502304,0.9841897526336301,2021
beta,eqw_top100,365,90,1.0,1.0,M,q20,5000000.0,fund63,0.27333279849519193,0.12891324957218517,0.471634762757726,-0.7039602288216315,15.956071890057867,0.4006604825602017,0.1761977626412084,1704
beta,eqw_top100,180,90,1.0,1.0,M,rank,50000000.0,fund63,0.27320584758370237,0.09877805903259353,0.36155177462785015,-0.5289809357221456,17.322066604970423,0.05244357775325459,0.4717536778930159,1704
beta,sqrt_advw,180,90,1.0,0.4,W,rank,20000000.0,none,0.27306545310815283,0.08999788036004584,0.3295835461265781,-0.9242396251454192,27.616803063224186,0.20294865676042956,0.3531766560069771,2021
beta,btc,730,180,3.0,1.0,W,q20,5000000.0,fund63,0.2730600949009682,0.0962225751008245,0.3523860750715769,-0.7193680389387653,17.101251193902105,-0.05783793184654254,0.544642538341772,1704
beta,btceth,365,90,1.0,0.6,M,q20,20000000.0,none,0.27293085329125527,0.10297118533304465,0.377279388135573,-0.7299024014237203,21.437401297493352,-0.041738801235056244,0.6532329159463767,2007
beta,sqrt_advw,365,180,3.0,1.0,W,rank,20000000.0,fund90,0.2728099589972656,0.0761909807588855,0.27928225581988064,-0.3845558106570594,17.50302906143162,-0.048488089444267864,0.5504306726699247,1673
beta,btceth,365,180,3.0,0.6,M,rank,50000000.0,none,0.2727513155399305,0.08899554453564357,0.3262882320456295,-0.8215198994850978,17.329536175250837,-0.10558961335323908,0.724109145669092,2007
beta,btceth,365,180,3.0,0.8,M,rank,20000000.0,fund63,0.2721801761276774,0.0696270573688732,0.2558123753149889,-0.44859835727246483,12.769901422112211,0.4250643601456966,0.1731190723870107,1704
beta,btceth,365,90,1.0,0.6,M,rank,5000000.0,none,0.27188065650271065,0.07277478060571568,0.26767178489945315,-0.5458117293941274,13.877266316046097,0.047482005857224015,0.5681195578008064,2007
beta,eqw,365,180,3.0,1.0,W,rank,20000000.0,fund63,0.27160697987231064,0.07848764891812168,0.2889750806662653,-0.38245569270079854,18.749601605114936,0.061513631686110654,0.4368784130793766,1704
beta,eqw_top100,365,180,3.0,0.6,W,rank,5000000.0,none,0.2710330141174214,0.0900357544731736,0.3321947872895174,-0.7819754880561126,15.869274577572304,-0.02244918832220009,0.6911705812643131,2021
beta,eqw_top100,365,180,3.0,0.6,M,rank,5000000.0,none,0.27075134186743777,0.07759100636888701,0.2865766272245337,-0.6202018023631763,11.155613191018546,-0.24130105516284348,0.8785116955549022,2007
beta,advw,365,90,1.0,0.8,W,q20,5000000.0,fund63,0.27057929160755784,0.08828183395483585,0.32626973568575174,-0.3719983064136224,21.260536705895724,0.4436049002313459,0.12124605788847799,1704
beta,sqrt_advw,365,90,1.0,0.8,M,rank,5000000.0,fund63,0.2704395439681599,0.07024518995395901,0.25974452154167693,-0.32225529858546154,11.458544581712587,0.3040339715981924,0.2421460686911727,1704
beta,sqrt_advw,365,180,3.0,0.6,M,rank,5000000.0,none,0.2703653959203778,0.07316265649225588,0.2706065850002571,-0.5828572569511679,10.820697823812791,-0.2050990975724329,0.830121289244031,2007
beta,eqw,365,180,3.0,1.0,M,rank,5000000.0,fund63,0.2703078656285167,0.07022785822808819,0.2598069355651016,-0.3716147495022887,9.517387753526316,-0.04347564562266044,0.5163388317067221,1704
beta,btc,365,90,1.0,0.6,W,rank,50000000.0,fund90,0.2701477132306698,0.06873109956233395,0.2544204381387706,-0.4218008403506951,19.48274385856054,-0.37093976571554826,1.0040265641669228,1673
beta,btceth,365,90,1.0,1.0,M,rank,20000000.0,fund63,0.2697221569535527,0.07726070386352775,0.2864455213326518,-0.5250114690748,13.985413897188284,0.4665525672340665,0.10638250212674169,1704
beta,sqrt_advw,365,180,3.0,0.8,M,rank,5000000.0,none,0.269720704945634,0.0789823354070102,0.2928300792589512,-0.6578225406511098,10.904670009922643,-0.10975475607537713,0.7256557787900485,2007
beta,btc,365,180,3.0,0.6,M,rank,5000000.0,fund63,0.2696581181339162,0.05501062729302617,0.20400137653451647,-0.36674541059656873,9.13331756604747,-0.18997498664709467,0.6015236406781829,1704
beta,btc,365,180,3.0,0.6,M,rank,50000000.0,none,0.2687171138534533,0.08975690450612749,0.3340200526084729,-0.8216893159252796,17.110699730863058,0.08580515317668455,0.5084514937255389,2007
beta,btc,730,180,3.0,0.6,M,rank,50000000.0,fund90,0.26855034576803727,0.06610916011950345,0.24617045243578206,-0.46598117899062985,11.708240682975779,-0.5710791006992587,1.163888799378511,1673
beta,eqw_top25,180,90,1.0,0.8,W,rank,5000000.0,none,0.26787882223667353,0.08937455730958618,0.3336380105129135,-0.9330593182761191,24.857692735172726,0.5714498262076686,-0.08508615515133716,2021
beta,btc,365,180,3.0,0.4,W,q20,20000000.0,fund63,0.26783861062366077,0.09435769649658121,0.3522931076922397,-0.7616617946356252,23.146211684963774,-0.23603771813387348,0.5937880855067532,1704
beta,btc,365,180,3.0,0.8,M,q20,5000000.0,fund63,0.2678217397299274,0.09170757173971227,0.3424201927453334,-0.6559562156635093,11.282731080617513,0.36358764983409503,0.2154858013383225,1704
beta,advw,365,180,3.0,1.0,W,rank,20000000.0,fund90,0.2677608833779589,0.07121979738174916,0.2659828294681063,-0.40942472732582336,16.639829020378414,-0.02003792659540217,0.5223738625874608,1673
beta,advw,180,90,1.0,0.8,W,q20,20000000.0,fund63,0.2668523081984305,0.0894124909874647,0.3350635847638157,-0.580056419975538,26.83544446922581,0.11301486595020695,0.40222800138897064,1704
beta,eqw_top100,730,180,3.0,1.0,M,rank,50000000.0,fund63,0.2665750135676184,0.09393158112491343,0.35236453660007816,-0.5796422361293119,15.005797620651515,-0.019605937984021608,0.5315721912773015,1704
beta,sqrt_advw,365,180,3.0,0.6,W,rank,5000000.0,none,0.2665493616372104,0.08254284160669903,0.30967187878335556,-0.7284576798195941,15.390167137854004,0.0025622483391744824,0.6329470569694029,2021
beta,eqw_top100,365,180,3.0,1.0,M,rank,5000000.0,none,0.2660675634458796,0.09716800125411915,0.36520047763689134,-0.811483096741626,11.768014347537752,-0.05015218535758531,0.6393349426074021,2007
beta,btceth,365,90,1.0,0.6,M,rank,50000000.0,fund63,0.26590866015594594,0.06977274336161511,0.2623936479567679,-0.472338661732768,14.824544373608813,-0.0562084774489953,0.5647524773867797,1704
beta,btc,365,180,3.0,1.0,W,rank,5000000.0,none,0.26585757584177,0.10222085919592581,0.3844948140833287,-0.899548033263335,15.6301852566085,0.31792201950452276,0.200818994508773,2021
beta,eqw_top100,365,180,3.0,1.0,M,rank,5000000.0,fund90,0.26575161283445087,0.07376723664426989,0.277579638586137,-0.3725019557830278,9.438168675568516,0.04002864869521932,0.46044364231701884,1673
beta,advw,365,180,3.0,0.4,W,q20,50000000.0,none,0.26554012979608593,0.12334087732340987,0.46449053639510535,-1.0695000494950762,33.28776215988506,-0.05381061433395293,0.5707050398088096,2021
beta,advw_top100,365,180,3.0,1.0,W,rank,20000000.0,fund90,0.2644049436227923,0.07124465650235963,0.2694528155419034,-0.42168834703405156,16.824962071665254,-0.011429605615423565,0.5121051851078959,1673
beta,eqw,180,90,1.0,0.6,W,rank,20000000.0,fund63,0.2638016490540946,0.06800531512358073,0.2577895754913787,-0.5351853128094027,22.536243993996358,-0.3177964956015858,0.7011338712348893,1704
beta,btc,365,90,1.0,0.6,W,q20,20000000.0,none,0.2633421902693013,0.10569879665854408,0.40137433561425706,-1.0083319335176077,32.62750030383188,0.11130253543026918,0.4729111164336708,2021
beta,sqrt_advw,180,90,1.0,0.8,W,rank,50000000.0,fund63,0.26314561294947714,0.07983760587183332,0.30339706209414097,-0.5932025068861583,23.787252176228797,-0.33772749663189267,0.8113965882234516,1704
beta,btceth,365,90,1.0,0.8,W,q20,20000000.0,fund63,0.2624546859796374,0.08922891332866531,0.33997835853305414,-0.5454608069193839,25.045830310684803,0.059902533712410846,0.4315410337226959,1704
beta,advw_top100,365,90,1.0,0.8,M,rank,5000000.0,fund90,0.26220842292572166,0.06447186258475163,0.24588021187639422,-0.32031762739082237,10.183216943781119,0.20722742772173217,0.3211306501561901,1673
beta,advw,365,90,1.0,0.8,M,q20,5000000.0,fund63,0.2621773191073008,0.0890524398095241,0.33966492644269414,-0.44779682057321224,13.872079707918685,0.28715907079485253,0.24396261500331312,1704
beta,advw,180,90,1.0,1.0,W,rank,20000000.0,none,0.26213904871944177,0.09254450900897365,0.3530359534798678,-0.7943134735388289,27.46357194681791,0.4334279732970091,0.060681434793633006,2021
beta,eqw_top25,365,90,1.0,0.6,M,rank,5000000.0,none,0.26201605774847375,0.07462586740264851,0.2848140989675019,-0.7194361387218302,15.362518142797207,-0.010904037392452808,0.5777994171564015,2007
beta,sqrt_advw,180,90,1.0,1.0,M,rank,50000000.0,fund63,0.2617332527578843,0.08615590976332235,0.32917448912393515,-0.4916591615469282,16.115076281910753,0.014252744092408912,0.4752717554972284,1704
beta,advw_top100,365,90,1.0,0.4,W,rank,5000000.0,none,0.26134813309779253,0.06807993376158226,0.26049519831889434,-0.7179676967535796,20.75525605165166,0.13747540439347447,0.3961246119188142,2021
beta,btceth,365,180,3.0,0.4,W,rank,20000000.0,fund90,0.2613290100902426,0.06149305740587481,0.2353089593254109,-0.42958543181702974,16.81682246763045,-0.5142256504947339,0.7994880420006184,1673
beta,btceth,365,180,3.0,0.8,M,rank,20000000.0,none,0.2610281962092615,0.08112604046055032,0.31079416568282553,-0.5729211434903796,15.170389521545093,0.16583165554468207,0.37396748849879824,2007
beta,eqw_top25,365,180,3.0,1.0,W,rank,5000000.0,fund63,0.26056335453151636,0.0811887548364357,0.3115893061110231,-0.4164998409449584,15.925959251740117,0.06526405874724907,0.42653938769179467,1704
beta,advw_top100,365,180,3.0,0.8,W,q20,5000000.0,none,0.2603708154746164,0.11245184218469599,0.4318911164437281,-0.9674493233503454,22.021154000438287,0.1496722624301685,0.4201169317408769,2021
beta,eqw_top25,180,90,1.0,1.0,W,q20,50000000.0,fund90,0.2603527370655888,0.1365370591679866,0.524431049609399,-0.858364507980427,33.28489791638187,0.012683104714276437,0.4961301871455975,1673
beta,btceth,365,180,3.0,0.8,M,rank,5000000.0,fund90,0.26028680461732123,0.056943612481605316,0.21877256730445835,-0.31968706802501307,8.205141447981829,-0.08766275266672528,0.555365093275498,1673
beta,advw_top100,180,90,1.0,0.4,W,rank,50000000.0,fund90,0.26023672700170203,0.07609575148333564,0.2924097315550619,-0.6751365934001905,21.389702969945972,-0.8242502496256013,1.194491099743669,1673
beta,eqw_top100,365,90,1.0,1.0,M,q20,5000000.0,none,0.26018233540403213,0.1406337282452184,0.540519893584747,-1.1185299341866686,21.389847257690572,0.07591028733035905,0.46274866939067705,2007
beta,advw_top100,365,180,3.0,1.0,W,q20,5000000.0,none,0.2600789789982971,0.12437924806545891,0.4782364516521472,-1.032506796428467,22.498387644921,0.2092450469350901,0.3316550148033356,2021
beta,eqw_top25,365,90,1.0,0.6,M,q20,5000000.0,none,0.2599311298254025,0.09923393146675467,0.3817700924603019,-0.7987029649320999,20.2874789468899,-0.2832516839756396,0.9166304674403826,2007
beta,btceth,365,90,1.0,0.8,M,q20,20000000.0,none,0.25979715587662877,0.10811131222311043,0.41613739711011233,-0.8265087821203172,21.465407060924967,0.026955940487616743,0.5516162484543767,2007
beta,eqw_top25,180,90,1.0,0.6,W,rank,50000000.0,none,0.25928892617709337,0.09525451335473141,0.36736822801939845,-0.8168618757906048,31.87696424801712,0.21337834509858353,0.3057839478257249,2021
beta,eqw_top25,365,180,3.0,0.6,W,q20,5000000.0,fund90,0.2591686453054924,0.07177064827285012,0.2769264321625449,-0.4257126429310953,17.78400873471389,-0.3390101427384291,0.7871539101451781,1673
beta,btc,365,90,1.0,1.0,W,q20,5000000.0,none,0.25914432993299374,0.13345506659107315,0.5149835484557206,-1.0923048559484605,28.298401342391305,0.3665715041007343,0.11234240526811681,2021
beta,advw,180,90,1.0,0.4,W,q20,50000000.0,fund90,0.25887893135534723,0.09861654033629404,0.38093691062456203,-0.841691125593736,26.200257799061042,-0.6438282616211843,1.048486519327074,1673
beta,advw,365,180,3.0,1.0,W,q20,50000000.0,none,0.2583340375164816,0.13019467761483397,0.5039780234400106,-0.7833517661030865,34.7581293079977,0.07927701028832286,0.4366734317178099,2021
beta,eqw_top100,365,90,1.0,0.8,M,rank,5000000.0,fund90,0.25814227038021875,0.06816635333928793,0.26406505698925414,-0.3820234777268258,11.200898686661137,0.1941321174869511,0.32291854024923655,1673
beta,eqw_top25,365,180,3.0,0.6,W,q20,5000000.0,none,0.2578922409451902,0.1142458300938465,0.4429983223811962,-0.9788227535050659,23.3734879272461,0.09794549523984382,0.49228641938604445,2021
beta,sqrt_advw,365,90,1.0,0.6,W,q20,5000000.0,fund63,0.2577977353871927,0.07291035962366037,0.2828200159095832,-0.37068575293410955,21.438376598629127,0.20554234830176377,0.30477756214042906,1704
beta,sqrt_advw,365,90,1.0,0.8,M,q20,5000000.0,fund90,0.25767998866954245,0.08601782960379319,0.33381649094259064,-0.5169346977573887,13.180084683068593,0.15804839887727012,0.3508736883146352,1673
beta,btc,365,180,3.0,0.8,W,rank,5000000.0,none,0.25749915006182017,0.08363248094758173,0.32478740581280874,-0.8281664411274344,15.518553663889314,0.238762715058511,0.2973233490003485,2021
beta,sqrt_advw,365,180,3.0,1.0,M,rank,5000000.0,none,0.25666515390144934,0.08560182982542736,0.3335155884008139,-0.7606037533047079,11.05638239171515,-0.0265041681100695,0.5906251103417909,2007
beta,btceth,365,180,3.0,0.6,W,q20,20000000.0,none,0.25631949599322007,0.12359249863444007,0.48218142032281935,-1.0986362136644996,28.95803930147014,0.3158419008984732,0.18615393304104866,2021
beta,btceth,365,180,3.0,0.8,W,q20,20000000.0,none,0.2561735446079408,0.13271173658628707,0.5180540277466782,-1.101005092200791,29.232512310579338,0.3792006240524352,0.10892045559797565,2021
beta,eqw,180,90,1.0,0.8,W,rank,20000000.0,none,0.2560487944113395,0.09189300733537896,0.3588886545888354,-0.89018893053248,27.827261004426298,0.2880978082430801,0.21950858680572785,2021
beta,eqw_top25,365,90,1.0,0.8,W,rank,5000000.0,fund63,0.2560423000592727,0.07278235636701107,0.2842591101164232,-0.36829030128435275,19.107001968309618,0.3446745655992911,0.17433665229969675,1704
beta,btceth,365,90,1.0,1.0,W,rank,5000000.0,none,0.2559402332847056,0.09050987530468702,0.3536367617669733,-0.9389694422364858,20.486714405421985,0.36465941853684686,0.12392598626670764,2021
beta,advw_top100,365,90,1.0,1.0,M,rank,5000000.0,none,0.2559360650500152,0.08851292411530759,0.3458399819424055,-0.7970493582766702,14.271414876907562,0.10772530794142651,0.4228226028160544,2007
beta,advw_top100,180,90,1.0,0.4,W,rank,20000000.0,fund90,0.25586810804211135,0.06287679843307585,0.2457390993907198,-0.5533488484084137,20.890764751693883,-0.8009595349612676,1.0543386690825094,1673
beta,eqw,365,180,3.0,1.0,W,q20,5000000.0,fund63,0.25575413056119034,0.08996106170598257,0.3517482259566438,-0.40833025104132875,19.180167236381024,-0.04050534771443207,0.48720526001455355,1704
totvol,advw,90,90,,,M,rank,5000000.0,none,0.2549301985884553,0.06980888885466943,0.2738353056687682,-0.6597591204480313,13.114725175162372,-0.18337246003207783,0.7398510668004581,2007
beta,advw,180,90,1.0,0.8,W,rank,20000000.0,none,0.25475427901906544,0.08101676131388273,0.3180192365201432,-0.8002374274459219,27.316491536706447,0.3794513012653005,0.11005064976517775,2021
beta,btceth,365,90,1.0,0.4,W,rank,5000000.0,fund63,0.25448871004497964,0.04745204598219196,0.186460318706496,-0.2261506445472984,16.54485851730666,0.07659343584978488,0.4138740798833526,1704
beta,sqrt_advw,365,90,1.0,0.6,W,rank,5000000.0,fund63,0.25426076991669977,0.054749920893936925,0.21532980062899182,-0.2543025230404216,17.08891259919083,0.15864378187668704,0.34154119123893273,1704
beta,advw_top100,180,90,1.0,0.6,W,q20,20000000.0,fund90,0.25417929733605615,0.07777719660726672,0.30599343621772523,-0.5766766150259981,25.05526621039626,-0.43913742661032973,0.8704471498106345,1673
beta,btc,730,180,3.0,1.0,W,q20,5000000.0,fund90,0.2538579358614116,0.08560142105506983,0.3372020684112161,-0.7566499026513909,15.739736149021413,-0.1377700155851046,0.6462893806731085,1673
idvol,advw,90,90,,,M,rank,50000000.0,fund63,0.25372431905094733,0.07373254494412995,0.29060101617348155,-0.4198304434111749,14.998291404922822,0.102244973092828,0.3877153257468245,1704
beta,advw_top100,180,90,1.0,0.8,W,q20,20000000.0,fund63,0.25370751115187257,0.08543645110026915,0.33675176076724744,-0.5715710114625319,27.270614656204717,0.10112053746786367,0.3882167638757687,1704
beta,eqw_top100,180,90,1.0,0.8,W,rank,20000000.0,fund63,0.25227498208719545,0.07218508556297809,0.28613652041813753,-0.5264959572031309,24.09405190692181,-0.12043629069923592,0.5674160397339589,1704
beta,sqrt_advw,365,180,3.0,0.4,M,rank,5000000.0,none,0.25214534576980396,0.06816636631989945,0.27034552675079676,-0.6596051469382895,10.797284125817102,-0.29775180773228893,0.8604824021152473,2007
beta,btceth,730,180,3.0,0.6,M,rank,50000000.0,fund63,0.2515711432757364,0.06551458006028121,0.260421681148356,-0.5230398932184738,12.979302200941406,-0.39860309324014864,0.861903703405754,1704
beta,advw_top100,365,180,3.0,0.8,W,rank,5000000.0,fund90,0.2513087191365733,0.052668109770034145,0.20957533805825387,-0.30796827735362164,12.293982522558213,-0.22199999542522,0.6717697299890527,1673
beta,eqw,365,180,3.0,1.0,W,rank,20000000.0,fund90,0.2512961313326349,0.06938866869668549,0.2761231075413465,-0.36054486328652363,17.374056980826882,-0.10991024974195067,0.5485182690343197,1673
beta,advw_top100,365,90,1.0,0.8,M,rank,5000000.0,none,0.250157915235015,0.07435022289394816,0.2972131536357688,-0.7233181944330007,14.179708659200505,0.032019068665236246,0.5062876037350746,2007
beta,advw,180,90,1.0,0.8,W,rank,50000000.0,none,0.25012577051260526,0.08363106510076596,0.33435605187491585,-0.8640639334843789,29.412164490970437,0.2102683241754537,0.2933025322778703,2021
beta,sqrt_advw,180,90,1.0,0.8,W,rank,50000000.0,fund90,0.25007912510849223,0.0736242800210531,0.2944039411090892,-0.5485323460206661,22.103823868867636,-0.5670904133261825,1.0081016566552492,1673
beta,advw_top100,180,90,1.0,0.6,W,q20,50000000.0,none,0.2500789288183049,0.11159402212797369,0.4462352052421515,-1.1635114427360789,38.68150419453244,0.31113598093095696,0.18625349024439875,2021
beta,btceth,365,90,1.0,0.8,M,rank,5000000.0,fund63,0.24990144530883465,0.06401077819274432,0.2561440895775458,-0.33945709319001605,10.635451777452849,0.4273682574263252,0.09874821244186054,1704
beta,advw_top100,180,90,1.0,1.0,W,rank,20000000.0,none,0.24972537526306915,0.08821271296945968,0.3532388844206698,-0.796590374983222,27.666671900958445,0.4308265055775611,0.0396851708845903,2021
beta,advw,365,90,1.0,0.4,W,rank,5000000.0,none,0.24960433487403808,0.06504486118718976,0.2605918732141187,-0.7224948346338762,20.70277335583442,0.11768327413025947,0.39371836537496935,2021
beta,btc,365,180,3.0,0.6,W,q20,5000000.0,fund90,0.24939968395217438,0.06463713938495587,0.25917089533020765,-0.49984503881345377,16.282151300613414,-0.14404517506857362,0.5826237396079282,1673
beta,eqw_top25,180,90,1.0,1.0,W,q20,5000000.0,none,0.2492186897919975,0.13864367175164022,0.5563133000472588,-1.5712837992418225,35.68236704697286,0.6372061535003817,-0.20134798982920105,2021
beta,eqw,180,90,1.0,0.6,W,rank,20000000.0,none,0.24900547613155877,0.08286888554750577,0.33279945017644136,-0.9120115166790942,27.539559890243858,0.20459974747995038,0.3048313165562936,2021
beta,eqw,730,180,3.0,1.0,M,rank,50000000.0,fund90,0.24883581542410088,0.07661844023961199,0.30790760610175066,-0.4382179796548223,12.814679812896625,-0.024924293818415502,0.4990429215504767,1673
beta,btc,365,180,3.0,1.0,W,q20,5000000.0,none,0.24875781497677815,0.12958786605490843,0.5209398790828164,-1.0404679055667885,23.45834101514868,0.23926902818366086,0.27174369316676455,2021
beta,eqw_top100,365,180,3.0,0.8,W,rank,5000000.0,fund90,0.2483718393897652,0.05638358343938472,0.2270127868679308,-0.32872836903170816,13.330278274017733,-0.20179996207247475,0.6456316218904667,1673
beta,eqw,180,90,1.0,1.0,W,rank,20000000.0,none,0.24786018603305768,0.10092176975683859,0.40717216981100146,-0.920591751643357,28.346548485827057,0.3484096857561215,0.1272449755441452,2021
beta,advw_top100,180,90,1.0,0.8,M,rank,50000000.0,fund63,0.24778950280263748,0.0697310202855612,0.2814123257719333,-0.5894136801653738,15.055619472500215,-0.24502998471963358,0.6833681832844161,1704
beta,btc,365,180,3.0,0.8,W,q20,5000000.0,fund63,0.24755455669722515,0.08065766705881446,0.32581774351042897,-0.6511613580828133,17.85620058488245,0.4227503797699764,0.12621744855004324,1704
beta,advw_top100,365,180,3.0,0.6,W,q20,5000000.0,none,0.24734490963977807,0.10004324355014059,0.4044685766763465,-0.9289912075903222,21.742736748306104,0.07308561558691958,0.49764252130315706,2021
beta,btceth,365,90,1.0,0.4,M,q20,5000000.0,fund90,0.2473155478936544,0.058293632515399416,0.23570549046300013,-0.35571027628388074,12.314029247578473,-0.2985000667617408,0.7409288582672718,1673
beta,eqw_top100,365,180,3.0,0.4,M,rank,5000000.0,none,0.24695023578310302,0.07016819013605395,0.2841389882198081,-0.6681003067463198,10.970810060312118,-0.3337409904250879,0.8924836284819766,2007
beta,btceth,365,180,3.0,1.0,W,q20,20000000.0,none,0.24669464355919482,0.14157955035291406,0.5739060577492505,-1.1945868577035923,29.811140377763596,0.42300144080856844,0.03898512217719934,2021
beta,btceth,365,90,1.0,0.4,M,rank,5000000.0,none,0.24599832360778046,0.06086384753977239,0.24741570042897393,-0.4890916201140013,14.053467836631684,-0.07029139353106403,0.6453786121130837,2007
beta,eqw_top100,365,180,3.0,1.0,M,q20,5000000.0,fund90,0.2457720608826864,0.09492420619687521,0.3862286293078083,-0.6144035406128159,12.471906948384655,0.006126365748103594,0.43925651341096333,1673
beta,eqw_top25,180,90,1.0,0.6,M,q20,5000000.0,none,0.24558723558545167,0.0942233708167652,0.38366558665863687,-1.1238838323437932,20.124516755989443,0.46708462686117896,-0.012189887829576751,2007
beta,btceth,365,180,3.0,0.4,W,q20,20000000.0,none,0.24520237893049732,0.11497896963386589,0.4689145763404551,-1.1205615178145982,28.971476845913074,0.2317631361252771,0.26336003785118794,2021
beta,sqrt_advw,730,180,3.0,1.0,M,rank,50000000.0,fund63,0.24517942911612217,0.07897574088537122,0.32211405814134036,-0.5071319997350183,13.948319519874186,0.0009092241148105683,0.46843567923044444,1704
beta,sqrt_advw,365,90,1.0,1.0,M,q20,5000000.0,fund63,0.2451612727478456,0.10637727564609499,0.4339073396617035,-0.6254382641994858,14.807169654859,0.43144539144265354,0.10302072877576274,1704
beta,btceth,365,180,3.0,0.6,W,q20,5000000.0,fund90,0.2444273903481971,0.061608935530635,0.25205413944349886,-0.37046296163581516,16.39686254271456,-0.29133508253398,0.6945683510337417,1673
beta,advw,365,90,1.0,0.8,M,rank,5000000.0,fund90,0.2443595474632141,0.05949641400920826,0.243478982617468,-0.32122501994951114,10.13083577145084,0.20008536007206237,0.29124020551899726,1673
beta,btceth,180,90,1.0,0.4,M,q20,20000000.0,fund63,0.24380825072171064,0.0698989382204014,0.28669636082244787,-0.7835710608077887,16.25923268872627,-0.6982680208350341,1.0508385855305977,1704
beta,btc,365,180,3.0,0.8,M,q20,50000000.0,fund90,0.2435871505261263,0.09735587808702946,0.3996757541469224,-0.8172333621445097,13.447849038997601,0.28008642137873235,0.20477952089813076,1673
beta,advw,180,90,1.0,0.6,W,rank,50000000.0,none,0.24343374387789068,0.07913393782085726,0.32507382321060546,-0.8756242518065877,29.53228939381201,0.14773184891020655,0.3412004698334184,2021
beta,advw,180,90,1.0,1.0,W,rank,50000000.0,none,0.24342745566193286,0.08843349772707033,0.36328481307336585,-0.8804275161562101,29.48664800793846,0.25182470378764826,0.23468248290310603,2021
beta,eqw_top25,365,90,1.0,1.0,M,rank,5000000.0,fund63,0.24288504362362112,0.09147723511809645,0.37662769906841675,-0.5093535731928434,13.313213409433798,0.47656100619446706,0.03449317324127956,1704
beta,btceth,365,90,1.0,1.0,M,q20,20000000.0,none,0.24287861255333063,0.11504351498041764,0.47366671676435357,-0.9404616232549525,21.741861292656832,0.07597866615257015,0.45476926243429855,2007
beta,eqw_top100,180,90,1.0,1.0,M,rank,50000000.0,fund90,0.2426867897816394,0.08580037545860114,0.3535436582098314,-0.5490245928072479,16.173024802207163,-0.12917454471339584,0.5935927418648247,1673
beta,btceth,365,90,1.0,0.6,W,rank,20000000.0,fund63,0.24247865163765217,0.05472799412402388,0.2257023195831962,-0.3831553798498189,20.55499990096905,-0.06409971391675469,0.5014100568328828,1704
beta,btc,180,90,1.0,1.0,M,q20,50000000.0,none,0.2419724502132902,0.1565973395652423,0.6471701196859694,-1.6305173104056552,24.90130342895307,0.8587549516389978,-0.8704215094646504,2007
beta,eqw,365,90,1.0,1.0,M,rank,50000000.0,fund63,0.24195120564112615,0.08383485191072099,0.34649487151169206,-0.4510313063783099,15.694988177948273,0.14070546636986395,0.32699773605492777,1704
beta,eqw_top25,365,90,1.0,1.0,W,q20,5000000.0,fund63,0.24171099239143606,0.11812194951277301,0.48869084663506646,-0.5515388683641643,26.659270518762753,0.4720445313079215,0.036089294625056535,1704
beta,eqw_top25,180,90,1.0,0.6,W,rank,50000000.0,fund63,0.2416918181535613,0.07861454420853671,0.3252677099668643,-0.6582667924680307,25.05456633614309,-0.4085695626842218,0.8547370749211187,1704
beta,eqw_top25,180,90,1.0,0.8,W,q20,20000000.0,fund90,0.24135563159097553,0.11120397948739301,0.46074739899108696,-1.098327195284209,29.37978197631449,-0.22921614709998003,0.5923747499459222,1673
beta,advw,365,180,3.0,0.8,W,rank,5000000.0,fund90,0.24115301980148693,0.049863683765538985,0.20677196498134634,-0.30585689759666546,12.204635931009618,-0.23260595604821974,0.6593190218879227,1673
beta,btc,730,180,3.0,0.6,M,rank,50000000.0,fund63,0.2411197650683701,0.06257165367798338,0.25950445688366125,-0.5440063699715487,12.898623492297405,-0.5003570594394381,0.9910810830725268,1704
beta,btceth,365,180,3.0,0.8,M,rank,50000000.0,none,0.24106014478889065,0.08275284142067676,0.3432871140650308,-0.8378289582629699,17.131104747345574,-0.07881886805545299,0.6495382483875164,2007
beta,advw_top100,365,90,1.0,0.8,W,q20,5000000.0,fund90,0.24097947625785662,0.07714399528149801,0.3201268277259893,-0.4519801193301988,19.65989309736925,0.2250686684449669,0.25807989451142554,1673
beta,eqw,365,90,1.0,1.0,W,rank,20000000.0,fund63,0.24088702439361448,0.07705426329313744,0.3198771851124249,-0.5169411592608957,22.175636376118057,0.17656306894752719,0.29353912420668027,1704
beta,eqw,365,90,1.0,0.8,M,q20,5000000.0,fund63,0.2408182251940369,0.08359999324218464,0.3471497772846086,-0.5310435182600104,14.264464748867821,0.3594192253400909,0.14960229346825848,1704
beta,btc,365,180,3.0,0.4,M,rank,20000000.0,none,0.2407710332444755,0.06914977030203709,0.28720136874531493,-0.724427054825688,15.500822440840215,0.08201007993752418,0.41607993846684244,2007
beta,sqrt_advw,180,90,1.0,1.0,M,rank,20000000.0,fund63,0.2406121562497962,0.07037207413640004,0.29247098414820694,-0.541154093156829,15.639193528672616,0.26386469633743814,0.22178517013549617,1704
beta,btc,365,180,3.0,0.4,M,rank,50000000.0,fund90,0.23988540477963377,0.061704875296901544,0.2572264675859941,-0.6939879338430923,12.195651038677944,-0.5016736688467854,0.9205833686736361,1673
beta,advw_top100,180,90,1.0,0.4,W,rank,50000000.0,fund63,0.23984611545306378,0.07226872916284675,0.3013129023429576,-0.7490089957280468,23.06247687672859,-0.7130854952004115,1.077979246310526,1704
beta,btceth,365,180,3.0,0.8,W,rank,5000000.0,fund63,0.23940563719822935,0.054470925081908976,0.22752565778894632,-0.3631241472245888,13.31276889332822,-0.12198862405383344,0.5036633525066977,1704
beta,advw_top100,180,90,1.0,0.8,W,rank,20000000.0,none,0.2392285066178743,0.07603987195911305,0.3178545610393056,-0.8052143418176574,27.486166591165812,0.37749807861496176,0.08088762536261516,2021
beta,advw_top100,180,90,1.0,0.8,M,rank,50000000.0,fund90,0.2386678862018178,0.06533696830887663,0.2737568482658267,-0.5709730815873996,13.992479088376138,-0.42541777640617184,0.8574516788784089,1673
beta,advw,180,90,1.0,0.6,W,rank,20000000.0,fund63,0.23835918115090582,0.058133657332503016,0.24389099279418333,-0.5101712153864711,22.1338037871092,-0.3377192663932066,0.7003790886931748,1704
beta,sqrt_advw,365,90,1.0,1.0,W,rank,5000000.0,none,0.23818551054397263,0.09074377919736404,0.3809794264568052,-1.0606496983867981,21.42697118791102,0.23849832363234802,0.2394368469562179,2021
beta,advw_top100,365,90,1.0,0.6,M,rank,5000000.0,none,0.23814677840191742,0.06253645646371432,0.26259627311931255,-0.6486879005109115,14.178982497322663,-0.06510110047701721,0.5986200417429792,2007
beta,btc,365,90,1.0,0.6,M,rank,5000000.0,fund63,0.23807230928770146,0.050948942678366894,0.21400616825536395,-0.24814842264774079,10.615451564011202,0.28151273160293283,0.19977841474275893,1704
beta,btceth,365,180,3.0,0.8,W,q20,50000000.0,fund90,0.2376368846271806,0.0926008042372422,0.38967353229916324,-0.618483243666031,23.130435095861948,0.28152162771617656,0.20581275549173927,1673
idvol,advw,90,90,,,M,rank,5000000.0,none,0.23710939370112372,0.06331117477256315,0.267012511753823,-0.6783321937178326,13.96690549481547,-0.2802201720342078,0.8175726229745115,2007
beta,eqw_top25,180,90,1.0,0.8,M,rank,5000000.0,none,0.23702337436390097,0.0757972413674557,0.3197880444106939,-0.8296942000740211,16.429772604585356,0.5164686569705791,-0.07370227140463911,2007
beta,sqrt_advw,365,90,1.0,0.8,W,rank,5000000.0,none,0.23664519896483174,0.0773773019939947,0.32697600598900745,-0.9638779657731708,21.06039081436263,0.18483297075751196,0.3019053006317162,2021
beta,eqw_top25,180,90,1.0,1.0,W,q20,20000000.0,fund63,0.23658811258583165,0.13244814355769458,0.559825859845954,-1.2718059453154695,33.915481795936124,0.3043758463233071,0.19087804043579573,1704
beta,btc,365,90,1.0,0.4,W,q20,20000000.0,none,0.23596731543450003,0.08888589104787883,0.37668730046027,-1.0231289027420067,32.8331764363185,-0.01538491721300856,0.5450092273275702,2021
beta,eqw_top100,365,180,3.0,0.4,W,q20,5000000.0,none,0.23595541949550722,0.10305895646857663,0.43677300012402953,-1.1099601474610625,21.96879698813843,-0.09844623212889839,0.6973684861605153,2021
beta,sqrt_advw,365,180,3.0,0.4,W,rank,5000000.0,none,0.23558095027713577,0.07277987637154196,0.30893786736968426,-0.7541755114349836,15.351110285114002,-0.09315708578311663,0.6584054825537436,2021
beta,advw,180,90,1.0,0.6,W,rank,20000000.0,none,0.23535698469848124,0.07057304086571516,0.29985530684856093,-0.8245466101817379,27.35490657981305,0.29456160809050275,0.1695045369728923,2021
beta,advw,180,90,1.0,0.8,M,rank,50000000.0,fund63,0.2352621333756382,0.06576708669603416,0.27954811831543325,-0.5937829106357653,15.020227289622293,-0.27980566807008056,0.6884872729013576,1704
beta,sqrt_advw,365,180,3.0,0.8,W,q20,5000000.0,fund90,0.23523050929004038,0.06763623472790359,0.2875317276319279,-0.33839263436353906,17.274462932108722,-0.21041266034179096,0.6161449206092393,1673
beta,btc,365,180,3.0,0.6,W,rank,5000000.0,none,0.23484913051095932,0.06670813336520875,0.2840467546976751,-0.7969659388448684,15.543330699351097,0.12830219328795883,0.3962308179999184,2021
beta,eqw_top25,365,90,1.0,0.4,M,q20,5000000.0,none,0.23484397627797907,0.08375210755547015,0.35662872381420935,-0.7952311263889886,19.608740419579938,-0.42617293134379963,1.021685930902807,2007
beta,advw,365,90,1.0,1.0,M,rank,5000000.0,none,0.23460302240979783,0.08090038436124493,0.3448394804561829,-0.8009941614913203,14.18603940134056,0.09516511085277506,0.3932459964597732,2007
beta,btc,365,180,3.0,0.8,M,rank,50000000.0,none,0.23448221587698148,0.08575698327996806,0.3657291575790955,-0.7899081868120084,16.90764582530613,0.08537934401487969,0.44514783145807535,2007
beta,eqw_top100,365,180,3.0,0.4,W,rank,5000000.0,none,0.2341881549796344,0.07682209949055488,0.32803580307994445,-0.7971070795961301,15.604404351749258,-0.11932392685138518,0.7005155554499971,2021
beta,sqrt_advw,180,90,1.0,0.6,W,rank,20000000.0,fund90,0.23386702149049327,0.05859977774978762,0.2505687949344739,-0.5025836486113863,21.095362093092003,-0.6551451362206975,0.9240452076173855,1673
beta,eqw,365,180,3.0,0.8,W,rank,5000000.0,fund63,0.2336710932977393,0.05095548375160198,0.21806498626971996,-0.4046734357512052,13.758545232832756,-0.29669770710702026,0.6775026167065326,1704
beta,advw,180,90,1.0,0.8,M,rank,20000000.0,fund63,0.23353516337141766,0.05674474228550955,0.24298157701956807,-0.48090326691771107,14.827744458295074,0.07191858002663433,0.37391297447537003,1704
beta,btc,365,90,1.0,1.0,M,q20,20000000.0,fund63,0.23252649078526577,0.0939113222375916,0.40387364863437036,-0.7837626602426939,15.802239972610305,0.5303759664492308,-0.0384365745162622,1704
beta,btceth,365,90,1.0,0.8,W,rank,5000000.0,none,0.23251167201648698,0.07108479548368463,0.30572570773412244,-0.8317313866585627,20.37277024067799,0.3097469017049229,0.13926775491237237,2021
beta,advw,180,90,1.0,0.4,W,q20,50000000.0,none,0.23211420994264342,0.1057872416410319,0.45575512876687924,-1.2330500787509775,38.669471569387994,0.20029711508249567,0.2638848965313246,2021
beta,btceth,365,180,3.0,0.4,W,q20,20000000.0,fund90,0.2318910521049884,0.08126439597290662,0.35044213752635117,-0.6907026929852498,21.446041205810758,-0.5726607625861226,0.7145843483526939,1673
beta,btceth,365,180,3.0,0.6,M,q20,5000000.0,fund90,0.23150859700602175,0.0621880493342358,0.2686209071217266,-0.5275052841551942,10.365654251668554,-0.09814183206752358,0.47307836961455013,1673
beta,eqw_top25,180,90,1.0,0.6,W,rank,50000000.0,fund90,0.23122762350499976,0.07328450143231736,0.31693661994814715,-0.5918836212624196,23.299808265354105,-0.5549408736859981,0.9671325281484455,1673
beta,btc,365,90,1.0,1.0,M,rank,5000000.0,none,0.23065725143356153,0.09199441063367386,0.39883597876033783,-0.7515390814398665,13.614040995407095,0.19672918708808074,0.2968132024152765,2007
beta,sqrt_advw,365,180,3.0,1.0,M,rank,5000000.0,fund90,0.22986124765662347,0.05793647418302171,0.2520497681695772,-0.3356270120853474,8.793600362660897,-0.014871452862385484,0.43725030828965267,1673
beta,btc,365,180,3.0,0.6,M,rank,20000000.0,none,0.2297361291161031,0.0687361418343428,0.29919604765171787,-0.6766845123497016,15.229531712913237,0.14445628829667295,0.3343541519970252,2007
beta,advw_top100,180,90,1.0,0.8,M,rank,20000000.0,fund63,0.2291453080337164,0.05640441905364093,0.24615131567669532,-0.47620470848357754,14.919516501786198,0.07754719365295722,0.3616625587267944,1704
beta,btc,365,180,3.0,0.6,M,q20,5000000.0,fund90,0.2286728334578482,0.06282691232204794,0.27474585140708885,-0.5135639824139802,10.101699755304217,-0.26603347863311333,0.6065101935958384,1673
beta,advw,180,90,1.0,0.8,M,rank,50000000.0,fund90,0.22850774466017112,0.06215558056792982,0.272006450636347,-0.5715769522937386,13.96570618989266,-0.45290210459756636,0.856442149442363,1673
beta,btceth,365,180,3.0,1.0,M,rank,20000000.0,none,0.22769210058369974,0.07880580732751288,0.34610690105405656,-0.6043659137760434,15.127459997611142,0.1975481195333602,0.2657534923868631,2007
beta,btc,365,90,1.0,0.6,M,q20,5000000.0,none,0.22746267078581878,0.08739659540720265,0.3842239041037911,-0.7082424519113668,18.042064215530623,0.36003563611534345,0.038012692035399136,2007
beta,btceth,365,90,1.0,0.6,W,rank,20000000.0,fund90,0.22722337840120377,0.048721427938590495,0.2144208412065947,-0.3807688514196569,19.17851437309995,-0.4772376608585206,0.9506170357198662,1673
beta,advw,365,90,1.0,0.8,M,rank,5000000.0,none,0.227135216072664,0.06745375707968593,0.2969762163966086,-0.7281779557904983,14.112650488358874,0.018599638477593806,0.47339460438224007,2007
beta,eqw_top25,180,90,1.0,0.4,W,rank,50000000.0,none,0.2268252764169132,0.08521894962896732,0.3757030564456659,-0.8783114938997798,31.178891643576634,0.11821536653022041,0.33206625363916475,2021
beta,sqrt_advw,180,90,1.0,1.0,M,rank,50000000.0,fund90,0.22671441332460068,0.07304643196522101,0.32219580084939736,-0.5069726977454612,15.044547407479277,-0.2045250029931904,0.6180897157703351,1673
beta,btc,365,180,3.0,0.8,W,q20,5000000.0,none,0.22639196842983705,0.09813607706628184,0.43347861563691453,-0.9574210868362558,22.82935570869364,0.11809956577341071,0.3872470940477464,2021
beta,eqw_top100,365,90,1.0,1.0,W,rank,5000000.0,none,0.226173747280938,0.09400560579113632,0.41563447093781747,-1.1279189073676097,22.81732774734367,0.16257222213758724,0.30297515759835364,2021
beta,advw_top100,365,180,3.0,0.8,W,q20,50000000.0,none,0.2260646753127999,0.10589426017679576,0.46842462242397037,-1.0075833823143685,34.22769540239195,-0.046859062923581794,0.49482712553536595,2021
beta,eqw_top25,365,180,3.0,0.8,W,q20,5000000.0,fund63,0.22578354361561445,0.07571701443632965,0.3353522281731665,-0.4724831432060548,20.29670708597332,-0.1599461623797583,0.5536436874573935,1704
beta,advw,180,90,1.0,0.6,W,rank,50000000.0,fund90,0.2257528625441536,0.06211887085116891,0.2751631591781897,-0.599261246609526,21.14852520626199,-0.7781924026223394,1.1208244123359807,1673
beta,btc,365,180,3.0,0.4,W,rank,5000000.0,fund90,0.2256086710516546,0.04024623216256504,0.1783895626660129,-0.40424462054963095,12.482218683221312,-0.8216012859925098,1.059694643623583,1673
beta,btceth,365,90,1.0,0.6,W,rank,20000000.0,none,0.2251766010495243,0.06490913632620664,0.28825879786652797,-0.7813621723297107,25.617328325863053,-0.028052358021392224,0.5484181137068206,2021
beta,eqw_top100,180,90,1.0,1.0,M,rank,20000000.0,fund90,0.22491406387202012,0.07052730641559683,0.3135744612917049,-0.5525939344016548,15.67315415846698,-0.0354128515139482,0.4786213272583734,1673
beta,advw_top100,365,180,3.0,0.6,W,q20,50000000.0,none,0.2249068621861383,0.10216409706719273,0.45425068881464037,-1.1083532045700775,33.7549502000579,-0.0905314441163394,0.5310674109511367,2021
beta,btc,365,90,1.0,1.0,W,rank,5000000.0,none,0.2247209634532636,0.08789311181401045,0.3911211062081889,-0.9106719985300598,20.264586471563348,0.30691978019790295,0.11231848785432799,2021
beta,eqw_top25,180,90,1.0,1.0,M,rank,20000000.0,fund90,0.22429169243594826,0.07673650405629638,0.34212816008872143,-0.6282133913107573,16.854791816286134,0.04152410614459044,0.42133700539345476,1673
beta,sqrt_advw,365,90,1.0,0.6,W,rank,5000000.0,none,0.22428560481795357,0.06553988202156487,0.2922161771138267,-0.870507035124567,20.843530200982798,0.11473519251177818,0.3601822836284681,2021
beta,btceth,365,90,1.0,0.8,W,rank,20000000.0,none,0.22308158059006092,0.07041901420424447,0.31566485237366065,-0.8648742492456775,25.456399349632953,0.06312312043124373,0.4364013430541992,2021
beta,advw,180,90,1.0,0.6,W,rank,50000000.0,fund63,0.22238564226754343,0.06301178699865434,0.2833446725973762,-0.6605476813169826,22.7651169593802,-0.5908472227996894,0.9522489295626508,1704
beta,advw,180,90,1.0,0.4,W,q20,50000000.0,fund63,0.22228195309330107,0.08711125501717217,0.39189531046007997,-0.9358004654785819,28.03765074662366,-0.49346089631424034,0.8542028353147089,1704
beta,advw_top100,365,90,1.0,0.6,W,rank,5000000.0,fund90,0.22222138866269298,0.045469173249307084,0.2046120471253294,-0.28279244625388755,15.482780208400595,0.05574961081166208,0.3914100010185647,1673
beta,btceth,180,90,1.0,0.4,M,q20,20000000.0,fund90,0.22166506068408606,0.06165170519495765,0.27813000842213376,-0.7322259400624532,15.072211798613463,-0.904452145959437,1.2055917039146475,1673
beta,eqw,180,90,1.0,0.4,W,rank,20000000.0,none,0.22162490255583447,0.07354480841695267,0.3318436130994997,-0.9502506823968258,27.46145154964638,0.10152780381998577,0.35914763310455267,2021
beta,eqw_top100,365,90,1.0,0.8,W,rank,5000000.0,none,0.22120013813476486,0.0775608261589139,0.35063642732293604,-1.0016851839142802,22.065560714753317,0.10030809739441562,0.3738416789198923,2021
beta,eqw,365,90,1.0,0.6,W,q20,5000000.0,fund63,0.2210006117566958,0.06174923333967132,0.2794075222183201,-0.38467462015399534,21.02765984127994,0.1851727372418386,0.2534454793957537,1704
beta,eqw_top100,365,90,1.0,0.8,W,q20,5000000.0,fund63,0.22086041727676592,0.07855396265147432,0.35567243610264626,-0.4510755306285666,23.290093220561552,0.3788257002116823,0.08183298747346526,1704
beta,advw,180,90,1.0,0.4,W,rank,50000000.0,none,0.22082519068783263,0.07488902761415853,0.33913262966463215,-0.9261050575220537,29.857725450060855,0.06640797599337293,0.36953772090394205,2021
beta,eqw,730,180,3.0,1.0,M,rank,50000000.0,fund63,0.22049558187784893,0.07111552387321578,0.3225258450421589,-0.5054484453575132,13.828563241293503,0.003060840455841915,0.4154584365197933,1704
beta,sqrt_advw,365,180,3.0,1.0,W,q20,5000000.0,fund63,0.22028191229853353,0.07898947104567453,0.3585835542349265,-0.39068088978378307,19.420610190225787,-0.026665496803944918,0.41211223376180756,1704
beta,btceth,365,180,3.0,0.8,W,q20,50000000.0,fund63,0.22026426421592657,0.08745579215353975,0.39704939185144544,-0.57404868339801,24.776973550109826,0.32052871774367353,0.15522204033558099,1704
beta,btceth,365,180,3.0,0.6,W,rank,50000000.0,fund90,0.21992069712510864,0.05812943972456524,0.2643200048219951,-0.49675671341809813,17.11173972644789,-0.030511833717862768,0.43961730680106437,1673
beta,btceth,365,90,1.0,0.6,M,q20,5000000.0,fund63,0.2195256946518408,0.062112244366043415,0.28293837978534137,-0.36874409277821885,13.35847552975822,-0.03722439323029276,0.4274898981797184,1704
beta,btc,365,90,1.0,0.8,M,q20,20000000.0,fund90,0.21926082806500405,0.0717606945471942,0.32728460975217777,-0.6099176415889221,14.385057601955136,0.02644051829795798,0.46328855721743145,1673
beta,eqw_top25,365,90,1.0,0.4,M,rank,5000000.0,none,0.21918067064717006,0.058758670101956345,0.2680832663229876,-0.6684788968271155,14.9922260333952,-0.13868962799683274,0.6121517150898774,2007
beta,advw_top100,365,180,3.0,0.4,W,q20,5000000.0,none,0.218836232600742,0.08742439094532682,0.3994968744724697,-0.9832279999757854,21.639849928931188,-0.018319446798767663,0.5402150780574698,2021
beta,btc,365,90,1.0,0.4,W,q20,5000000.0,fund63,0.21807298610135686,0.05330071753666549,0.24441687386209385,-0.37005451265645933,20.92776977417978,-0.026652970357798574,0.4409392050228723,1704
beta,btceth,365,180,3.0,0.8,M,q20,5000000.0,fund63,0.21801394782540884,0.07084829552843173,0.324971389377201,-0.6410556469893741,11.516168156038672,0.20869389960758145,0.2330829153713724,1704
beta,btceth,365,90,1.0,0.4,W,rank,20000000.0,none,0.21790468316711173,0.06106284935489188,0.2802273382443212,-0.7761086275317072,25.986176410582168,-0.1399663840523121,0.6426175324690544,2021
beta,btceth,365,90,1.0,1.0,M,rank,20000000.0,fund90,0.21725225621078148,0.05924421218735842,0.27269779941838107,-0.538024950497533,12.85500092149976,-0.014057650739455939,0.48181944274278815,1673
beta,advw_top100,180,90,1.0,0.6,W,rank,20000000.0,none,0.21699690702507368,0.06500060629136446,0.29954623401085495,-0.8318545091957499,27.49371003737387,0.29248260513897567,0.13399000511247114,2021
beta,advw_top100,365,180,3.0,1.0,W,q20,50000000.0,none,0.21682064697561212,0.11030236359167556,0.5087262912008667,-0.982728707287797,35.111812285465156,-0.008887527452729945,0.43734260318103446,2021
beta,eqw_top25,180,90,1.0,0.8,W,rank,20000000.0,fund90,0.21645266906269764,0.06832396696187816,0.3156531506760374,-0.681217244800034,23.85741552697314,-0.33913298696649774,0.6726262346920837,1673
beta,btceth,180,90,1.0,0.4,M,q20,50000000.0,fund63,0.21625447675253326,0.0752541936943051,0.34798906743753016,-0.9587589316382498,16.646781810056197,-0.5135388308457725,0.8688871888301433,1704
beta,btceth,365,90,1.0,1.0,W,rank,20000000.0,none,0.21592301940362754,0.07685518799910333,0.3559379088499915,-0.9537115906232565,25.484382005040384,0.1310522048217539,0.33287502888171394,2021
beta,btc,365,90,1.0,0.8,M,rank,20000000.0,fund90,0.21574524706421117,0.05280333853896103,0.24474855996825476,-0.48667572433959944,12.854101099271336,-0.08573391164469561,0.5890272498858893,1673
beta,eqw,365,90,1.0,1.0,W,rank,20000000.0,fund90,0.2157355090982039,0.06642617604914632,0.3079056216884017,-0.5124725598869233,20.72614920676964,-0.19986029741919564,0.5796828247758251,1673
beta,advw_top100,365,90,1.0,1.0,M,rank,5000000.0,fund63,0.2157219276536944,0.06722853828284192,0.31164443510242557,-0.4370799906696066,11.100127167049436,0.44164257708812055,0.024225667089867616,1704
beta,btceth,365,180,3.0,0.4,W,q20,20000000.0,fund63,0.21539286841380173,0.07651489738929791,0.3552341261471174,-0.7634706040389263,23.0371561515347,-0.4047961863028657,0.5827988191026526,1704
beta,eqw_top25,365,180,3.0,0.4,W,q20,5000000.0,none,0.21527752232970193,0.09258367263424777,0.43006660255246704,-0.9913930308374266,22.58034842450575,-0.012998316383829528,0.5259996030910759,2021
beta,advw_top100,180,90,1.0,0.6,W,rank,20000000.0,fund63,0.2152755273263598,0.05299787200309925,0.2461862370577495,-0.520954303515676,22.24361109567964,-0.35863035563833406,0.6749261900492749,1704
beta,btceth,180,90,1.0,0.4,M,q20,50000000.0,fund90,0.21507032121635622,0.07241943282757357,0.33672443700272864,-0.9275746105511067,15.478464291412548,-0.760318133584978,1.0972551282041318,1673
beta,btc,365,90,1.0,0.4,M,q20,5000000.0,fund63,0.2141960789313508,0.0536139378238633,0.2503030778684161,-0.41425855004150813,13.355449162472848,-0.0908413669130982,0.47338773235144777,1704
beta,advw,365,90,1.0,0.6,W,rank,5000000.0,fund90,0.21384436177068725,0.043485051069480585,0.20334906522394597,-0.28406587089795343,15.408670068653025,0.051497358876727975,0.3774165921605218,1673
beta,advw,365,90,1.0,0.6,M,rank,5000000.0,none,0.21369751803266449,0.056162049957300016,0.26281096043761926,-0.6543589998638132,14.129261244105392,-0.07897754749743079,0.5623245711456075,2007
beta,advw_top100,365,90,1.0,1.0,W,q20,5000000.0,fund63,0.21347871866531573,0.08684465060179179,0.40680706322742977,-0.5275228675305828,21.682613122352866,0.5232456415077773,-0.046351129988007805,1704
beta,advw_top100,180,90,1.0,0.8,W,rank,50000000.0,none,0.21343195795887956,0.0717072067203231,0.3359722105634172,-0.8790461634588776,29.497391260237727,0.20960165369939654,0.21770309545382796,2021
beta,eqw_top100,180,90,1.0,0.4,M,q20,5000000.0,fund63,0.21325437879741874,0.05910233225636679,0.27714475355514795,-0.5884145067610935,14.390749087495047,-0.49093490653098376,0.8021804445353801,1704
beta,advw_top100,365,90,1.0,0.4,M,rank,5000000.0,none,0.2129213440120358,0.05294579368636438,0.24866362708743517,-0.5949945080509382,14.275581793414705,-0.1803258640693027,0.6612817905972332,2007
beta,btceth,365,90,1.0,0.8,M,rank,50000000.0,fund90,0.2122597170722359,0.05580843949270121,0.26292525149135365,-0.5449106148638985,13.330655294224586,-0.28522100984912413,0.7329635852892481,1673
beta,advw_top100,365,180,3.0,0.4,W,q20,50000000.0,none,0.21207277037771152,0.09894704672624313,0.4665711988861833,-1.2403481874213824,33.64549077587298,-0.13562625664555503,0.5407686940500158,2021
beta,advw_top100,180,90,1.0,1.0,W,rank,50000000.0,none,0.21185960449314084,0.07729620123772063,0.364846339738273,-0.8934322337320726,29.606357278977637,0.25236327398997394,0.16764268239033148,2021
beta,sqrt_advw,365,90,1.0,0.8,M,rank,5000000.0,fund90,0.2116187710431,0.05285823881058482,0.24978048284676635,-0.37571374180003425,10.600901006739551,0.18103239369637963,0.24215032381481094,1673
beta,advw_top100,365,180,3.0,1.0,W,rank,5000000.0,fund63,0.2107049743321957,0.05396985350069118,0.25613943701017117,-0.3791831287097552,13.450628937257214,-0.05348272452175355,0.41772457668877727,1704
beta,btc,365,90,1.0,0.6,W,rank,50000000.0,fund63,0.21067036892205568,0.056250877336941944,0.26700896583018646,-0.4252948852977682,21.126502312145224,-0.061971293338371994,0.4870450219483281,1704
beta,eqw,365,180,3.0,1.0,W,q20,5000000.0,none,0.21047091932770567,0.11384596043020853,0.5409106435884808,-1.2171602637187444,23.42691101177849,0.05751706887806557,0.44253381026791155,2021
beta,btc,365,180,3.0,0.8,M,rank,20000000.0,none,0.21042043605358224,0.07026486037258607,0.3339260277680138,-0.6835849039833896,15.095838417338515,0.18638138543444832,0.24455932733582972,2007
beta,btceth,730,180,3.0,0.8,M,rank,50000000.0,fund90,0.20994685374658362,0.052111033075038074,0.2482105930386492,-0.43559916409440314,11.674203247892686,-0.36887918975264944,0.7935421795668017,1673
beta,btc,365,90,1.0,0.8,W,q20,5000000.0,none,0.20979717062539704,0.08951306455567701,0.42666478431926463,-0.9696634202262694,27.661789792350145,0.28508749734220534,0.10928206638015105,2021
beta,eqw_top25,180,90,1.0,1.0,W,rank,20000000.0,fund63,0.2094906289252671,0.08042407787705168,0.38390298549221435,-0.7686059989966892,26.960860578988754,0.2724738431594003,0.1601696509705057,1704
beta,eqw,180,90,1.0,0.4,M,q20,5000000.0,fund63,0.2085133789518532,0.0543878097252189,0.26083606720400093,-0.5425230269720416,13.896697052610103,-0.38593077007193644,0.7063270898198649,1704
beta,eqw,365,180,3.0,0.8,W,q20,5000000.0,none,0.20844722479155264,0.09980800908939895,0.4788166846030548,-1.1321264753140734,22.6373813918999,-0.03012691057555091,0.5830646805762748,2021
beta,btceth,365,180,3.0,0.8,M,q20,20000000.0,fund63,0.2078320101208111,0.07017154611438475,0.3376358919571369,-0.7305111487262455,14.426607621259038,0.6265685914132568,-0.08832200989715044,1704
beta,btc,365,90,1.0,0.8,W,q20,20000000.0,fund63,0.20769687772011902,0.07187038867434312,0.34603499803782184,-0.7033019458896612,24.889544910513173,0.13007610599589303,0.2784753658019692,1704
beta,btceth,365,90,1.0,1.0,M,q20,5000000.0,none,0.2076258106916129,0.09972770282876106,0.4803242067860573,-0.9271482833440522,18.875645391142832,0.20062346186667943,0.2187088571225926,2007
beta,eqw_top100,365,90,1.0,0.8,W,q20,5000000.0,none,0.2074325642959104,0.0997767553055719,0.4810081562856089,-1.204613934501409,30.0338124916332,0.13910325419647396,0.30377677387713803,2021
beta,btceth,365,180,3.0,1.0,M,rank,5000000.0,fund63,0.2073096438828263,0.055913073579093246,0.26970802000265803,-0.3986262450952157,9.087390393475543,0.20362594207000956,0.21633776180415587,1704
beta,eqw_top100,365,90,1.0,0.8,W,rank,5000000.0,fund63,0.2070842072414177,0.05608307125720128,0.27082254124680744,-0.36497997102795,18.221568777645118,0.30067152563454214,0.1241830456342244,1704
beta,advw,365,90,1.0,1.0,M,q20,5000000.0,none,0.20706891073920958,0.09617294497885745,0.4644489828798167,-0.8007009248938007,19.202672181735377,0.06695929843545634,0.361786260526355,2007
beta,btceth,365,90,1.0,0.8,W,rank,50000000.0,fund63,0.20653150694365904,0.056441810295961396,0.27328426123070165,-0.4061954702168853,21.05379563999037,0.10401615833418251,0.3001974375680418,1704
beta,eqw_top100,365,180,3.0,1.0,W,rank,5000000.0,fund63,0.20631167052696955,0.059568594758316565,0.28873109604591957,-0.40231791096781505,15.022182635238552,-0.07400830094336151,0.43268182935655325,1704
beta,eqw,365,90,1.0,0.8,M,rank,5000000.0,fund63,0.20597032533488369,0.052820547293807404,0.2564473654538699,-0.34654454779662913,11.349689023146617,0.26251816084062374,0.15937229473908926,1704
beta,btceth,365,180,3.0,0.6,W,rank,50000000.0,fund63,0.20574729055407504,0.05609358316558277,0.2726333990329759,-0.49286249106470165,18.628311263378446,-0.017522665149673565,0.39164857732792474,1704
beta,eqw,180,90,1.0,1.0,M,rank,50000000.0,fund63,0.20493556726465645,0.0676203828788759,0.3299592344141515,-0.46916550581162375,16.179157008173185,-0.0011882550577918905,0.3742611961710418,1704
beta,eqw_top100,365,90,1.0,0.6,W,rank,5000000.0,none,0.2048852716265948,0.06375533281108965,0.3111757731775093,-0.9084037637647678,21.5226799473554,0.02414291289427371,0.43477142565198096,2021
beta,btceth,365,180,3.0,1.0,M,rank,50000000.0,none,0.2036899403342423,0.07664676822995246,0.37629137749355696,-0.8723859343258478,17.02796477113547,-0.0570611437470772,0.5517228968357687,2007
beta,btc,365,180,3.0,1.0,M,q20,50000000.0,fund63,0.20342797012982217,0.09848298857893054,0.48411724560826797,-1.0091037818899564,14.844789701694973,0.8219299009010077,-0.260695480892937,1704
beta,advw_top100,180,90,1.0,0.6,W,rank,50000000.0,none,0.2033045118197325,0.06641737198238834,0.3266891196260305,-0.8955798814575826,29.58838892437821,0.14549615978249983,0.2620717614381845,2021
beta,eqw_top100,365,90,1.0,1.0,W,q20,5000000.0,none,0.20324232645114257,0.11554555984149147,0.5685113030295265,-1.3427992055534899,31.680748087057182,0.19387729256084055,0.2171663633753978,2021
beta,advw_top100,180,90,1.0,0.4,W,q20,50000000.0,none,0.20287017675193442,0.09275402071920753,0.45720875391470317,-1.2684454322868288,38.64810040187428,0.1965885079889149,0.20903053044353653,2021
beta,eqw_top25,365,90,1.0,1.0,M,q20,5000000.0,fund90,0.2028040308900463,0.09965899235254391,0.4914053824037439,-0.6379156121687546,15.871807514503308,0.16421304827143024,0.24273841650269617,1673
beta,advw,365,180,3.0,1.0,W,rank,5000000.0,fund63,0.2024970066467384,0.050970674963901265,0.2517107576450303,-0.3747911947794983,13.338679911230285,-0.07339273006136864,0.41878650381957067,1704
beta,advw,180,90,1.0,0.6,W,q20,50000000.0,fund90,0.20242996418027273,0.0742981574005186,0.36703142097260283,-0.7406912820497993,26.189001876841395,-0.5727741929747928,0.887373747443275,1673
beta,eqw_top100,365,90,1.0,0.6,W,q20,5000000.0,none,0.20216099084463465,0.08667745502710696,0.4287546012955613,-1.0939376939288983,28.86364464058372,0.07024135989095405,0.39217371734360396,2021
beta,eqw_top100,365,90,1.0,1.0,M,rank,5000000.0,fund63,0.20190760873971747,0.07043092042143216,0.348827470450734,-0.4676382846391463,12.512532549336788,0.3842730702284831,0.04858023488135705,1704
beta,sqrt_advw,365,90,1.0,0.6,W,rank,5000000.0,fund90,0.2017027225553996,0.04187559228838524,0.2076104464920334,-0.30961905152930785,15.803817583837375,0.04915278064831113,0.3506624228235177,1673
beta,eqw_top25,180,90,1.0,0.4,M,q20,5000000.0,fund63,0.20129662319249408,0.05766913281247157,0.28648832701641624,-0.7103543697091296,14.701199557181297,-0.5525306461427566,0.8197214338949962,1704
beta,advw,180,90,1.0,0.4,W,rank,20000000.0,none,0.20114243089020217,0.0610959445823541,0.3037446863496674,-0.8727546483813944,27.58356358080441,0.17615852624908573,0.22737203938198264,2021
beta,advw,365,90,1.0,1.0,M,rank,5000000.0,fund63,0.2008516103297987,0.06174543769886817,0.30741818598059556,-0.4325099657939426,11.022244501013617,0.42998272690458367,0.007706829604137105,1704
beta,advw,365,180,3.0,1.0,M,q20,5000000.0,fund90,0.20083975401318155,0.06664516866203289,0.3318325547125437,-0.4742211277837295,10.827874454610113,-0.08687646551633985,0.433963632823233,1673
beta,btceth,365,180,3.0,0.6,W,rank,20000000.0,none,0.1995891961110017,0.06413560184031679,0.3213380437919481,-0.7552700549750332,20.933863979617232,0.11719437470370879,0.30507202435041997,2021
beta,sqrt_advw,180,90,1.0,0.8,W,rank,20000000.0,fund63,0.1992334235010226,0.054807823047422745,0.2750935163604285,-0.5105858820916963,22.913563902480192,-0.14341810993524998,0.46998647710174096,1704
beta,eqw_top25,180,90,1.0,0.6,W,rank,5000000.0,none,0.1984584578340864,0.05919555702459764,0.2982768165722915,-0.9260494109130719,24.021854110745448,0.45805810392497637,-0.10015836562556509,2021
beta,eqw_top25,365,90,1.0,0.8,W,rank,5000000.0,fund90,0.1983132364598257,0.05439291048167201,0.27427776104441176,-0.37652014303196124,17.715324334832754,0.17091251178834393,0.2277489603061372,1673
beta,btceth,365,90,1.0,0.6,W,rank,5000000.0,none,0.1981100443721179,0.05352611997206761,0.2701837766061341,-0.7257797379796469,20.409613730228763,0.226485284139093,0.16547206946114748,2021
beta,btc,180,90,1.0,0.8,M,q20,20000000.0,none,0.19732037539456837,0.0903975463507496,0.45812575700805175,-1.080967444741285,22.009313353053887,0.6463866565529459,-0.47302635436440776,2007
beta,eqw_top100,180,90,1.0,1.0,W,rank,50000000.0,fund63,0.19711713840071518,0.07234447656508433,0.3670126157067926,-0.546408066798233,25.96038770840213,-0.17192643851861555,0.5271826430554265,1704
beta,btc,365,180,3.0,0.4,W,rank,5000000.0,none,0.19686964576163457,0.05230076977243494,0.2656619285827311,-0.8093730059309716,15.705068563801722,-0.01412496677744683,0.47847109652251935,2021
beta,advw,365,90,1.0,0.8,M,q20,5000000.0,none,0.19685122784919723,0.07827187669719496,0.3976194487197055,-0.7127953382359691,18.805655422859072,-0.017631755022086675,0.4475780501909404,2007
beta,btceth,365,90,1.0,0.8,M,rank,5000000.0,fund90,0.19619160046751277,0.04813568867972174,0.24535040524169885,-0.35652458892541594,9.707435899866317,0.18840153189420228,0.20538060828050805,1673
beta,btc,365,90,1.0,0.8,M,rank,5000000.0,none,0.19592626210232006,0.06541677612937868,0.3338846738943837,-0.6475756748806987,13.603048423135222,0.12507244268284903,0.31589085877637135,2007
beta,eqw,180,90,1.0,0.6,W,rank,20000000.0,fund90,0.1959086254995276,0.04945300855948083,0.2524289496360132,-0.4999359344398489,20.980610682209345,-0.6615675185499444,0.8239363117981839,1673
beta,sqrt_advw,365,90,1.0,0.4,W,rank,5000000.0,none,0.19559015072220634,0.05499850705414469,0.28119262064610917,-0.8194449940567905,20.7691624866909,0.02904186083006647,0.39221050503708943,2021
beta,btceth,365,180,3.0,0.4,W,rank,20000000.0,none,0.1955481963561015,0.062390919543253355,0.3190564817567372,-0.8217680592918133,21.240617424605396,0.02656564048547423,0.39467279001316175,2021
beta,btceth,365,180,3.0,0.8,W,rank,20000000.0,none,0.19525561702915287,0.06674295592689486,0.3418234872952706,-0.7668054396181626,20.768366303884523,0.19135100410616165,0.20382730259941692,2021
beta,advw,365,90,1.0,0.8,W,q20,5000000.0,fund90,0.1951931541935887,0.06175966773645788,0.31640283693149324,-0.46779907881901894,19.79386413411336,0.19389057278266777,0.19650232808903767,1673
beta,advw,365,180,3.0,1.0,W,q20,5000000.0,none,0.19513997349471698,0.09264944086905232,0.4747845313792697,-1.0231994644606295,22.35737142133786,0.1268967107076553,0.2912000738227301,2021
beta,eqw,365,90,1.0,0.6,W,rank,5000000.0,fund63,0.19410829761634904,0.041327613310016525,0.2129100806998971,-0.26771873014833625,16.96049971827609,0.14313513323462454,0.24011402747118116,1704
beta,btc,365,180,3.0,0.4,W,q20,20000000.0,fund90,0.19409936030775632,0.06708067929990566,0.3455996928250828,-0.7042929647564671,21.55956676954621,-0.5449210776671037,0.6602329401228455,1673
beta,btc,730,180,3.0,0.8,M,rank,50000000.0,fund90,0.19379403812781418,0.04856665711830575,0.2506096554233226,-0.45668064023469324,11.425894580717967,-0.5143536511380223,0.9795659551501156,1673
beta,advw_top100,365,90,1.0,1.0,M,q20,5000000.0,none,0.19370986358038897,0.09051964046981119,0.46729494717880393,-0.8179841521239122,19.16096822831391,0.02948604048194862,0.3723389134023355,2007
beta,btceth,180,90,1.0,1.0,M,rank,50000000.0,none,0.19352764440415993,0.07364341026287961,0.3805317348310401,-1.0909360017738923,20.01112203700888,0.3924583622175165,-0.07684907769612498,2007
beta,btceth,365,90,1.0,0.8,W,q20,20000000.0,fund90,0.19340720506435338,0.06276370762168842,0.32451587106491053,-0.5537516377987998,23.45138153736814,-0.3715117393210575,0.7912760689093111,1673
beta,eqw,180,90,1.0,0.8,M,rank,20000000.0,fund90,0.1930350741235461,0.046925428134778464,0.24309275580014694,-0.5128302142133012,14.250370709372577,-0.2515110702785579,0.5835484095147128,1673
beta,eqw,365,180,3.0,0.6,W,q20,5000000.0,none,0.19226797852194383,0.08499504698408082,0.4420655360163378,-1.0511629881559723,22.111772323640068,-0.1285911497433579,0.6907708638683853,2021
beta,advw,365,180,3.0,0.8,W,q20,5000000.0,none,0.19203633414943516,0.08249021241539937,0.4295552338090807,-0.9491969995504047,21.909521187301962,0.06059553083640039,0.38351725534582065,2021
beta,advw_top100,365,180,3.0,1.0,W,q20,5000000.0,fund63,0.19189851341043931,0.06706132331698844,0.34946244306518054,-0.4178529452882137,18.477818077956368,-0.026694580935432075,0.35841780356984765,1704
beta,eqw_top100,180,90,1.0,0.8,W,rank,20000000.0,fund90,0.1918554267191322,0.05346292932593393,0.2786625858866181,-0.5141818315267783,22.46001341373748,-0.4508640122749572,0.7526794379423464,1673
beta,btc,365,90,1.0,1.0,W,rank,20000000.0,none,0.19155935297486815,0.07577454859976694,0.39556694790939423,-0.9455207223791345,25.096493860735475,0.12268285877111126,0.3119726352992365,2021
beta,btc,365,180,3.0,1.0,M,rank,50000000.0,none,0.19114857068503666,0.08014802676803229,0.4192970236753455,-0.83008673993883,16.828689388935633,0.07529510472230834,0.36309282635828977,2007
beta,sqrt_advw,365,90,1.0,0.6,W,q20,5000000.0,fund90,0.19069589164666265,0.052048236083568344,0.27293842376010746,-0.45386829285034724,19.91961418822478,0.12345630297255555,0.2542413715260859,1673
beta,btc,365,90,1.0,0.6,W,q20,20000000.0,fund90,0.19014800881017255,0.055300415308667944,0.2908282640176113,-0.572539388403378,23.24491093956002,-0.4493258030115731,0.8835775748703394,1673
beta,btceth,365,90,1.0,1.0,M,q20,20000000.0,fund90,0.18981277822564233,0.07038940482270928,0.3708359652111144,-0.7352087230347347,14.469442642315109,-0.03286046968708391,0.43393428493326885,1673
beta,btceth,365,90,1.0,0.4,W,q20,5000000.0,fund90,0.189429910317595,0.04482319468359835,0.23662152723637214,-0.31345378833889626,19.427630912473425,-0.3225037852468232,0.6911120710449866,1673
beta,btc,365,180,3.0,0.6,W,q20,5000000.0,none,0.188985346249999,0.07076868013606079,0.37446649457384135,-0.9160230088797733,22.506822049905093,-0.03579204723134691,0.5014683593634921,2021
beta,advw,365,90,1.0,0.4,M,rank,5000000.0,none,0.18830750190071507,0.04691093219924118,0.24911876439195138,-0.5997427524877406,14.240365767035875,-0.19368933797730384,0.6239032926220763,2007
beta,sqrt_advw,365,180,3.0,0.8,W,rank,5000000.0,fund90,0.18794828973848668,0.0398524247643051,0.21203930517141814,-0.2997034416430333,12.65697240353717,-0.2685887018499443,0.5850605063598371,1673
beta,eqw,180,90,1.0,1.0,W,rank,50000000.0,fund63,0.1872251692180063,0.06373972134856865,0.3404441914235882,-0.5164707138634373,24.198682649061563,-0.17086117474819942,0.47382451847349477,1704
beta,btceth,365,90,1.0,0.8,M,q20,5000000.0,none,0.18698328580194232,0.07684014858702792,0.4109466162040764,-0.7865381449515935,18.538000848227007,0.1323812110257217,0.2594080987904743,2007
beta,advw,180,90,1.0,1.0,W,q20,20000000.0,fund63,0.1867193638533719,0.07187617093164073,0.38494224406250693,-0.6234118728530145,27.590173505431043,0.2733263152772056,0.11366261998395709,1704
beta,eqw_top25,180,90,1.0,0.4,M,q20,5000000.0,none,0.18650138574457667,0.06894913070391873,0.3696976857767059,-1.199027705767871,19.39979323780268,0.3149485459606463,0.04411120710704554,2007
beta,btc,365,180,3.0,0.6,M,rank,20000000.0,fund90,0.1860593307974177,0.04415963074562638,0.23734166169665305,-0.4932510655931412,11.773489084293008,-0.238600631711634,0.5319262170161482,1673
beta,advw_top100,365,90,1.0,1.0,M,q20,5000000.0,fund63,0.1858041464982793,0.0789525162350153,0.42492332772426294,-0.5860488424122673,14.14355707168781,0.40603589065535,0.013655945370248002,1704
beta,btc,365,180,3.0,1.0,M,rank,20000000.0,none,0.1856473385687445,0.07207228165858368,0.38822146449406597,-0.7099160474226917,15.105718896282996,0.21015641502553187,0.15729081704790998,2007
beta,btc,365,180,3.0,0.4,M,q20,50000000.0,none,0.18553192271705712,0.08145601109938846,0.4390404082838714,-1.1358530765740413,21.390554562493634,-0.0031999485905810096,0.39687104160440484,2007
beta,btc,365,180,3.0,0.6,M,rank,50000000.0,fund63,0.1852789819091152,0.04989109949957873,0.2692755486105368,-0.6571286188458352,13.127078317494835,-0.24986858783861796,0.5497293583361738,1704
beta,eqw_top100,365,90,1.0,0.4,W,q20,5000000.0,none,0.1845611627546064,0.07566621367808611,0.4099790689913042,-1.028887537098259,28.053682001216444,-0.009925530732771339,0.4543464646220873,2021
beta,btceth,365,180,3.0,1.0,W,rank,20000000.0,none,0.18455787537228,0.0694941368755359,0.37654387132142775,-0.800353847214893,20.735053892315143,0.24648804280531775,0.10710027238526869,2021
beta,btc,365,180,3.0,0.4,W,rank,20000000.0,fund63,0.18431891302171038,0.04465344411263129,0.24226186765419822,-0.5789928641476587,18.1089028659887,-0.5654068397120208,0.717040874634609,1704
beta,advw_top100,180,90,1.0,0.6,W,rank,50000000.0,fund90,0.18334978800765608,0.05088779258268472,0.27754486730336336,-0.5991015209895117,21.189825114027204,-0.7835831411670044,1.045551230885628,1673
beta,advw,365,90,1.0,0.6,M,q20,5000000.0,none,0.18317210299261125,0.064305964233704,0.3510685480108177,-0.6331859912624558,18.59291492914898,-0.1246075515716466,0.5540567880595341,2007
beta,eqw_top25,180,90,1.0,1.0,W,q20,20000000.0,fund90,0.18262477406906727,0.10161163020169314,0.5563956517929184,-1.2584824675244506,31.82957225572374,-0.05378123425064663,0.37300953699491823,1673
beta,eqw,365,180,3.0,1.0,W,rank,5000000.0,none,0.18258698236881948,0.07177088668838831,0.39307778548754124,-1.0113294557711605,15.581435541295994,0.048321505922969576,0.3880674569221407,2021
beta,eqw_top100,180,90,1.0,0.4,M,rank,5000000.0,fund63,0.18254441289851908,0.038100565625441674,0.20871942898971504,-0.4514384660189131,11.852755319996772,-0.4317227312411867,0.7310465719435967,1704
beta,advw_top100,180,90,1.0,0.4,W,q20,50000000.0,fund90,0.1820722109422155,0.07003654059150075,0.3846635366762714,-0.9412507579160179,26.208092378945583,-0.7779842543480371,1.0341200956662016,1673
beta,eqw_top25,180,90,1.0,0.6,M,rank,5000000.0,none,0.18198221188720265,0.05115876839471369,0.2811196097914407,-0.8057462005199061,15.880028754734704,0.4045794967071152,-0.06396302424621605,2007
beta,advw,180,90,1.0,0.6,W,q20,50000000.0,fund63,0.18192169920568937,0.06833565180312963,0.37563222035358224,-0.8235394548010231,28.011764680824108,-0.3548058246915842,0.657830700624109,1704
beta,btceth,365,90,1.0,0.4,W,rank,5000000.0,fund90,0.18188275271757917,0.032665481592487895,0.17959636691451245,-0.26134594658998955,15.271327701207806,-0.06272280201164092,0.42167302361686343,1673
beta,advw_top100,365,180,3.0,0.8,W,q20,5000000.0,fund90,0.18163776497319079,0.05135053741456446,0.28270848533147086,-0.3291037090090068,16.632517312718296,-0.24101225240132562,0.5437253539941487,1673
beta,advw_top100,180,90,1.0,0.4,W,rank,20000000.0,none,0.18115691869668657,0.05496305354471289,0.3034002451583881,-0.8807167069898771,27.69358301098675,0.17304634721320555,0.18949129025645808,2021
beta,advw_top100,180,90,1.0,0.4,W,rank,50000000.0,none,0.18017875076644702,0.061368808193961524,0.34059958753687647,-0.9460540379556333,29.88709168951955,0.062291261502450436,0.29331398674808623,2021
beta,advw_top100,365,90,1.0,0.8,M,q20,5000000.0,none,0.1801552675513272,0.07185565879400917,0.3988540538984635,-0.7283067509012029,18.741849703479883,-0.05845803594208876,0.45594110009619193,2007
beta,eqw_top25,365,90,1.0,1.0,M,rank,5000000.0,fund90,0.18012425498006857,0.06546146634217266,0.3634239394878619,-0.5289203025325553,12.309214710566309,0.27487471079765485,0.07678378801283177,1673
beta,btc,365,180,3.0,0.6,W,rank,5000000.0,fund63,0.18004723990329702,0.03659688698510165,0.2032626937505832,-0.47214920734440086,13.466340289978463,-0.45553654404569294,0.6586085719215764,1704
beta,btceth,365,90,1.0,0.8,M,rank,50000000.0,fund63,0.17986972461915046,0.049508265273600735,0.2752451274300203,-0.5306717416642657,14.530263010603365,0.03934540082780701,0.30723409532849444,1704
beta,btceth,365,90,1.0,0.6,W,q20,5000000.0,fund63,0.17949667720955292,0.04945605540886511,0.2755263004179613,-0.3188915222081923,20.810413421617174,0.04003972425302016,0.30123709315023817,1704
beta,advw_top100,365,90,1.0,0.8,W,rank,5000000.0,fund63,0.17936375177227112,0.044980318003380995,0.2507770804241995,-0.3618408328883912,16.70824747065582,0.3291941157240593,0.046805398362417636,1704
beta,eqw_top25,365,90,1.0,1.0,W,q20,5000000.0,fund90,0.17916315751964518,0.08507419878199672,0.47484203761405774,-0.5562921984807612,24.835244756767402,0.23161187653995602,0.12246739572706375,1673
beta,advw_top100,180,90,1.0,0.6,W,rank,50000000.0,fund63,0.17905554786819505,0.05114008563808866,0.2856101709606534,-0.6623869444519124,22.809658686447758,-0.6022684963589364,0.8792081189714709,1704
beta,eqw_top25,365,90,1.0,1.0,W,rank,5000000.0,fund63,0.1787509787109766,0.06584408432774047,0.36835649685702765,-0.5567417263411951,20.04740764341378,0.4886884375716261,-0.09915724713576488,1704
beta,eqw_top25,180,90,1.0,0.8,W,rank,50000000.0,fund63,0.1786124347211824,0.06130545124689652,0.34323170916177004,-0.5749171752133526,25.998893412492468,-0.23014457066778773,0.5693323300769298,1704
beta,advw,180,90,1.0,0.8,W,q20,20000000.0,fund90,0.1780750649409672,0.058587451775155244,0.3290042420850852,-0.5369658598625323,25.15832718847848,-0.3054738566574157,0.6318650130556397,1673
beta,eqw_top25,180,90,1.0,0.8,W,q20,5000000.0,none,0.17786917908628683,0.08208927660345149,0.4615149011489439,-1.5343869354113238,33.32358754859908,0.5313664503547229,-0.2656175980682348,2021
beta,advw,365,180,3.0,0.6,W,q20,5000000.0,none,0.1777440690275896,0.07161511328545397,0.4029114089558612,-0.9121495555225054,21.655564792356458,-0.02152978440982648,0.4675344541541148,2021
beta,eqw,365,180,3.0,0.8,W,rank,5000000.0,none,0.17757998301017133,0.062212584862747784,0.35033557165721996,-0.9486948203717221,15.354467250961068,-0.03925524488068856,0.5134307193965684,2021
beta,eqw_top25,365,90,1.0,1.0,W,q20,5000000.0,none,0.1768611771612353,0.09430967167279102,0.5332412301361857,-1.312513511000367,34.400504014160305,-0.10707155172597128,0.4677221569663854,2021
beta,btc,365,90,1.0,0.6,W,rank,20000000.0,fund63,0.17655790666025806,0.0403831760689239,0.22872482367290017,-0.44426804577302925,20.358213756332194,-0.09654403681343018,0.41473668762474575,1704
beta,eqw_top25,180,90,1.0,0.4,M,rank,5000000.0,fund63,0.17618668272483473,0.03827485022314978,0.21724031369003505,-0.4482286559420823,12.205803527439443,-0.3916284626557138,0.6691544552590859,1704
beta,sqrt_advw,180,90,1.0,1.0,W,rank,50000000.0,fund63,0.17599372313650177,0.05920118187103887,0.3363823482791035,-0.5409387823449612,24.252187720619744,-0.19103132795837022,0.490918902342948,1704
beta,btc,365,180,3.0,0.8,M,q20,20000000.0,fund63,0.17585231565885695,0.06239687890828941,0.35482546064014103,-0.6649639175183312,14.451475593125796,0.6179893593071865,-0.15318517342650853,1704
beta,btceth,365,180,3.0,1.0,M,rank,50000000.0,fund63,0.1756050851946827,0.051893688077642254,0.29551358390396765,-0.6051998580600049,13.002713054799761,0.10290161699983089,0.2332802228332622,1704
beta,btc,365,180,3.0,1.0,M,rank,5000000.0,none,0.17551693533542118,0.06636129704555802,0.37809056384637996,-0.7445547424691282,10.606627959405797,0.15610223137339815,0.21017357627621389,2007
beta,btceth,365,180,3.0,0.8,M,rank,20000000.0,fund90,0.17522914894809014,0.04330833945416142,0.24715259826429375,-0.4575402943213405,11.707394223578506,0.027792863132728114,0.29742294113787,1673
beta,btceth,365,180,3.0,0.8,W,q20,5000000.0,fund63,0.17515612420622242,0.053473039895839396,0.3052878689692984,-0.47530684782057225,17.972989048791103,-0.013916776997948603,0.3148421838066401,1704
beta,advw_top100,365,180,3.0,1.0,M,q20,5000000.0,fund90,0.17512339276897992,0.05955274421320823,0.3400616175348389,-0.4889782393027308,10.893826208621816,-0.05839599089461325,0.36916166424400965,1673
beta,advw,180,90,1.0,0.6,W,rank,20000000.0,fund90,0.17462110237240472,0.04147117947963202,0.2374923701442952,-0.46480843280459966,20.649318998512896,-0.6812796340924228,0.8643927136904888,1673
beta,eqw_top100,180,90,1.0,1.0,W,rank,50000000.0,fund90,0.1742106804646304,0.062243913892826075,0.3572910324833001,-0.531396836083565,24.14677934639123,-0.40379668022137316,0.7153576179128845,1673
beta,eqw_top100,365,90,1.0,0.4,W,rank,5000000.0,none,0.17395674200248923,0.051965720026268605,0.29872782985050966,-0.8540487375610061,21.150421240973333,-0.06097854393744905,0.45973256898832915,2021
beta,advw_top100,180,90,1.0,1.0,W,q20,20000000.0,fund63,0.17387865852811069,0.06738684669892046,0.38755099256776315,-0.6275370658120668,28.084233725214325,0.261072857790123,0.0992405227605434,1704
beta,btceth,180,90,1.0,0.8,M,rank,50000000.0,none,0.17366294597745982,0.0597864070810367,0.3442669174159727,-1.0896906963065869,20.137141055973196,0.3365682649508238,-0.03896431317270902,2007
beta,btc,365,180,3.0,0.6,W,q20,20000000.0,fund63,0.17340839507750241,0.0646158855385601,0.3726225913669344,-0.7342646116939033,23.141923724505773,-0.033692095444410604,0.30736104215233306,1704
beta,advw,365,90,1.0,1.0,W,q20,5000000.0,fund63,0.17314293894474128,0.06935750063340507,0.4005794348653199,-0.4976761930673497,21.768231360284116,0.5302893266335871,-0.12515461959597707,1704
beta,btc,180,90,1.0,0.8,M,q20,50000000.0,none,0.17272484747471764,0.09342070898826763,0.5408643304892304,-1.4507754256427665,24.494098691332137,0.7806071674009992,-0.8475054631139001,2007
beta,btc,365,180,3.0,0.8,M,rank,5000000.0,none,0.17257881049611437,0.054981912393433786,0.3185901689516611,-0.7043417940244588,10.569995743404453,0.08616142575634285,0.30127709380799206,2007
beta,btc,365,180,3.0,0.6,M,q20,20000000.0,fund90,0.1718203413295015,0.051435451659429275,0.29935600908154997,-0.6105044296956745,13.073669353579131,-0.02980191809632415,0.3492087271892087,1673
beta,advw,365,90,1.0,1.0,M,q20,5000000.0,fund63,0.17158362080929335,0.0714755888057315,0.4165641712688477,-0.5739618686479185,14.172902094278378,0.3925029287445749,-0.0016813810034757301,1704
beta,advw,180,90,1.0,0.8,M,rank,20000000.0,fund90,0.17132851798536403,0.04046040752953802,0.23615687572219823,-0.48157107432405893,13.763162282457404,-0.308372708810895,0.6241929219091735,1673
beta,advw_top100,180,90,1.0,0.8,M,rank,20000000.0,fund90,0.17071761919008702,0.04087706850870304,0.23944258772252508,-0.47654420718045304,13.845400759037823,-0.2985421652020542,0.6188027361987642,1673
beta,advw,365,90,1.0,0.8,W,rank,5000000.0,fund63,0.17040697217522682,0.04236143953381903,0.24858982583329645,-0.356649598178316,16.60651542563474,0.32126812297397633,0.037713598586128626,1704
beta,btceth,365,90,1.0,1.0,W,rank,50000000.0,fund90,0.17035348103524306,0.048195761222410295,0.2829162100446862,-0.5311857189009642,19.282027255956603,-0.244759242689932,0.6102881741757382,1673
beta,sqrt_advw,180,90,1.0,0.4,M,q20,5000000.0,fund63,0.16974439886654702,0.04510415331137402,0.26571806558892636,-0.5738166189146171,13.962837364783173,-0.614102695929025,0.8262490146016342,1704
beta,btc,730,180,3.0,0.8,M,rank,50000000.0,fund63,0.16966392714030265,0.045002628960433055,0.2652457108529521,-0.5466752349757094,12.630848543828302,-0.4200922499709784,0.7686167454287549,1704
beta,eqw_top100,365,90,1.0,1.0,M,q20,5000000.0,fund90,0.16960378499209136,0.07701683297044543,0.45409855077253564,-0.7298681635349192,14.709861656050423,0.19344383681328303,0.1476269524516256,1673
beta,btceth,365,180,3.0,0.6,M,q20,5000000.0,none,0.1694354283061462,0.06050348234428727,0.3570887325581395,-0.7048608352526732,14.457815651729357,0.02729494279767693,0.32489286541768564,2007
beta,btc,365,180,3.0,0.8,M,rank,20000000.0,fund63,0.16930858776516658,0.04652258031192309,0.2747798025251417,-0.5561997869649149,12.823215916973393,0.2723876204953397,0.1005481740867443,1704
beta,btc,365,180,3.0,1.0,M,q20,5000000.0,none,0.16869670459187613,0.08897595227812069,0.5274314782459921,-0.833334954909558,14.540950848060879,0.21993366889608373,0.1040106982495832,2007
beta,eqw,365,180,3.0,1.0,M,rank,5000000.0,fund90,0.16849849959335172,0.041658478817924026,0.24723352978490085,-0.33496766625120966,8.701803219727168,-0.09252533307732681,0.38162817594385495,1673
beta,advw_top100,180,90,1.0,1.0,M,rank,50000000.0,fund63,0.16848574830800286,0.05165356374935717,0.30657526982597433,-0.5524773481598553,15.012617178347046,-0.11319705239285076,0.41357003779467294,1704
beta,btc,365,180,3.0,0.8,M,q20,5000000.0,none,0.16841781248599558,0.07411912402996858,0.44009076555445575,-0.7622379683424081,14.283218273785863,0.1649547000962439,0.17667777921388145,2007
beta,btceth,730,180,3.0,0.8,M,rank,50000000.0,fund63,0.16832770744716702,0.044343206119912784,0.26343379109960713,-0.5495086008501752,12.750376082944285,-0.3368047460987278,0.6451540669443111,1704
beta,btceth,365,180,3.0,0.4,M,q20,5000000.0,none,0.16797531001121235,0.05732832335750913,0.3412901774295428,-0.7272164095516807,14.469264438449201,-0.07255054673843271,0.4183749959435883,2007
beta,btceth,365,180,3.0,0.6,W,rank,20000000.0,fund63,0.16781143772235804,0.04104525110151499,0.2445914989979637,-0.4509763787720873,17.839556247762896,-0.16455804212016908,0.396102139581572,1704
beta,btc,365,90,1.0,0.4,M,q20,5000000.0,none,0.1674585839370337,0.05729499013158226,0.3421442411881723,-0.7546641567581501,18.170131071606768,0.24833444949068625,0.05845864945744716,2007
beta,advw_top100,180,90,1.0,1.0,W,rank,5000000.0,none,0.16653266163409247,0.055616525398102315,0.33396767248159165,-0.9972401190117729,22.355959153615,0.47938997482400664,-0.19010531505761222,2021
beta,eqw_top100,365,180,3.0,1.0,W,q20,5000000.0,fund90,0.16646435663182127,0.06358334339157176,0.38196371089940095,-0.5556981580988574,19.203636062281504,-0.06299972711337326,0.3588840581986862,1673
beta,advw_top100,365,90,1.0,0.8,M,q20,5000000.0,fund90,0.16638114007949906,0.05493553571679429,0.3301788633648344,-0.4513883556811076,12.720763532868004,0.09233381472350184,0.2409955827834896,1673
beta,eqw_top25,365,180,3.0,1.0,W,rank,5000000.0,fund90,0.16566833957957386,0.04956690715416132,0.2991936013842484,-0.42789376807991353,14.597233480086919,-0.008356229434162038,0.3330190768086431,1673
beta,btc,365,90,1.0,0.6,M,rank,5000000.0,fund90,0.16563605136820103,0.03378212144986193,0.20395391686056244,-0.2585246939765277,9.707422513147872,0.07428436617491345,0.2685504464851882,1673
beta,btceth,365,180,3.0,1.0,M,rank,50000000.0,fund90,0.16470600244286493,0.04685882221494644,0.28449978458557607,-0.6510006316049719,11.878326969496577,-0.1294844236303815,0.4388993933759362,1673
beta,btc,365,90,1.0,0.4,M,rank,50000000.0,fund90,0.16465198590074612,0.04146280292949625,0.25182084930630866,-0.6170736750501458,13.796866952884114,-0.5473307654222641,0.9045214726617581,1673
beta,advw,365,180,3.0,1.0,W,q20,5000000.0,fund63,0.16400006020240435,0.055814399723697686,0.340331580700721,-0.41649014561638464,18.275835463133628,-0.020300881400842987,0.3069837045634615,1704
beta,btc,365,90,1.0,0.8,W,rank,20000000.0,none,0.1636782981542692,0.0560128578663241,0.34221310031908536,-0.8501754508420178,25.08917074781333,0.026072743983616278,0.38171149602055293,2021
beta,advw_top100,365,90,1.0,0.6,M,q20,5000000.0,none,0.16311458816294183,0.05727636048583836,0.3511418637100849,-0.6429093338395758,18.512174043106366,-0.16920103910660605,0.5603123781571479,2007
beta,advw,365,90,1.0,0.4,M,q20,5000000.0,none,0.16272726739667,0.05388865824833558,0.3311593632121566,-0.6205283284448323,18.561266018210475,-0.24926372167743838,0.649776326172068,2007
beta,sqrt_advw,365,90,1.0,1.0,M,rank,5000000.0,fund63,0.16249227599443716,0.05206527533532468,0.3204169245380445,-0.44351229132287756,11.643044636573771,0.3831872926415472,-0.0197819508277489,1704
beta,eqw,180,90,1.0,1.0,M,rank,50000000.0,fund90,0.1621558983678379,0.052607944418351,0.32442818884709335,-0.4820380069156372,15.139832393401907,-0.249733550641035,0.5117306236427035,1673
beta,btc,365,90,1.0,0.8,W,rank,50000000.0,fund90,0.1619709687111684,0.04343346945187179,0.26815589112962385,-0.5101145639160735,19.13602836520205,-0.33903505551517565,0.7682592457420007,1673
beta,btc,365,90,1.0,1.0,M,rank,20000000.0,fund63,0.16172809939862648,0.048559975727714824,0.3002568873824732,-0.5952053284139113,13.903808606303722,0.4184463531608252,-0.0614167293028131,1704
beta,eqw,365,180,3.0,0.6,W,rank,5000000.0,none,0.16161941073812164,0.05262558409411627,0.32561425545219685,-0.890744947242077,15.22374312792195,-0.13688691088432414,0.6105851233675578,2021
beta,eqw,365,180,3.0,0.4,W,q20,5000000.0,none,0.161527242582453,0.06974777701748426,0.4318019419038921,-1.0558565042534198,21.802726830778358,-0.22969163955801217,0.7306890908180476,2021
beta,btceth,365,90,1.0,0.6,M,q20,5000000.0,none,0.16097344849145892,0.05781232353543372,0.35914198321036256,-0.7026183368485646,18.39114799576596,0.03896193588538273,0.32152636309614196,2007
beta,btceth,365,180,3.0,0.8,M,q20,5000000.0,none,0.16058696237611425,0.06397714079996479,0.3983956097888104,-0.7537623561692373,14.572166335378725,0.10706033196650883,0.22040986690080286,2007
beta,advw_top100,180,90,1.0,0.4,W,q20,50000000.0,fund63,0.1604798367142476,0.06342601881536244,0.39522733892295514,-1.0307070145431665,28.10960141364505,-0.6024334172233805,0.8434344902965338,1704
beta,advw,180,90,1.0,1.0,W,rank,5000000.0,none,0.16041351111051497,0.053321044551394074,0.3323974656639687,-1.004963129142919,22.170059234410406,0.4724589013769444,-0.20030530320159395,2021
beta,btc,365,90,1.0,0.8,W,rank,5000000.0,none,0.1589696584492383,0.05243150135595253,0.32982080899855987,-0.8143776086004018,20.159814268227972,0.2183030375455665,0.07831999309262376,2021
beta,eqw_top100,180,90,1.0,1.0,W,rank,20000000.0,fund63,0.158816219558907,0.05323934243843009,0.3352261033935701,-0.5712083106090255,25.0200753405872,0.06397407206016063,0.23849646671939995,1704
beta,btceth,365,180,3.0,1.0,W,q20,50000000.0,fund90,0.15863074298766855,0.06792655478406073,0.4282054884489895,-0.7321181777777066,23.560534586245364,0.33443847939923765,0.020689398554072095,1673
beta,btc,365,180,3.0,0.6,M,rank,5000000.0,none,0.15825047267895842,0.04395370027664749,0.2777476713501895,-0.6966942650253802,10.630995300703187,-0.012107335068430211,0.3954535153219357,2007
beta,btceth,365,90,1.0,1.0,M,rank,5000000.0,fund63,0.15679966534614176,0.04829929657197367,0.3080318855614326,-0.46390283742331184,10.619038133853135,0.4596844371131529,-0.09689107613943489,1704
beta,advw_top100,180,90,1.0,0.8,W,q20,20000000.0,fund90,0.15677920591515784,0.05180496766216401,0.3304326448125947,-0.5548247041449709,25.517638180790115,-0.31567036416430383,0.603583119863828,1673
beta,btc,365,180,3.0,0.6,M,q20,5000000.0,none,0.1567064833177604,0.05958559984016837,0.38023697921511074,-0.7345568138749112,14.183299897238497,0.0857237898429233,0.24955733842893965,2007
beta,advw,180,90,1.0,1.0,M,rank,50000000.0,fund63,0.15615892553836105,0.04750071891921525,0.3041819015817095,-0.5581675986529373,14.963406112141355,-0.1476101599031257,0.41831291542276056,1704
beta,btc,180,90,1.0,1.0,M,rank,50000000.0,none,0.1558642175227586,0.06911593456119149,0.44343683020831554,-1.3084061867711532,19.804748363192314,0.5079588176645645,-0.4374920749170041,2007
beta,btc,365,180,3.0,1.0,W,rank,20000000.0,none,0.15570835905488886,0.06268800084343201,0.40259881501502304,-0.9732249712189973,20.8274885056972,0.2467926020484827,0.03504875366874919,2021
beta,eqw,180,90,1.0,1.0,W,rank,50000000.0,fund90,0.1555220196513628,0.05176390167832724,0.33283969559016485,-0.5088691399946942,22.485595460519566,-0.47692324247407836,0.6815471058978133,1673
beta,advw,365,90,1.0,0.8,M,q20,5000000.0,fund90,0.15521070411944785,0.05052953739618716,0.32555446277275035,-0.4740918992783678,12.779808351970043,0.06595264859611207,0.24318173465163267,1673
beta,eqw,180,90,1.0,0.8,W,rank,20000000.0,fund63,0.15515439608089998,0.04322590778393446,0.27859931059507836,-0.5179315539105657,22.780120628868243,-0.14379748213782745,0.37646753391025556,1704
beta,btc,365,180,3.0,0.6,M,q20,50000000.0,none,0.1550627646857391,0.07010020378070234,0.45207631840417817,-1.1635892358717692,21.197440271527597,-0.007500516053279156,0.3540794483170774,2007
beta,advw_top100,365,90,1.0,1.0,M,rank,5000000.0,fund90,0.15425623287762955,0.046395161905527976,0.300766854214137,-0.45756958699306605,10.234112855189649,0.2217533123619821,0.08171821279198095,1673
beta,advw_top100,180,90,1.0,0.6,W,rank,20000000.0,fund90,0.15420526226194006,0.036976218310447284,0.23978571008580624,-0.47291517617567885,20.75456579833912,-0.6982447110303623,0.8430253950076927,1673
beta,btc,365,180,3.0,0.8,W,rank,20000000.0,none,0.1520458210986126,0.05312403851006031,0.3493949266491551,-0.9291495263869961,20.795601725889433,0.1907709895278144,0.10402199331882998,2021
beta,btceth,365,90,1.0,0.4,W,rank,5000000.0,none,0.15196389634564123,0.03855300456920327,0.2536984474359266,-0.6649931113801012,20.608334232506653,0.10839549803069237,0.20405240238803918,2021
beta,eqw,365,180,3.0,0.8,M,rank,5000000.0,none,0.15170310899239667,0.04646010231975972,0.30625675787625606,-0.8231059056803323,10.777506498643833,-0.26948680410930526,0.6979188342154719,2007
beta,sqrt_advw,365,180,3.0,1.0,W,rank,5000000.0,fund63,0.1515865848955744,0.03976655255781937,0.262335566074095,-0.39735873464152177,14.018488566898968,-0.13534510027517474,0.37947591621099946,1704
beta,advw,365,180,3.0,0.4,W,q20,5000000.0,none,0.15130295688760628,0.060298219806124126,0.39852638075616714,-0.9860519513537366,21.574561117221794,-0.11587704963963698,0.5183129396721118,2021
beta,btc,365,180,3.0,0.6,M,rank,5000000.0,fund90,0.15120225311331195,0.029360783795216058,0.1941821843965043,-0.3248361643563529,8.257750617988941,-0.42001455627828177,0.639998069302291,1673
beta,eqw,365,90,1.0,0.6,W,q20,5000000.0,fund90,0.15120211269919961,0.040678749860057865,0.2690355917247259,-0.4651911846048303,19.518040816273498,0.054600398862255935,0.24236959851798306,1673
beta,sqrt_advw,365,90,1.0,1.0,M,rank,5000000.0,none,0.1511822861010673,0.055893122621682334,0.3697068225593378,-0.9353551278777857,14.802676723452679,0.00026075019395429834,0.32342874028337054,2007
beta,sqrt_advw,180,90,1.0,1.0,M,rank,20000000.0,fund90,0.15106096658086918,0.04311297370528299,0.28540115081418355,-0.5409415066358314,14.56703508598783,-0.13239342275152344,0.41794066056452245,1673
beta,btceth,180,90,1.0,0.6,M,rank,50000000.0,none,0.15082235913709308,0.04898240695338719,0.3247688687117247,-1.107318642636668,20.400312361331956,0.26703318950006405,0.008665612743895148,2007
beta,eqw,365,180,3.0,0.6,M,rank,5000000.0,none,0.15070057077854324,0.04225833902893376,0.2804126010314388,-0.7448914664986438,10.692652744012669,-0.3766858598501628,0.8163291418273391,2007
beta,advw,365,180,3.0,0.8,W,q20,5000000.0,fund90,0.15025377982362223,0.04160548204394108,0.2769014003692974,-0.3507511113640457,16.442400757365125,-0.2910190720129089,0.5275060569737698,1673
beta,btc,365,90,1.0,0.6,W,q20,5000000.0,none,0.1502358511941346,0.05467321120744786,0.36391587475880965,-0.8520439824570889,27.383188594448825,0.17583154314693894,0.1193380329834067,2021
beta,eqw_top100,180,90,1.0,1.0,W,rank,5000000.0,none,0.14993759387216635,0.057880807818527565,0.38603265747932114,-1.0335241391134917,24.32568672413511,0.37641117038426647,-0.11673474703505649,2021
beta,eqw_top100,365,90,1.0,0.8,W,rank,5000000.0,fund90,0.14982800847377292,0.039132466018590065,0.2611825813959218,-0.4016623190340237,16.860345006367695,0.1482118541381339,0.15136575403739805,1673
beta,btc,365,180,3.0,0.4,W,q20,50000000.0,fund63,0.14971303109693207,0.05671354168286939,0.37881499871677876,-0.9578001549772169,24.92736454316086,-0.3533442318169908,0.5604315486817959,1704
beta,eqw_top25,180,90,1.0,0.4,W,rank,5000000.0,fund63,0.14950151946996287,0.03323513076319088,0.22230630752798677,-0.5407446653672112,19.082938281152515,-0.5913557100054581,0.8167972268226643,1704
beta,eqw_top25,180,90,1.0,0.8,W,rank,50000000.0,fund90,0.14941997623528927,0.050021897464089825,0.3347738282685919,-0.5183559170277023,24.22811826904102,-0.44828224533163225,0.7324053135650823,1673
beta,sqrt_advw,365,90,1.0,1.0,M,q20,5000000.0,none,0.14913442147468942,0.07502624824965848,0.5030780118216482,-1.0308234335382394,19.90626368221952,-0.039156428423627355,0.3569364190789336,2007
beta,btc,365,90,1.0,0.6,M,rank,5000000.0,none,0.1490838777565257,0.04238378063617041,0.2842948632271887,-0.5589168000290233,13.715731070177942,0.027528434399774725,0.33975603374912705,2007
beta,eqw_top100,365,90,1.0,0.8,W,q20,5000000.0,fund90,0.14695759808567568,0.050619058687418554,0.34444669310604714,-0.535161809359795,21.591262056764908,0.22465826216990648,0.0696758071190134,1673
beta,advw,180,90,1.0,0.8,W,rank,50000000.0,fund63,0.14664846325396982,0.04222399604724817,0.28792661791568513,-0.5910422980604695,22.65839725358074,-0.4555204495254813,0.6820492238919139,1704
beta,advw_top100,365,90,1.0,1.0,W,q20,5000000.0,fund90,0.14660870789642494,0.058037350076312604,0.39586564065017477,-0.5437539973682868,20.18633959463365,0.2591918277479561,0.024942788271891243,1673
beta,eqw,180,90,1.0,1.0,M,rank,20000000.0,fund63,0.1465070469710345,0.04269865347048928,0.2914443663514091,-0.5486804819879955,15.498475145817938,0.2087985657967692,0.09750806186827701,1704
beta,eqw_top100,365,90,1.0,1.0,M,rank,5000000.0,none,0.14619948025499332,0.058391662120645296,0.3993971936069928,-1.0231936507557415,15.782042006733148,-0.06291194058754687,0.38026858458569684,2007
beta,sqrt_advw,365,90,1.0,0.8,W,q20,5000000.0,fund63,0.14619100525439654,0.04941848145946354,0.33804050648305756,-0.50541905400306,21.973362534613987,0.3632673427786836,-0.038273002073106646,1704
beta,btceth,365,90,1.0,1.0,W,q20,20000000.0,fund63,0.14534275396223698,0.05697953920044126,0.39203563746456677,-0.7126667123115293,25.377797128361298,0.11902341652178165,0.1681085411747001,1704
beta,eqw,365,180,3.0,1.0,M,rank,5000000.0,none,0.14515357702130685,0.05100234884599347,0.351368184598764,-0.9005870787916758,10.931270389235634,-0.16926256939239726,0.5491511406904731,2007
beta,sqrt_advw,365,90,1.0,0.8,M,rank,5000000.0,none,0.1447219066083204,0.04520947455124117,0.31238860522752376,-0.8511201528711072,14.543308491559026,-0.08800217816822425,0.4189048103350055,2007
beta,advw,180,90,1.0,0.8,W,rank,20000000.0,fund63,0.14449773403452737,0.03740282797759699,0.2588471592825094,-0.4873685027130067,22.102274813427893,-0.15265227742105483,0.3864677958726227,1704
beta,btceth,365,180,3.0,1.0,M,q20,5000000.0,none,0.14442775815195052,0.06642442490057657,0.45991453270840293,-0.84049795729044,14.819484945227252,0.16368944128776433,0.12342834145921844,2007
beta,sqrt_advw,180,90,1.0,1.0,W,rank,50000000.0,fund90,0.1442885239219328,0.047282009081668686,0.327690711613701,-0.5230585182379512,22.578044052784115,-0.4718332817143987,0.69964601271937,1673
beta,advw,180,90,1.0,1.0,W,q20,20000000.0,none,0.1432521331691036,0.06578753887679738,0.4592429963966939,-0.9588733492605651,35.90705862720407,0.1739279843911555,0.10939403450715243,2021
beta,btceth,365,180,3.0,1.0,W,q20,50000000.0,fund63,0.14322126861813564,0.06225832457902747,0.4347002730790216,-0.666363806566695,25.21431433561713,0.45351452779905466,-0.06150975867945851,1704
beta,advw_top100,180,90,1.0,1.0,M,rank,50000000.0,fund90,0.1430555658690217,0.042809762059706484,0.29925268408572153,-0.5603109858781523,13.979078441387491,-0.3454749293098695,0.6117554507456212,1673
beta,sqrt_advw,365,90,1.0,0.8,M,q20,5000000.0,none,0.14180203934667632,0.06016601712432906,0.42429585217202503,-0.9214429662914678,19.24308150462621,-0.1401503407474301,0.468445954364728,2007
beta,eqw,180,90,1.0,1.0,M,q20,5000000.0,none,0.1415341971316382,0.06977922760170979,0.49302026659189285,-1.2499023404842624,19.688134141451286,0.37154065372977524,-0.11976141890718241,2007
beta,btceth,365,180,3.0,0.8,M,q20,20000000.0,fund90,0.1414928815892795,0.046205588967030656,0.3265576928537973,-0.6839260419102976,13.340676447668585,0.23228830125094505,0.06476444595241912,1673
beta,btc,365,90,1.0,0.8,M,rank,5000000.0,fund63,0.14137953008550136,0.03671756272873298,0.25970918637604384,-0.37697758053622393,10.504289775904956,0.37243639748646884,-0.06610805375334976,1704
beta,btc,365,180,3.0,0.6,W,rank,20000000.0,none,0.14117268780684994,0.044546822251793836,0.31554844597661863,-0.9071868408901498,20.94971475541609,0.1126727506977435,0.17922701319149767,2021
beta,btceth,365,180,3.0,0.8,W,rank,5000000.0,fund90,0.1409725026784582,0.030678189418410905,0.21761825062001106,-0.3852066850589445,12.192886089643784,-0.30989753742128434,0.529849973990248,1673
beta,eqw,365,90,1.0,0.8,M,rank,5000000.0,fund90,0.1407715489331331,0.034775450532737444,0.24703465150657594,-0.41035905406388873,10.51746525845525,0.13198099603985436,0.149132985093926,1673
beta,btceth,365,180,3.0,1.0,M,rank,20000000.0,fund63,0.14034602994523632,0.040433486298330996,0.2880985398312181,-0.531845297103869,12.751841668503587,0.45698301909459527,-0.07311506667655468,1704
beta,sqrt_advw,365,90,1.0,0.8,W,rank,5000000.0,fund63,0.140284238297428,0.03593065941140023,0.256127558216631,-0.3569903005706001,17.261737351147698,0.29423018752308694,0.005889452055101515,1704
beta,advw_top100,365,90,1.0,0.4,M,q20,5000000.0,none,0.1402438375745326,0.04633052324071048,0.330356927206075,-0.6198627254460698,18.466838075715817,-0.29691064506766845,0.6539417831565647,2007
beta,btc,365,90,1.0,0.4,M,rank,50000000.0,fund63,0.1396164356364862,0.036891216331440414,0.26423261819613136,-0.6453802791334764,14.999411917627196,-0.32567138518997407,0.5968018382733687,1704
beta,btc,365,180,3.0,0.4,W,q20,5000000.0,none,0.13867668475548342,0.04791179260159413,0.34549277469441125,-0.9065691179699309,22.429967119418905,-0.21689136234051215,0.5943543664323176,2021
beta,eqw,365,180,3.0,0.4,M,rank,5000000.0,none,0.1385537635403849,0.03844354925614222,0.2774630459239521,-0.7508970920856115,10.67010308074689,-0.47002213692523864,0.8562398967335225,2007
beta,sqrt_advw,180,90,1.0,1.0,W,rank,5000000.0,none,0.1382822243885049,0.049487715413721566,0.35787474227117916,-1.0616813731484256,22.87441236365431,0.41639849494257386,-0.19556219323277177,2021
beta,advw,365,90,1.0,1.0,M,rank,5000000.0,fund90,0.13769757553021097,0.04083951778631405,0.29658850294974015,-0.4519039815262404,10.16523003886305,0.2141264193787133,0.05671360011951376,1673
beta,eqw_top100,365,90,1.0,0.8,M,rank,5000000.0,none,0.13707693806882748,0.04510996327622085,0.32908499352072446,-0.9124410557145384,15.252051263492895,-0.1566724059621675,0.4796597641792251,2007
beta,eqw,365,90,1.0,0.6,W,rank,5000000.0,fund90,0.13695130274643574,0.028087212339792857,0.20508904827138522,-0.32409912238424343,15.679603963656568,0.015028294374092586,0.2527174086794326,1673
beta,eqw,365,90,1.0,0.8,W,q20,5000000.0,none,0.13671248622599452,0.06388146518933922,0.4672686961726308,-1.22209491591655,28.42242353745893,0.12593219765449634,0.15628060609095162,2021
beta,eqw,180,90,1.0,0.8,M,q20,5000000.0,none,0.13549920153940498,0.05599397511340607,0.4132421038445918,-1.1065965308544046,18.993297245037922,0.31452163087579205,-0.07281905233894541,2007
beta,eqw_top100,365,90,1.0,1.0,M,rank,5000000.0,fund90,0.13545040755282173,0.04556492674706182,0.33639564155089613,-0.5092223745527816,11.593058431744783,0.22550612895814365,0.04566937154163602,1673
beta,btc,365,90,1.0,0.6,W,rank,20000000.0,fund90,0.13535635867261547,0.029373879143699006,0.2170114461688881,-0.44444397214180725,18.96985783553904,-0.5386982284001184,0.8698412096597086,1673
beta,btceth,365,180,3.0,0.6,W,q20,20000000.0,fund90,0.13530242255985364,0.04934336817288407,0.3646894655641223,-0.7283900946776507,21.46104972479713,-0.4566138618974049,0.49386671413768124,1673
beta,eqw_top100,180,90,1.0,0.4,W,rank,5000000.0,fund63,0.13517979596786064,0.02868663500575369,0.21221096540620618,-0.5388056272356982,18.505872763278916,-0.6058182961374645,0.8269061389572796,1704
beta,btc,365,180,3.0,0.4,M,q20,5000000.0,none,0.13490770825969278,0.04716160240201582,0.3495841935972356,-0.7360747412607044,14.240731296311269,-0.0191156581361992,0.3178917337881194,2007
beta,btc,365,180,3.0,0.6,M,rank,50000000.0,fund90,0.13446671073423286,0.03481715799607807,0.25892771382571067,-0.6787334701908665,11.958154323466358,-0.42915647421428615,0.6854435596625694,1673
beta,eqw_top25,365,90,1.0,0.8,W,q20,5000000.0,none,0.1342668971207842,0.05803041798123021,0.43220197402064797,-1.1684937674615028,32.247195086416184,-0.26110426397697817,0.5637267131398794,2021
beta,eqw_top25,180,90,1.0,1.0,W,rank,20000000.0,fund90,0.13416921656303674,0.05047505800083514,0.3762044624977029,-0.7554076664030247,25.209539366184856,-0.17142609426974353,0.40776275241576293,1673
beta,btc,365,180,3.0,0.4,M,q20,20000000.0,none,0.13410113470455318,0.049087014438516964,0.3660447359126656,-0.6779963844091432,18.697521240087376,0.0700530809250612,0.20825000881176992,2007
beta,sqrt_advw,365,90,1.0,0.6,M,rank,5000000.0,none,0.13395406702525814,0.036657629471842416,0.27365820453163486,-0.7649068088733406,14.391438225883693,-0.19265479950450673,0.519578818416091,2007
beta,btc,365,180,3.0,0.4,M,rank,5000000.0,none,0.13375182117343265,0.034659847395362875,0.2591355174926577,-0.7357790540915956,10.788138583558815,-0.13639845912429377,0.4750238181537662,2007
beta,eqw,365,180,3.0,0.4,W,rank,5000000.0,none,0.13374370104374944,0.04298652632147591,0.32140972611049856,-0.9105801051562057,15.184057209027324,-0.23502955218442614,0.6452314498849185,2021
beta,eqw,365,90,1.0,0.8,M,q20,5000000.0,fund90,0.1337415293540975,0.04449905418542385,0.33272428093451073,-0.5962466815877228,13.188650095982982,0.1696426068406345,0.10249988493285318,1673
beta,advw,180,90,1.0,0.8,W,q20,50000000.0,fund90,0.13358875231800482,0.05077675944248214,0.38009756481301116,-0.6647850673038596,26.539016402529928,-0.4767733212218029,0.6735719298515672,1673
beta,eqw,365,90,1.0,1.0,W,rank,5000000.0,none,0.13341437005641368,0.052756348974483586,0.3954322832853447,-1.109083664463633,21.179314497101068,0.11326063259573928,0.16047711590839844,2021
beta,eqw,365,90,1.0,0.8,W,rank,5000000.0,none,0.13333800439413945,0.045279864046795834,0.3395870836115948,-1.0171185399976965,20.822414722763025,0.05072434335140796,0.24255556900111472,2021
beta,sqrt_advw,365,90,1.0,1.0,M,q20,5000000.0,fund90,0.13327387088486436,0.05573357291801543,0.41818829563496207,-0.6780708535508272,13.637147223523565,0.1930900751245405,0.07797269235414005,1673
beta,eqw,365,90,1.0,0.6,W,q20,5000000.0,none,0.1332132908812586,0.05593288051774321,0.41987462472944753,-1.1488152555236366,27.75089583668399,0.05793333695867055,0.24782685216822758,2021
beta,advw,180,90,1.0,0.8,W,rank,50000000.0,fund90,0.13255016416638118,0.037124484624649914,0.28007875250950337,-0.5385949281169533,21.087724431297563,-0.7055721674526795,0.8990051841622883,1673
beta,advw,180,90,1.0,1.0,M,rank,50000000.0,fund90,0.13246981406169572,0.03933911451562589,0.2969666319400457,-0.5516314539911109,13.941869349189682,-0.37150328027276125,0.6081704486730647,1673
beta,eqw_top100,180,90,1.0,0.4,M,q20,5000000.0,fund90,0.1322372745621007,0.035787551934530884,0.27063134848355097,-0.5417714670308929,13.351167158074581,-0.3518409113272168,0.5234444134433518,1673
beta,btc,365,180,3.0,0.4,W,q20,50000000.0,fund90,0.1321115095658182,0.048371454935491394,0.3661411113570891,-0.8955580735067731,23.01275909186038,-0.4362856961484519,0.6126977246047122,1673
beta,advw,180,90,1.0,0.8,W,q20,50000000.0,fund63,0.13127916545553225,0.05078305038995399,0.38683251994891416,-0.7261590874285047,28.36192260895084,-0.1972904412549503,0.417074679220428,1704
beta,sqrt_advw,365,90,1.0,0.6,M,q20,5000000.0,none,0.13098686840780357,0.04880312711068535,0.3725803029258304,-0.8165583951143205,18.80696927562015,-0.2595163415385259,0.5925418503656192,2007
beta,eqw,365,180,3.0,1.0,W,q20,5000000.0,fund90,0.13055368076731577,0.04407010852393968,0.3375631254892406,-0.409304099962206,17.677957199099854,-0.09130023677015799,0.3093657616235327,1673
beta,advw,180,90,1.0,1.0,M,rank,20000000.0,fund63,0.13035093375985732,0.03599339812390894,0.2761268913517627,-0.531848861831574,14.838842074945623,0.16878944417995462,0.0978590926266396,1704
beta,btc,365,90,1.0,0.6,W,rank,20000000.0,none,0.13028104847358962,0.03969335106067548,0.30467478981581925,-0.7933696611723631,25.292942450640844,-0.09285421872638824,0.45783490117545966,2021
beta,eqw,365,90,1.0,1.0,W,q20,5000000.0,none,0.13021450720496192,0.07060201064167985,0.5421977332414272,-1.3583753321873966,29.436647625136565,0.1796504667164728,0.06799192419932433,2021
beta,btceth,365,90,1.0,0.4,M,q20,5000000.0,none,0.13013742013204857,0.043136028331547775,0.33146521798094863,-0.7054256128730478,18.419387091447522,-0.08096921390761107,0.3980939218949296,2007
beta,btc,365,180,3.0,1.0,M,q20,50000000.0,fund90,0.1292425935367309,0.06107888889451821,0.4725910183561854,-1.0912906053067102,13.711364594181672,0.23538964911339869,0.008168087795415455,1673
beta,btc,365,180,3.0,1.0,M,q20,5000000.0,fund63,0.12881342753398442,0.05463580392688408,0.42414680653125,-0.9005982041881269,11.547847353873951,0.43922209295743375,-0.061226478782390056,1704
beta,eqw_top100,180,90,1.0,0.6,M,q20,5000000.0,fund63,0.12724959902652372,0.036987576248531745,0.29066949154646926,-0.5495785208265199,14.839895294547688,-0.25467959995220046,0.4558843593383068,1704
beta,advw_top100,180,90,1.0,1.0,M,rank,20000000.0,fund63,0.12709087860288767,0.03561688161555248,0.2802473474657623,-0.5374593778519199,14.95673227338591,0.1762827164443404,0.08474567295014358,1704
beta,btceth,365,180,3.0,0.6,W,q20,20000000.0,fund63,0.126741943821117,0.04671122512312661,0.368553800855813,-0.74706891152689,23.037665159421245,-0.21818935296084627,0.32554364679299763,1704
beta,btceth,180,90,1.0,0.4,M,rank,50000000.0,none,0.1265753431635343,0.0413754074762613,0.32688362869223747,-1.1464633112889302,20.817898884719984,0.18209017454875873,0.06447294851163093,2007
beta,advw_top100,180,90,1.0,0.8,W,rank,20000000.0,fund63,0.12588925173469181,0.032943329793333684,0.2616850075712647,-0.49399318753778554,22.243423843918624,-0.16796936208355503,0.3659493210199718,1704
beta,eqw_top25,365,180,3.0,0.8,W,q20,5000000.0,fund90,0.1255150060618181,0.040516872561558316,0.3228050082043825,-0.43712890163275847,18.717908384569114,-0.19598222400145618,0.4210777045639226,1673
beta,eqw_top25,180,90,1.0,0.4,W,rank,5000000.0,none,0.12550785045616877,0.036735860256893585,0.29269770873593987,-0.9512311322965091,23.40499696567229,0.3133344250053984,-0.078038831139405,2021
beta,btc,365,180,3.0,0.4,W,rank,20000000.0,none,0.12504483559694957,0.03799401199464239,0.3038431120586738,-0.9629509573390144,21.283502058252196,0.013071694424345404,0.25633775297116995,2021
beta,advw_top100,180,90,1.0,0.6,W,q20,50000000.0,fund90,0.12483290156142335,0.04626485715818134,0.3706142898185938,-0.8380173907112335,26.24991132129185,-0.7112234586194368,0.8766040435205057,1673
beta,btc,365,180,3.0,0.4,W,rank,20000000.0,fund90,0.1248122928358627,0.029258735613182926,0.23442190627537227,-0.5417098929904829,16.777740468897488,-0.8083223930761627,0.797013898680555,1673
beta,btceth,365,90,1.0,0.6,W,rank,5000000.0,fund63,0.12474706194130616,0.02600842260500934,0.2084892597891113,-0.28765871148561317,16.277151576037415,0.2525434208216924,0.012129645843724916,1704
beta,btc,365,180,3.0,0.8,M,rank,5000000.0,fund63,0.1245031550451288,0.030258218220766457,0.2430317385113552,-0.42314571888592006,9.124539394576614,0.006006250310282005,0.2104537059173121,1704
beta,eqw,365,180,3.0,0.8,W,rank,5000000.0,fund90,0.12431707075234491,0.025857981647415106,0.2080002488067582,-0.315400074446236,12.588029433671313,-0.3214453536660496,0.5017248280799821,1673
beta,eqw,365,90,1.0,0.6,W,rank,5000000.0,none,0.12416410675878738,0.037682328535714134,0.30348809748149913,-0.9272356982565998,20.61917231206574,-0.024175519098456794,0.32002272947538685,2021
beta,sqrt_advw,180,90,1.0,0.8,W,rank,20000000.0,fund90,0.12386760726776364,0.03330494613187493,0.26887534898353116,-0.4987792167170461,21.362374467828445,-0.5232525613236922,0.6491609880377809,1673
beta,eqw_top100,365,90,1.0,0.6,M,rank,5000000.0,none,0.12381246219881101,0.03519965244736201,0.28429813786305624,-0.805902688426062,14.869215616366898,-0.26568943151934515,0.5792986890663121,2007
beta,btceth,365,180,3.0,0.6,W,rank,20000000.0,fund90,0.12342947091138784,0.029143391596934524,0.23611372050567297,-0.46242554404351105,16.54352354376291,-0.443572872972338,0.5382958155258826,1673
beta,btceth,730,180,3.0,1.0,M,rank,50000000.0,fund90,0.1229032796334988,0.032114619362446445,0.26129993811567265,-0.44343434437648327,11.506039985540253,-0.3262995653794698,0.5751821941415519,1673
beta,eqw_top25,180,90,1.0,0.4,M,rank,5000000.0,none,0.12243435111821531,0.03339523675768562,0.27276035240666374,-0.8411738394254717,15.471271928854009,0.26279843857313673,-0.02313501577264547,2007
beta,btceth,365,90,1.0,1.0,M,rank,50000000.0,fund90,0.12208656501618534,0.0350485969483688,0.2870798842093912,-0.6166828434963609,13.14088315279799,-0.2635307876948328,0.5277769209136712,1673
beta,btc,365,180,3.0,0.6,M,q20,20000000.0,none,0.1219139719051349,0.047138601833648076,0.38665463110600734,-0.7497142891749133,18.570447951507077,0.13201894663440641,0.11091521775061641,2007
beta,sqrt_advw,180,90,1.0,1.0,W,q20,5000000.0,none,0.12155263521585115,0.06064384665546356,0.4989101762193244,-1.5710207814622505,31.525121237816062,0.45710806042125557,-0.277528683144673,2021
beta,eqw_top100,180,90,1.0,1.0,W,q20,5000000.0,none,0.12150284053390707,0.06455859350731533,0.5313340266254873,-1.5338837392261528,33.54651434186838,0.3601442945562785,-0.1570253315319105,2021
beta,eqw_top100,365,90,1.0,1.0,W,q20,5000000.0,fund63,0.12104730906504665,0.055162767671241536,0.4557124656244853,-0.6115204601657891,24.641553632473908,0.4916944292483022,-0.18939557902542023,1704
beta,advw_top100,180,90,1.0,0.8,W,rank,5000000.0,none,0.12089776050551106,0.035293012997632385,0.291924456251806,-0.9626304484046346,22.19346175842909,0.42773203827316175,-0.23179972790268244,2021
beta,eqw,365,90,1.0,0.4,M,q20,5000000.0,none,0.12069214801033709,0.042454547545469457,0.3517589855293095,-0.714977785645704,18.669036653495265,-0.2568572443745051,0.5503743583034804,2007
beta,btc,730,180,3.0,1.0,M,rank,50000000.0,fund90,0.12040080189416996,0.03194184616748765,0.26529595870602196,-0.4770857106555444,11.208662603863967,-0.46418568970502755,0.780805269584672,1673
beta,advw_top100,180,90,1.0,0.6,W,q20,50000000.0,fund63,0.11928073643480062,0.0452027961323403,0.3789614105631242,-0.9164543051398601,28.135029557319918,-0.46967797560173646,0.6493984923290922,1704
beta,eqw_top25,365,180,3.0,1.0,W,q20,5000000.0,fund63,0.1190487962551908,0.05065959039172275,0.4255363513557061,-0.564728489685584,21.657597154630615,0.040531728567398805,0.18417778310729344,1704
beta,btceth,180,90,1.0,0.4,M,rank,50000000.0,fund63,0.11888383944607749,0.03186154789519929,0.2680057108153108,-0.9081527458069543,15.325932549453979,-0.7705124418119669,0.8849811029060508,1704
beta,eqw_top25,180,90,1.0,1.0,W,rank,50000000.0,fund63,0.11883715004810169,0.04688828230040977,0.39455912802882603,-0.5970059604560575,27.311409837361843,-0.023610742617679394,0.2528478435420208,1704
beta,btc,365,180,3.0,0.8,M,q20,50000000.0,none,0.11878319596965171,0.05909853889453883,0.497532823663358,-1.2119118057678144,21.24446050434117,-0.016674933426415194,0.29471928744156345,2007
beta,advw_top100,365,180,3.0,1.0,W,rank,5000000.0,fund90,0.11790928645170604,0.028919043417656908,0.24526518892557062,-0.40070097760439194,12.324157593519464,-0.14805056074138312,0.35590402149781947,1673
beta,eqw,365,90,1.0,1.0,M,q20,5000000.0,fund63,0.11775476468950971,0.050717739958287184,0.4307064779248411,-0.7496947136385347,14.754003068280918,0.43211735792122635,-0.11507963505530636,1704
beta,eqw_top25,180,90,1.0,0.6,M,q20,5000000.0,fund63,0.11714997641906856,0.03543588497440187,0.30248307389871526,-0.601294440818064,15.3268725791405,-0.29800313306654713,0.4781856989812947,1704
beta,eqw,365,90,1.0,0.4,W,q20,5000000.0,none,0.11700004916693461,0.04703567509152871,0.40201414808312286,-1.0894774842913963,27.380758185622902,-0.022016349179286444,0.31869361031788507,2021
beta,advw_top100,180,90,1.0,1.0,M,rank,5000000.0,none,0.11647866834207057,0.03803356533849913,0.3265281607341479,-0.9201503132668106,14.77544248760844,0.37321796826509446,-0.16287686683196712,2007
beta,btceth,365,180,3.0,1.0,M,rank,5000000.0,fund90,0.11597377774969946,0.02996314161807498,0.25836134856918225,-0.42907655457111193,8.22783322093823,-0.06624280487278143,0.27403664735170186,1673
beta,advw,180,90,1.0,0.8,W,rank,5000000.0,none,0.11575876856948432,0.03370674731853338,0.29118094236032643,-0.9669934449710016,22.04598820993292,0.41852852239167226,-0.2364430934123513,2021
beta,btc,365,180,3.0,1.0,W,q20,5000000.0,fund63,0.11552286800533723,0.04675033266463015,0.40468466089735794,-0.8974216247981956,18.317789389668715,0.5236704684614965,-0.17237496307245367,1704
beta,btc,180,90,1.0,1.0,W,rank,50000000.0,none,0.1153691867265676,0.049491708610279045,0.42898550310125333,-1.2807392669944657,29.431873590472268,0.4790571544905402,-0.4512075905159194,2021
beta,sqrt_advw,180,90,1.0,1.0,M,q20,5000000.0,none,0.11515411507958587,0.05592879446751952,0.48568645965335877,-1.2815788362902492,20.054022367516183,0.29635007776235955,-0.08666163001329813,2007
beta,sqrt_advw,365,90,1.0,0.4,M,rank,5000000.0,none,0.11511652523833776,0.029829621728247775,0.2591254528095631,-0.7026841921044616,14.340182106841347,-0.3018022704191136,0.5852106518112349,2007
beta,sqrt_advw,365,90,1.0,0.4,M,q20,5000000.0,none,0.11474461555365793,0.0403898315486561,0.35199761970328475,-0.7571820411102307,18.579892439777776,-0.3843759456549406,0.6903845424978928,2007
beta,eqw_top100,180,90,1.0,0.8,W,rank,5000000.0,none,0.11473320558900398,0.03758785891232901,0.32761098863545945,-0.9648928939554904,23.560950459492528,0.31288452349936413,-0.12654930561021416,2021
beta,eqw_top25,365,90,1.0,1.0,W,rank,5000000.0,fund90,0.11446550432906619,0.04084534218734817,0.35683538395922065,-0.5733657271609793,18.610988629556154,0.2384847496123605,-0.020855737511373904,1673
beta,btc,180,90,1.0,0.6,M,q20,20000000.0,none,0.11439470092799636,0.045214509784951555,0.3952500370922862,-1.079914060743218,22.002059790956565,0.5185104296759789,-0.44452374800579886,2007
beta,eqw,180,90,1.0,0.6,M,q20,5000000.0,fund63,0.11382094684198855,0.03126275839364206,0.2746661248306293,-0.45860932658206516,14.085979311334091,-0.14757107766279884,0.3338184969420025,1704
beta,btc,365,180,3.0,0.4,W,rank,50000000.0,fund63,0.11367323160386705,0.03224345901465777,0.28365041232417004,-0.622207163134898,19.03511631296606,-0.3409740920466818,0.5145202077909639,1704
beta,btceth,180,90,1.0,1.0,M,rank,5000000.0,none,0.11362923332203823,0.039545651463662915,0.34802357023377967,-1.0255142283333414,14.538400450377516,0.38872842263483387,-0.22039055042755515,2007
beta,btc,365,90,1.0,0.8,W,rank,50000000.0,fund63,0.11360668470279475,0.031913942822549085,0.28091606498366545,-0.5147088587688291,20.752617734343474,0.04228608404386575,0.18320063200608594,1704
beta,btceth,365,180,3.0,0.8,W,rank,50000000.0,fund90,0.11345284295202025,0.03091736172835842,0.2725128866222728,-0.5831203241425704,16.908263216173612,0.011222225684917627,0.20359661100899562,1673
beta,btc,365,90,1.0,0.6,M,q20,5000000.0,fund63,0.11326478858545164,0.032210592891922164,0.28438311053413706,-0.4117904773105294,13.21246927199418,0.1017971570655074,0.12366903555402883,1704
beta,eqw,180,90,1.0,0.6,M,q20,5000000.0,none,0.11323232644375587,0.04131669045358303,0.36488423183732444,-1.024590641428547,18.55246760440946,0.22522463487497832,-0.0158886712241936,2007
beta,eqw,365,90,1.0,0.6,M,q20,5000000.0,none,0.11281607361497925,0.04232433413379467,0.3751622687937175,-0.8060432701709692,18.874652980399258,-0.16144894292950562,0.43574111737961707,2007
beta,btc,180,90,1.0,0.6,M,q20,50000000.0,none,0.11238110624814902,0.05370136284930839,0.47785045584735797,-1.3459421034575754,24.461843567228517,0.6941730753566839,-0.7756799357433718,2007
beta,eqw_top100,365,90,1.0,1.0,W,rank,5000000.0,fund63,0.1123471008289269,0.03837421134022307,0.34156832759446293,-0.518284062093175,18.876543011249215,0.40021331928076187,-0.1310385944486018,1704
beta,btceth,365,90,1.0,0.8,M,q20,5000000.0,fund63,0.11184810075863813,0.03810431542354215,0.34067914577976705,-0.4802587799284346,13.434169931739927,0.09599417184075665,0.12570311631538086,1704
beta,btceth,180,90,1.0,0.4,M,rank,50000000.0,fund90,0.11173592180907327,0.028692770004281682,0.2567909186206915,-0.8538836536240392,14.115549720569726,-0.9729190352700946,1.0686138984681368,1673
beta,advw_top100,365,90,1.0,0.8,W,rank,5000000.0,fund90,0.1106890204030291,0.02683353442889643,0.2424227292932308,-0.3696582638306023,15.491252789650447,0.11720197999526998,0.10381632626063841,1673
beta,sqrt_advw,180,90,1.0,0.4,M,rank,5000000.0,fund63,0.11006699065108727,0.021908403561842146,0.19904608486382494,-0.45330256452228046,11.635607141929844,-0.5027987666807491,0.6535411325972661,1704
beta,btc,365,180,3.0,0.4,W,rank,50000000.0,fund90,0.10979140328960867,0.030133006969678678,0.2744568888530697,-0.581704786519495,17.483227388338705,-0.325296199017017,0.504941841196694,1673
beta,advw,180,90,1.0,0.8,W,q20,20000000.0,none,0.10926573675614365,0.04462770030444934,0.4084327038772295,-0.9726138014484981,35.03340717798334,0.07533022158115223,0.14799734956200392,2021
beta,btc,365,180,3.0,0.8,M,q20,20000000.0,none,0.10860779092303817,0.047564547794732216,0.43794784324853336,-0.842486304221034,18.65812316162834,0.17470046444449258,0.02435209784403061,2007
beta,sqrt_advw,180,90,1.0,1.0,W,rank,20000000.0,fund63,0.1083586668494937,0.03405370369608688,0.31426838928709083,-0.539348450883375,23.380908225331247,0.022894691854830212,0.1758564189304181,1704
beta,advw,365,180,3.0,1.0,W,rank,5000000.0,fund90,0.10828055949997917,0.026088636872180975,0.24093555660086877,-0.39474904251309884,12.21400636946885,-0.15947188627098802,0.3450200522278648,1673
beta,btceth,180,90,1.0,1.0,M,rank,20000000.0,none,0.10814524229753386,0.037543896122815314,0.34716179209736214,-0.9391037686834193,18.560698825250572,0.4050163728901291,-0.2690621825281406,2007
beta,eqw_top100,365,180,3.0,1.0,W,rank,5000000.0,fund90,0.10714211515396573,0.02958946447125907,0.2761702476074727,-0.4195007991849786,13.743471947113491,-0.11158573267850094,0.2956838364830361,1673
beta,btc,365,90,1.0,1.0,W,q20,20000000.0,fund63,0.10712120558745358,0.04386319357612947,0.40947255340885447,-0.9205411550541203,25.23967371873173,0.22390077793483945,0.0018437829402593892,1704
beta,btceth,365,180,3.0,0.8,W,rank,50000000.0,fund63,0.1067437508439284,0.02992730250210745,0.28036585060482455,-0.5341401933249375,18.401506319082866,0.08947737991553545,0.12166997993270688,1704
beta,advw_top100,180,90,1.0,0.8,W,rank,50000000.0,fund63,0.10652163739471324,0.030944447346133764,0.2904991709005551,-0.591413637244152,22.730547695106562,-0.4627982847401598,0.6142407372814767,1704
beta,advw,180,90,1.0,1.0,M,rank,5000000.0,none,0.10641757953783897,0.03459555195623175,0.325092452830414,-0.9352508360961876,14.679717851229942,0.36045075911335,-0.17444976501970963,2007
beta,btceth,365,90,1.0,0.8,W,rank,20000000.0,fund63,0.10578470634531932,0.026519305499172894,0.250691299483352,-0.4805330345071681,20.30852457646705,0.03460475257952372,0.1655811263696271,1704
beta,btceth,365,180,3.0,1.0,W,rank,5000000.0,fund63,0.1055251039777236,0.02817312584918255,0.2669803183053949,-0.47057588437925846,13.320561458401306,-0.004864604646921114,0.18600640465931376,1704
beta,advw_top100,180,90,1.0,1.0,W,q20,20000000.0,none,0.10466365370202155,0.048109379676609,0.4596569866897335,-0.9495056317971965,36.484661035340594,0.16235631843878295,0.04072485474750636,2021
beta,btc,365,90,1.0,1.0,M,q20,20000000.0,fund90,0.10343630646399307,0.04013265270114115,0.38799386862398855,-0.8152916285183387,14.508689470935082,-0.016945003692996157,0.26689901498106894,1673
beta,btc,365,90,1.0,0.4,W,rank,5000000.0,fund63,0.10342600996358498,0.019185813773779904,0.18550279354811225,-0.2358556435766067,16.48674643484813,0.014153937760454455,0.18612042168304113,1704
beta,eqw_top100,365,90,1.0,0.4,M,rank,5000000.0,none,0.10326985344300466,0.02769088569768134,0.26814103801322936,-0.7328990887311222,14.609488071665192,-0.3736128326168415,0.6336773253852271,2007
beta,btceth,365,90,1.0,1.0,M,rank,5000000.0,fund90,0.10299107811356399,0.030468520392149742,0.2958365030275085,-0.49108682209746,9.671423241950924,0.16505825657543277,0.03234966235179494,1673
beta,advw_top100,365,90,1.0,1.0,W,rank,5000000.0,fund63,0.10254402351687313,0.031145505876891563,0.3037281433741159,-0.495420622971808,16.823388562963128,0.4204941824731114,-0.16911287859219115,1704
beta,eqw,365,90,1.0,0.4,W,rank,5000000.0,none,0.10247309232467225,0.029843539960365643,0.2912329401147609,-0.8674343045296175,20.562312507387595,-0.10597031379352022,0.3663708551767417,2021
beta,eqw_top25,180,90,1.0,0.4,M,q20,5000000.0,fund90,0.10244994608206645,0.028451922607026985,0.2777153497400171,-0.6457308053249167,13.636432203716142,-0.466253828915248,0.5614424429078272,1673
beta,sqrt_advw,180,90,1.0,0.8,W,rank,5000000.0,none,0.10154119266741679,0.03150692768083687,0.3102871539438498,-1.0008815958976938,22.514551273942246,0.3542288866669021,-0.20851281275642958,2021
beta,advw,365,90,1.0,0.8,W,rank,5000000.0,fund90,0.10151817710130476,0.024390612727844704,0.24025857658481556,-0.3638651490002928,15.392055263820131,0.11078595364530812,0.09181299463777835,1673
beta,btc,365,90,1.0,0.6,W,q20,5000000.0,fund63,0.10121065131392132,0.0278304539389229,0.2749755443486102,-0.4024667420675413,20.7333921225822,0.16163102015056086,0.04629214419835907,1704
idvol,advw,90,90,,,W,q20,5000000.0,none,0.10055674042999521,0.042395864854547105,0.4216113676045607,-1.142421811526305,25.800280907631606,-0.4385256200334103,0.8267423166463376,2021
beta,btceth,365,90,1.0,0.6,M,q20,5000000.0,fund90,0.09927528024364718,0.026679266172316335,0.2687402755936677,-0.3609200781358423,12.196192032962813,-0.188463689137272,0.38142647528841384,1673
beta,btc,365,180,3.0,0.8,W,q20,5000000.0,fund90,0.09900050018993475,0.03095031447536442,0.3126278596167244,-0.6893942894110259,16.470301235575167,-0.07132816621568148,0.256647475548213,1673
beta,eqw_top25,180,90,1.0,0.6,W,q20,5000000.0,none,0.09885730186787386,0.040579397798223706,0.41048457758294316,-1.4658336118424455,31.643982307512026,0.39596691336186984,-0.2801220779383062,2021
beta,btceth,365,90,1.0,1.0,M,rank,50000000.0,fund63,0.098816272722592,0.029698541040230328,0.3005430201117114,-0.5980110587133064,14.333814180092082,0.10467634300155966,0.09415784816152807,1704
beta,sqrt_advw,365,180,3.0,1.0,W,q20,5000000.0,fund90,0.09851593550782953,0.034013171206363574,0.345255526743289,-0.429984970110311,17.88224619482224,-0.11944065916425817,0.2776344083056523,1673
beta,sqrt_advw,365,90,1.0,1.0,W,q20,5000000.0,none,0.09823918167820958,0.051920443499355665,0.5285105455115179,-1.260461487192613,29.61831071818806,0.05659154198154961,0.1515416458294635,2021
beta,advw,365,90,1.0,1.0,W,q20,5000000.0,fund90,0.0980627052491247,0.03825148658730471,0.3900717045295478,-0.5708593721286086,20.277963168920962,0.22383247814181223,-0.034129240332286793,1673
beta,eqw,365,90,1.0,0.8,M,q20,5000000.0,none,0.09803666851144821,0.04228685823407452,0.43133716063736377,-0.9067889628118174,19.30248299845273,-0.07348242511569954,0.2994125873600725,2007
beta,btceth,365,90,1.0,1.0,W,rank,50000000.0,fund63,0.09796182071643428,0.028952816654646166,0.29555204714349476,-0.5214288823637923,20.880447306983857,0.15543160859086064,0.04882590252179415,1704
beta,advw_top100,365,90,1.0,1.0,W,q20,5000000.0,none,0.09788533056080395,0.044661683870008954,0.4562653424587069,-1.0880116557346438,28.575035920948835,-0.10945796516843692,0.31880983474994773,2021
beta,btceth,180,90,1.0,0.6,M,q20,20000000.0,fund63,0.09786729376045389,0.028558094388110217,0.2918042717928912,-0.7022522238232507,16.06933971847792,-0.5640212538461414,0.6790673541278325,1704
beta,eqw,365,90,1.0,0.8,W,q20,5000000.0,fund63,0.09779265202824436,0.032718104849329584,0.3345660862114669,-0.5293995989177313,21.528806296588066,0.3316739459598476,-0.0988022178794259,1704
beta,btceth,180,90,1.0,0.6,M,q20,50000000.0,fund63,0.09740972863734838,0.033410658477095845,0.3429909819529636,-0.9048852567985475,16.376759838309603,-0.441050260652596,0.586986551214472,1704
beta,btc,730,180,3.0,1.0,M,rank,50000000.0,fund63,0.09727041878756776,0.027418587954283185,0.28188002371166493,-0.5909979263258395,12.43250380713306,-0.3557643317007181,0.5536356505745235,1704
beta,eqw_top100,180,90,1.0,0.4,W,q20,5000000.0,fund63,0.0967062989290007,0.02706918673056063,0.27991130909098416,-0.7914898432660014,23.132021159549925,-0.6724454211288079,0.8036641105842753,1704
beta,btc,365,180,3.0,0.4,W,rank,50000000.0,none,0.09665018081207921,0.031620209531078323,0.32716141103304036,-0.8756692445499081,24.319077553953356,-0.019580370769861268,0.2226990732342348,2021
beta,sqrt_advw,365,90,1.0,1.0,M,rank,5000000.0,fund90,0.09591294104078718,0.029659668988337332,0.3092353197231695,-0.4780610563405819,10.78017955216044,0.20160484336613183,-0.008111831326016773,1673
beta,btc,365,90,1.0,1.0,M,rank,20000000.0,fund90,0.09514112622593225,0.027327736085383043,0.28723368294472035,-0.5976067611279028,12.777592533981753,-0.12280721301703194,0.3808988924429549,1673
beta,btceth,365,180,3.0,0.8,W,q20,5000000.0,fund90,0.09466603454908401,0.02776958350043503,0.29334262951551643,-0.5021121705380387,16.54987012400362,-0.1898352474801363,0.34080458976644307,1673
beta,btc,365,90,1.0,0.4,W,rank,20000000.0,none,0.09443089322192816,0.02720349819075874,0.2880783741696272,-0.7941303141521123,25.728977747189703,-0.23172151221625384,0.5311562407306966,2021
beta,advw_top100,180,90,1.0,0.8,W,rank,50000000.0,fund90,0.09324831394670488,0.026366620316077696,0.2827570730249049,-0.5371177731143729,21.155651271656144,-0.7073182929550934,0.8296338513849628,1673
beta,btc,365,180,3.0,1.0,M,q20,20000000.0,none,0.09269507687394572,0.04802180674887802,0.5180621060833895,-0.9317296644024842,18.97252326668151,0.20003354453373548,-0.048012056043597595,2007
beta,eqw_top25,180,90,1.0,0.6,M,rank,5000000.0,fund63,0.09253360676035265,0.021207056397033887,0.22918220892390798,-0.40188346245494394,12.59442210464796,-0.14563975963080153,0.31507826605349576,1704
beta,advw,365,90,1.0,1.0,W,rank,5000000.0,fund63,0.09236955864416652,0.02771441834151876,0.30003844067592095,-0.486135134931764,16.692905173530512,0.40836694135526225,-0.175308115225999,1704
beta,advw,180,90,1.0,1.0,W,q20,20000000.0,fund90,0.09222204991746279,0.03495342646526205,0.37901376619306104,-0.5864260694460925,25.890975147488636,-0.19179013460100405,0.36903343115243376,1673
beta,eqw_top100,180,90,1.0,0.6,M,rank,5000000.0,fund63,0.09178063715754532,0.019953381027353143,0.21740294734609789,-0.35170730612466783,12.081264965898106,-0.202614639442607,0.3681260841439319,1704
beta,btc,365,90,1.0,0.4,M,rank,5000000.0,none,0.09148611327469759,0.023269270407180485,0.25434756789056956,-0.49591856814134283,13.957520713814114,-0.10201899722801228,0.37054308831951527,2007
beta,btc,365,180,3.0,0.6,W,q20,20000000.0,fund90,0.09128241255868252,0.03347279349483115,0.36669488192276434,-0.7316316753256146,21.570319221805157,-0.4287926920736146,0.43166935282356983,1673
beta,eqw,365,180,3.0,1.0,W,rank,5000000.0,fund63,0.09051555895857978,0.023325649183555366,0.25769767597888066,-0.4280551176066483,13.916144958046864,-0.18650102197612456,0.307114506301498,1704
beta,eqw_top100,180,90,1.0,1.0,M,rank,5000000.0,none,0.09039906388207335,0.03386782362439567,0.37464794622847697,-1.0002001279202974,16.237045943789802,0.27313600797423826,-0.11056924845625433,2007
beta,btc,180,90,1.0,0.8,M,rank,50000000.0,none,0.09010771085512742,0.03412957494664606,0.378764199231724,-1.2684106840227998,19.893113910955826,0.42674433609796264,-0.43685946468159786,2007
beta,eqw,365,90,1.0,1.0,M,rank,5000000.0,fund63,0.08992006293397248,0.028351342096738143,0.3152949538920617,-0.4530149857151977,11.515262208061381,0.33073637036696146,-0.10014518747210285,1704
beta,eqw_top25,180,90,1.0,0.4,W,q20,5000000.0,fund63,0.08950617450125553,0.025734042922589254,0.28751137076278765,-0.8413578917570973,23.495464832581987,-0.6788602703319233,0.7732672590256867,1704
beta,btc,365,180,3.0,0.8,M,rank,50000000.0,fund63,0.08907588363899437,0.026073032003177017,0.292705847396872,-0.7359791662987842,12.980247971030773,-0.09013138688560603,0.2322162119369379,1704
beta,sqrt_advw,180,90,1.0,0.8,M,q20,5000000.0,none,0.08857629739930994,0.03662137993616204,0.413444465521849,-1.1748895990570534,19.352595248715485,0.2201477288953205,-0.06475783995833381,2007
beta,eqw_top100,180,90,1.0,1.0,W,rank,20000000.0,fund90,0.08724423302756,0.02853551595599779,0.3270762429303902,-0.5550338468232117,23.34267681039418,-0.305068998207212,0.439233282694339,1673
beta,eqw_top25,365,90,1.0,0.6,W,q20,5000000.0,none,0.08599844442492807,0.03211240161308726,0.3734067729692439,-1.0635234054695553,30.689130069161074,-0.4296730995437408,0.6553377878638644,2021
beta,advw_top100,180,90,1.0,0.4,M,rank,5000000.0,fund63,0.08546344181423056,0.016968958657946256,0.19855224991793793,-0.4231260551746509,11.440459903847062,-0.5005991714874976,0.5865987961248464,1704
beta,sqrt_advw,180,90,1.0,0.6,M,q20,5000000.0,fund63,0.08532354649829588,0.023738724653322156,0.27822008844646745,-0.49236244267236695,14.188425553827939,-0.36113481093095745,0.46858734975143124,1704
beta,btceth,365,180,3.0,1.0,M,q20,5000000.0,fund63,0.08530834874858668,0.0331482381008303,0.3885696838245209,-0.7948858978184047,11.732656396137434,0.2703099869301694,-0.022733860705964618,1704
beta,btc,365,180,3.0,0.6,W,rank,50000000.0,none,0.08517471803729393,0.028337329365474125,0.3326964857467043,-0.7930611596093164,23.898666364964157,0.005137015956839106,0.18057384546914593,2021
beta,btceth,730,180,3.0,1.0,M,rank,50000000.0,fund63,0.08475579335713704,0.023581452520027576,0.2782282081964825,-0.5800085918274416,12.594033248603491,-0.28694528609361025,0.43234025926191544,1704
beta,btc,365,90,1.0,0.4,W,q20,5000000.0,none,0.08445277885355817,0.02787741610201196,0.3300947166031284,-0.8210907431231351,27.45301561924941,0.029766686541158948,0.1571000124614024,2021
beta,btc,365,180,3.0,0.8,W,q20,20000000.0,fund63,0.08391460838722062,0.035331423826158996,0.4210402039073286,-0.8191646037023452,23.432731985912163,0.1483620578206618,0.04860232119558178,1704
beta,eqw_top25,180,90,1.0,0.4,M,rank,5000000.0,fund90,0.08365257374321725,0.01758960038524868,0.21026968565536677,-0.40568714899320396,11.308870186951367,-0.3916951609217316,0.48946657215429656,1673
beta,btceth,365,90,1.0,0.8,W,rank,20000000.0,fund90,0.08268171945947922,0.01970862319317252,0.23836736006477646,-0.48729758738185047,18.94172386386633,-0.42240537995940225,0.638119646883586,1673
beta,eqw,365,90,1.0,1.0,M,q20,5000000.0,none,0.08149154805987002,0.042063745094589294,0.5161731013342143,-1.0373679914946419,19.969638221060354,-0.0017166604873922009,0.17662145306357818,2007
beta,advw,180,90,1.0,1.0,W,q20,50000000.0,fund63,0.08111708526993004,0.034408947814024135,0.4241886613593533,-0.7317767267881283,29.116823671268037,-0.039403542079240204,0.1817528662359867,1704
beta,btceth,180,90,1.0,1.0,W,rank,5000000.0,none,0.08077805285368472,0.027752275889432593,0.3435620804044506,-1.203352792144039,22.311588337405553,0.4532011525861215,-0.37712788034720396,2021
beta,sqrt_advw,365,90,1.0,0.8,W,q20,5000000.0,none,0.08043014581368994,0.03674800837158152,0.45689346947978143,-1.12401549041908,28.56814853887814,-0.021214705352548578,0.218023297707436,2021
beta,btceth,180,90,1.0,0.6,M,q20,50000000.0,fund90,0.07997854748306255,0.0265879368715232,0.33243835638742825,-0.8793741845578114,15.196828991895536,-0.7566485170267507,0.8857233346138819,1673
beta,btc,365,180,3.0,0.8,M,q20,5000000.0,fund90,0.07977921651926373,0.026330220741590107,0.33003859764945587,-0.7085491333762638,10.195702028461666,-0.21929832488541995,0.32835174305395576,1673
beta,sqrt_advw,365,90,1.0,0.8,W,rank,5000000.0,fund90,0.07890118115233401,0.019510157133121916,0.24727332149126868,-0.39888530366830394,15.972803401709971,0.11299324821996941,0.04485216036099007,1673
beta,btc,365,90,1.0,0.8,W,q20,20000000.0,fund90,0.078844350864093,0.026048317300970663,0.3303764571018047,-0.7293894234087696,23.266234889489002,-0.36019093879416775,0.611923565331851,1673
beta,advw_top100,365,90,1.0,1.0,M,q20,5000000.0,fund90,0.07869347012036124,0.03223273134963806,0.4095985511928534,-0.6087872413511997,13.01937363291818,0.13834848820948922,0.017318610575384738,1673
beta,eqw_top100,180,90,1.0,0.8,W,q20,5000000.0,none,0.07855623415576211,0.03512087942389847,0.44707946862957343,-1.4360900178734162,31.76716180952014,0.2810881661467938,-0.17344733361451994,2021
beta,sqrt_advw,180,90,1.0,0.8,W,q20,5000000.0,none,0.07851638156922487,0.033747135127125405,0.42981011672541036,-1.4696265910087316,30.392172848805327,0.38006501181885194,-0.2984686045541016,2021
beta,btceth,365,90,1.0,1.0,W,q20,20000000.0,fund90,0.07836057279385131,0.029386763001909226,0.3750197574387193,-0.7213113125119575,23.749550513093947,-0.34489797459950555,0.5556827636070849,1673
beta,btc,365,180,3.0,1.0,M,q20,50000000.0,none,0.07826492309259393,0.04510976016871555,0.5763726377824064,-1.2739508489833282,21.5498378572802,-0.0290872365013845,0.22165067746276973,2007
beta,advw_top100,180,90,1.0,0.8,M,rank,5000000.0,none,0.0773422892910658,0.021906203253647637,0.2832370680315268,-0.8736421067852427,14.669295413456773,0.3070118502671378,-0.17816608941829373,2007
beta,btc,365,90,1.0,0.6,W,rank,5000000.0,none,0.07729807177554132,0.02197413979002492,0.2842779811355913,-0.7196002841166688,20.232864713480314,0.10308099041114024,0.04322904535906236,2021
beta,advw,180,90,1.0,0.4,M,rank,5000000.0,fund63,0.07626162092429256,0.015003210725470255,0.19673343608004917,-0.4282788229284463,11.41579093110453,-0.5182570366427106,0.5853916387513142,1704
beta,btceth,180,90,1.0,1.0,M,q20,5000000.0,none,0.07556611213352656,0.03702005524994128,0.48990287054237003,-1.567506071536326,19.869821682106107,0.4953118368553783,-0.4293531863098715,2007
beta,btc,365,90,1.0,0.6,M,rank,50000000.0,fund90,0.07462225031639401,0.018718422031868617,0.2508423687640562,-0.5989825238497116,13.366171751043257,-0.4785744111193889,0.6929373936328771,1673
beta,btceth,180,90,1.0,0.8,M,rank,20000000.0,none,0.07423279006733484,0.022560097306885827,0.3039101357556692,-0.9119429174736559,18.554443338218057,0.3291032095043378,-0.2381495188367009,2007
beta,btceth,365,180,3.0,0.8,M,q20,5000000.0,fund90,0.07407146749489585,0.0231755763974966,0.31288129128930237,-0.6721599647375811,10.454869650620633,-0.06898381074636618,0.1823968468331275,1673
beta,eqw,180,90,1.0,0.8,W,rank,20000000.0,fund90,0.07406434573968064,0.02023598170152135,0.27322163585493925,-0.5078902027427673,21.217884159584482,-0.5413634745409233,0.5368454774868723,1673
beta,eqw_top100,180,90,1.0,0.4,M,rank,5000000.0,fund90,0.07355735378863808,0.014882609631131548,0.20232660454175236,-0.4113701889821963,10.987368538239956,-0.4115894477756355,0.49140837541018156,1673
beta,eqw_top25,180,90,1.0,0.6,W,rank,5000000.0,fund63,0.07354830194751817,0.01690515204000617,0.22985101752681075,-0.44005888200910515,19.68072710598366,-0.341390553996788,0.4630863481226077,1704
beta,eqw,180,90,1.0,0.4,M,q20,5000000.0,none,0.07345173175323257,0.02583344630427957,0.3517064293469521,-1.067132157113058,18.3076470825989,0.10411045914381169,0.0398864911390768,2007
beta,btc,365,90,1.0,1.0,M,rank,5000000.0,fund63,0.07269930987005353,0.02317298405414618,0.318751087122653,-0.5271653846369757,10.494759229663682,0.4206513927443425,-0.2360814356253396,1704
beta,btc,365,90,1.0,0.8,M,rank,5000000.0,fund90,0.07248445730092504,0.01805783886315471,0.24912704786056608,-0.39668653304202994,9.582086866780507,0.0845918294111264,0.058429039274749336,1673
beta,btc,365,180,3.0,0.8,W,rank,50000000.0,none,0.07229930993550022,0.02617381995278144,0.36202032877121054,-0.7640875345911974,23.6721610752722,0.023597754494162824,0.13568406748447034,2021
beta,advw_top100,180,90,1.0,1.0,W,q20,20000000.0,fund90,0.07216364890727002,0.027507385556098933,0.38118063557797366,-0.6064461125109085,26.308812866790866,-0.20224483943472288,0.34518880516756756,1673
beta,eqw_top25,180,90,1.0,1.0,W,rank,50000000.0,fund90,0.0720462281745952,0.02775890297825444,0.38529293873628107,-0.6026275979362352,25.511095153064478,-0.30955290709111066,0.45508188356695656,1673
beta,advw_top100,180,90,1.0,0.8,W,q20,50000000.0,fund63,0.07191431340444335,0.028047526711672124,0.3900131334625126,-0.8213310529679129,28.544596807998413,-0.3127304620342735,0.41167184753263314,1704
beta,btceth,365,90,1.0,0.8,W,q20,5000000.0,fund63,0.07179837249107097,0.02365921196488178,0.3295229563570413,-0.4600739279758408,20.92907006884048,0.18624381332346895,-0.024537771475725865,1704
beta,btc,365,180,3.0,0.6,W,q20,50000000.0,fund63,0.0714067695086884,0.027484315057437866,0.3848978919861893,-0.8754003305019677,24.83602949906464,-0.1395928693079238,0.23762950487968362,1704
beta,eqw,365,90,1.0,0.8,W,rank,5000000.0,fund63,0.07053296227734353,0.017875989310071165,0.25344163541268505,-0.3600414324426298,17.109821825298027,0.2625401164699234,-0.09212110855966392,1704
beta,sqrt_advw,365,90,1.0,0.8,W,q20,5000000.0,fund90,0.07046230633547043,0.02307542775710639,0.32748612637293584,-0.5956929321218475,20.423234478749073,0.20126422117538206,-0.05569928048311578,1673
beta,advw,180,90,1.0,1.0,W,rank,50000000.0,fund63,0.07043539192171475,0.021857047711381767,0.3103134250416996,-0.5461059178986315,22.714182119823068,-0.3145407726014362,0.40052159208289395,1704
beta,sqrt_advw,180,90,1.0,1.0,M,rank,5000000.0,none,0.06997802000234116,0.02429957333305346,0.3472457970694298,-1.013960209309929,15.300402291562166,0.29882965480018575,-0.18854544542246468,2007
beta,eqw_top100,180,90,1.0,1.0,M,q20,5000000.0,none,0.06976608569284354,0.03596326519466346,0.5154834879657365,-1.3427544494823462,21.52110388276182,0.18297260705553994,-0.04912782185932614,2007
beta,advw_top100,180,90,1.0,0.8,W,q20,20000000.0,none,0.06943543536624408,0.02838994544520983,0.4088682571868996,-0.9564776587865069,35.53053587472588,0.06589650477361457,0.07365618880240857,2021
beta,btceth,365,180,3.0,1.0,M,q20,20000000.0,fund63,0.067976880051577,0.026417456155330372,0.38862413419513087,-0.8534220463090035,14.673354784720496,0.6735105396177924,-0.3495242405619043,1704
beta,advw,180,90,1.0,0.8,M,rank,5000000.0,none,0.06764519236773396,0.019114037703464655,0.2825631361879583,-0.8864533299992908,14.597093597125406,0.2929772344775847,-0.18632730768868136,2007
beta,eqw_top100,180,90,1.0,0.6,W,rank,5000000.0,none,0.0675148676069529,0.019979473643674073,0.29592702099317336,-0.9561175060984037,23.000694682767605,0.22130315720868846,-0.11748802914652184,2021
beta,advw,180,90,1.0,0.6,W,q20,20000000.0,none,0.0671916657607884,0.02575211956129128,0.38326359779458924,-1.0330839093250417,34.54270972873455,-0.04760195811558502,0.1946178244416332,2021
beta,advw,180,90,1.0,0.8,W,rank,20000000.0,fund90,0.06657412619182118,0.016778286045287177,0.2520241271653136,-0.47816926929631476,20.637376023187162,-0.5512875599819543,0.6020890471966673,1673
beta,btc,365,90,1.0,0.4,W,q20,5000000.0,fund90,0.06656772323299454,0.01551854651467389,0.23312418933658322,-0.33727770663511014,19.44356410384857,-0.26356155588802954,0.40434026688067587,1673
beta,btc,365,180,3.0,0.6,W,rank,20000000.0,fund63,0.06627948415856413,0.01654793215862697,0.24966899439106105,-0.5596879826977317,17.83720762023306,-0.38530302005590533,0.3861667217207819,1704
beta,advw,365,90,1.0,1.0,M,q20,5000000.0,fund90,0.06611754474882553,0.026545452716878134,0.4014887851283931,-0.5952755080787028,13.059820035845478,0.11420317195530422,0.017969568165482803,1673
beta,advw,180,90,1.0,1.0,W,q20,50000000.0,fund90,0.06594045207049977,0.027630738078103217,0.4190256088715013,-0.7370251057494968,27.284581287379652,-0.3726141676880784,0.44962945973371476,1673
beta,btc,365,90,1.0,0.8,W,rank,20000000.0,fund63,0.0656660756699209,0.016972673816606682,0.25846944017063,-0.538632977921518,20.095344378236355,0.02915349055529986,0.09747537727068521,1704
beta,btc,180,90,1.0,1.0,W,rank,5000000.0,none,0.06498482849078407,0.02532515748006682,0.38970876846521724,-1.3676542222979873,22.310974482194368,0.4821427211297336,-0.5633652905968463,2021
beta,advw_top100,365,180,3.0,1.0,W,q20,5000000.0,fund90,0.06431340552369472,0.02161440258125537,0.33607927313524183,-0.44073959764173687,17.01476030461155,-0.1433012990620036,0.24200233452314585,1673
beta,advw_top100,180,90,1.0,0.6,W,rank,5000000.0,none,0.064093784447039,0.01710359121503089,0.2668525717835193,-0.9229052948219433,22.17133106718007,0.3395675037332463,-0.2449650124120845,2021
beta,eqw,180,90,1.0,1.0,W,q20,5000000.0,none,0.06325373055601502,0.032357296059807195,0.5115476316634454,-1.6590125116701278,31.059532859380553,0.3086662073552662,-0.2404566614800015,2021
beta,btc,365,180,3.0,0.6,W,rank,5000000.0,fund90,0.0631595059976121,0.012222775213245479,0.19352233713967917,-0.40255251839165246,12.325648112489937,-0.6493496443035589,0.6924282677596761,1673
beta,eqw_top100,180,90,1.0,0.8,M,rank,5000000.0,none,0.06284125436513736,0.019625392852221632,0.3123010998187405,-0.9191554152818112,15.70945947893577,0.2078253740547678,-0.10168536186493976,2007
beta,advw,180,90,1.0,1.0,W,rank,20000000.0,fund63,0.06232500368038795,0.018088326793063006,0.2902258439618019,-0.5175381633978486,22.229938111990514,0.008681769927813448,0.10642367378289547,1704
beta,btc,365,90,1.0,1.0,W,rank,50000000.0,fund90,0.06213039847246274,0.01841717384450853,0.29642774386311616,-0.6436192054193819,18.954698794298476,-0.3252658017628927,0.5534275478064861,1673
beta,btc,180,90,1.0,0.4,M,q20,50000000.0,none,0.06199787204509255,0.02813078512508319,0.453737913853285,-1.3376354654323972,24.782369054951243,0.5839268673674759,-0.6419067326746212,2007
beta,advw_top100,365,90,1.0,0.8,W,q20,5000000.0,none,0.061002089367013505,0.023780212091931416,0.38982619019587894,-0.9555250942606364,27.874449598923103,-0.21630567939659712,0.3650205182918074,2021
beta,sqrt_advw,365,90,1.0,1.0,W,q20,5000000.0,fund63,0.06046935758673122,0.02545593208959859,0.42097242480354014,-0.646150096887955,22.80418363822414,0.4676439286816292,-0.2703809357439895,1704
beta,advw_top100,180,90,1.0,0.8,W,q20,50000000.0,fund90,0.060174424093597884,0.02307081352112822,0.3833989916586968,-0.7790772861380696,26.66248686629077,-0.6128628650651172,0.6679783692223666,1673
beta,advw,180,90,1.0,0.6,W,rank,5000000.0,none,0.059687808506713805,0.015911820676058175,0.26658409940228206,-0.926307352409389,22.05733266700517,0.3288441191743346,-0.24546318354409674,2021
beta,btc,365,90,1.0,0.4,M,q20,5000000.0,fund90,0.05939978187548099,0.01406672637633786,0.23681444497263907,-0.36981239442994196,12.252804424415107,-0.2374086156127941,0.338209820185496,1673
beta,advw_top100,180,90,1.0,1.0,M,rank,20000000.0,fund90,0.058944286566759506,0.01611028742502903,0.27331380806149436,-0.5357284957839714,13.883353287607738,-0.23357017490405088,0.35480215686575206,1673
beta,btc,365,90,1.0,0.6,M,rank,50000000.0,fund63,0.05860700591363626,0.015416202905510813,0.26304368676038914,-0.5765966471981506,14.560949863914402,-0.1895332373373331,0.30318139997355176,1704
beta,btc,365,180,3.0,1.0,M,q20,20000000.0,fund63,0.058454737204554456,0.02513214779216113,0.4299420199977047,-0.7622504615052096,14.844762071424608,0.696330977898218,-0.40063669010961805,1704
beta,btc,180,90,1.0,1.0,M,q20,5000000.0,none,0.05842109965652249,0.03140153450958902,0.5375033112045016,-1.850103955373524,19.61404021968266,0.5953682256499315,-0.7220563220010604,2007
beta,advw,180,90,1.0,1.0,M,rank,20000000.0,fund90,0.0581987879682365,0.01565840738361438,0.2690504034578926,-0.5300253237557505,13.777332504054279,-0.24377406205290184,0.35807641516585015,1673
beta,btc,365,180,3.0,1.0,W,rank,50000000.0,none,0.05731193636058774,0.023678417122914054,0.41314983625640017,-0.7916608540340214,23.631970997261146,0.03583992368357523,0.08797703147073324,2021
beta,advw,365,90,1.0,1.0,W,q20,5000000.0,none,0.057109335305815676,0.025963625724057634,0.45463015083303987,-1.0507435224292407,28.65503529577387,-0.12465049609250532,0.25232240031129366,2021
beta,eqw,180,90,1.0,0.4,M,rank,5000000.0,fund63,0.0568989617378757,0.011064175398577862,0.1944530279752507,-0.4571187642038903,11.606597469553575,-0.5300616355651441,0.5786152576174233,1704
beta,eqw_top100,180,90,1.0,0.6,W,rank,5000000.0,fund63,0.05647547735949683,0.012221242776133312,0.2163991053734441,-0.4245299341103909,18.86186707692275,-0.3664953405608254,0.460870823635578,1704
beta,btceth,365,180,3.0,0.6,W,q20,50000000.0,none,0.05555755978147517,0.02507079574379525,0.4512580437730947,-0.9677098866481278,33.67651990634567,-0.25274776481126227,0.38304320829828975,2021
beta,btceth,365,180,3.0,0.8,W,q20,50000000.0,none,0.05548503747902288,0.02659083105414257,0.4792432746250863,-0.9910738827050677,33.90947869405754,-0.18072576096156345,0.3197041466058277,2021
beta,btceth,365,90,1.0,0.6,W,q20,5000000.0,fund90,0.05537828816308148,0.014704842924857438,0.26553444341857746,-0.397999274021137,19.29219840321299,-0.1888307256312139,0.30891341156961566,1673
beta,sqrt_advw,365,90,1.0,0.6,W,q20,5000000.0,none,0.05507908201415255,0.022688248370110894,0.41192132367567696,-1.0313776112590016,27.86506190770291,-0.11287578996570427,0.2889025521846361,2021
beta,btceth,180,90,1.0,0.6,M,q20,20000000.0,fund90,0.054139551894874835,0.015331646009369253,0.28318753060866453,-0.667419580718446,14.865741014334372,-0.836236150872896,0.9049199115185919,1673
beta,sqrt_advw,180,90,1.0,0.4,W,rank,5000000.0,fund63,0.05385206004837414,0.010890342081006265,0.20222702847808802,-0.5403124871829683,18.13821391482343,-0.6808140761199598,0.7310899457311135,1704
beta,btc,365,180,3.0,1.0,M,rank,20000000.0,fund63,0.053384028146479454,0.01724048494753509,0.3229521178175097,-0.718216883963041,12.918909137324041,0.36901808923085605,-0.16296250323903896,1704
beta,btceth,365,180,3.0,1.0,W,q20,5000000.0,fund63,0.053288897807856235,0.01946858354383899,0.3653403306264065,-0.6258393925086816,18.336483362691148,0.10734311306673272,0.017255110988650763,1704
beta,sqrt_advw,180,90,1.0,0.6,W,rank,5000000.0,none,0.05313755931954301,0.015049711554225211,0.28322173142585805,-0.9574758827458364,22.304457494145975,0.2633065225001782,-0.20102340518993383,2021
beta,eqw,180,90,1.0,1.0,M,rank,20000000.0,fund90,0.05274094166044727,0.015058167234844927,0.2855119146675703,-0.5490871163594797,14.455689860737916,-0.1908668403612094,0.26541970710112567,1673
beta,sqrt_advw,365,90,1.0,1.0,W,rank,5000000.0,fund63,0.05263449699895793,0.01655951770377513,0.3146133932675937,-0.49305992099312856,17.568394646456714,0.3783795500451183,-0.21817927310026494,1704
beta,sqrt_advw,365,180,3.0,1.0,W,rank,5000000.0,fund90,0.052402417040306515,0.013167510946366482,0.25127678626423644,-0.3907762329848738,12.823805962161485,-0.18678691895436209,0.2552324120165545,1673
beta,sqrt_advw,180,90,1.0,0.6,M,q20,5000000.0,none,0.051734461108384845,0.019160434515784294,0.37036115009766424,-1.1025870869247987,18.885120457353597,0.11864310198858682,-0.026587117856140676,2007
beta,eqw,180,90,1.0,1.0,W,rank,20000000.0,fund63,0.05130584065514011,0.016414688027975924,0.3199379996189851,-0.5577360008006268,23.22206352102366,0.007385444993913536,0.08367150545629559,1704
beta,sqrt_advw,180,90,1.0,0.4,M,q20,5000000.0,fund90,0.05103143006719412,0.013284313544535688,0.26031630951834894,-0.5278271779588696,12.927547670625826,-0.5417525045794329,0.5272941141860307,1673
beta,btceth,365,180,3.0,0.4,W,q20,50000000.0,none,0.05072010849444484,0.022823168519766956,0.4499826439106825,-1.0318811534750982,33.78373253931841,-0.3248819180657347,0.4261978149749572,2021
beta,advw_top100,180,90,1.0,0.8,W,rank,20000000.0,fund90,0.05055598885847053,0.012883769614072641,0.25484161036074754,-0.48990942495316925,20.773531756000388,-0.5626076012085205,0.5868385133808004,1673
beta,eqw,180,90,1.0,0.4,W,q20,5000000.0,fund63,0.050138790392516466,0.013204396136424611,0.26335689459304246,-0.720084512971849,22.37577835499437,-0.7613124891289108,0.7785799809605133,1704
beta,btc,365,180,3.0,0.8,M,rank,20000000.0,fund90,0.04982722174397337,0.013324455220357268,0.2674131680233379,-0.6065900443261432,11.73621383322979,-0.19338271774995108,0.26828364611301453,1673
beta,btceth,365,180,3.0,1.0,W,q20,50000000.0,none,0.04908622462293129,0.02609904104233466,0.5316978692662001,-1.0279235159015696,34.496386334786806,-0.11792654160085903,0.2436888199962056,2021
beta,advw_top100,180,90,1.0,1.0,W,rank,20000000.0,fund63,0.04908620698229871,0.014430439667848328,0.2939815592810457,-0.529849039292524,22.405048335637208,-7.0293268360426e-05,0.08978438090373052,1704
beta,eqw_top25,180,90,1.0,0.8,M,q20,5000000.0,fund63,0.04894932636164573,0.01785121228607715,0.3646875986441455,-0.7835777286226262,16.210033594711373,-0.00774753683100237,0.10053923315351779,1704
beta,btc,365,180,3.0,0.8,W,rank,5000000.0,fund63,0.04837013937750576,0.01164490657641251,0.24074577262491623,-0.5083629789785531,13.420583154964849,-0.22014590071421453,0.24921864667610957,1704
beta,eqw_top100,365,90,1.0,1.0,W,rank,5000000.0,fund90,0.04829413504853876,0.015960732309242935,0.3304900748962862,-0.5356522606000919,17.48108032772776,0.1932062277277544,-0.09486750863486464,1673
beta,btceth,365,90,1.0,0.6,W,rank,5000000.0,fund90,0.04826221818541815,0.009693300069410871,0.20084655106755092,-0.309032399539687,15.018343066477152,0.017086806808249037,0.08126496944203526,1673
beta,btceth,180,90,1.0,1.0,W,rank,50000000.0,none,0.04763720710487396,0.017468530674879128,0.36669930368549775,-1.2483682843138868,29.454922924870516,0.2743712388239867,-0.2381326751564161,2021
beta,eqw,180,90,1.0,0.4,M,q20,5000000.0,fund90,0.047297275640338025,0.012088565525663283,0.25558693100186536,-0.4995225853027811,12.858861643510464,-0.459087536479019,0.4495199483166562,1673
beta,btceth,365,180,3.0,0.8,W,q20,20000000.0,fund90,0.045667564963273115,0.018383404164341952,0.4025483771496531,-0.8061598264522064,21.71877388915259,-0.34702796546822284,0.29044770424823685,1673
beta,btceth,365,180,3.0,0.8,W,rank,20000000.0,fund63,0.04552058025688507,0.011972293521134672,0.26300836794196714,-0.5205391763320618,17.6714084676722,-0.04297544085802375,0.10662131815574452,1704
beta,eqw_top100,180,90,1.0,0.8,M,q20,5000000.0,fund63,0.04517483416055757,0.015634430107477088,0.3460871610930585,-0.7284615567618126,15.490576477712379,-0.010547899095455152,0.09329851646933343,1704
beta,btc,365,180,3.0,1.0,W,q20,20000000.0,none,0.04423274746154485,0.02492868920256825,0.5635799409530416,-1.2339608902099555,30.48661457472375,0.09700801297549509,-0.01513626322583019,2021
beta,btceth,365,180,3.0,1.0,M,rank,20000000.0,fund90,0.04420312718564938,0.012313203476574,0.2785595558626337,-0.5685739825179044,11.684702710627649,0.014098166048328855,0.07008190931365595,1673
beta,btc,365,90,1.0,0.8,M,q20,5000000.0,fund63,0.0439549261207038,0.015145521418969209,0.34456937494055556,-0.5113971208796126,13.22896628996152,0.2305646277849883,-0.11918236593863182,1704
beta,btc,180,90,1.0,0.4,M,q20,20000000.0,fund63,0.04313983511378121,0.012236020603294269,0.2836362394761545,-0.9043349594174002,15.977406963368379,-0.675888838271975,0.7236555738257011,1704
beta,eqw_top100,365,90,1.0,1.0,W,q20,5000000.0,fund90,0.04300238048537855,0.019059877209504323,0.443228421179729,-0.7209133094028348,22.859757095145202,0.2791857545116406,-0.187702698462658,1673
beta,btceth,180,90,1.0,0.6,M,rank,20000000.0,none,0.042670847834386884,0.011784330150169572,0.2761681744854624,-0.9069519653919355,18.705721352482655,0.22938595552607052,-0.17315913348416367,2007
beta,btceth,365,180,3.0,0.8,W,q20,20000000.0,fund63,0.04192754147286366,0.0170171949206632,0.4058715184069896,-0.8315897257878098,23.29287784002316,-0.048708863762728656,0.09406779012241395,1704
beta,btc,180,90,1.0,0.4,M,q20,20000000.0,none,0.040616010719632466,0.014958444084634447,0.36828934746671255,-1.1267170553581087,22.288282013892413,0.3525438214339733,-0.34800485279124166,2007
beta,btc,365,180,3.0,0.6,W,q20,50000000.0,fund90,0.04055139381864188,0.015159018317922799,0.3738223742867759,-0.8761799857875227,22.930983539830855,-0.31346016996770776,0.3529935921227956,1673
beta,eqw_top25,365,90,1.0,0.4,W,q20,5000000.0,none,0.040329138735154535,0.014286276397039839,0.3542420404972999,-0.9839933664996341,29.56550375402746,-0.5803528414114668,0.7064563146101658,2021
beta,advw,180,90,1.0,1.0,W,rank,50000000.0,fund90,0.04021559351270469,0.0121705229556414,0.3026319368330733,-0.5058781347039676,21.183462922436156,-0.6181336905471342,0.6486501292082135,1673
beta,btceth,365,90,1.0,1.0,M,q20,5000000.0,fund63,0.03951994074602603,0.016423159653031014,0.4155664037700376,-0.6497526430857219,13.661255845203282,0.18257534560151847,-0.07241618550793219,1704
beta,eqw_top100,180,90,1.0,0.8,M,q20,5000000.0,none,0.03883283219000449,0.01650783739703313,0.4251000111519607,-1.1939098327109743,20.401373167564646,0.09816454692101738,-0.026629175603618507,2007
beta,sqrt_advw,180,90,1.0,0.8,M,rank,5000000.0,none,0.03755981927482569,0.011149475896497821,0.2968458345051385,-0.9428328158256766,15.046251001412928,0.22780746865889556,-0.18203870025127197,2007
beta,eqw,365,90,1.0,1.0,M,rank,5000000.0,none,0.03639599037618078,0.013889381897068688,0.3816184627348001,-1.006551276500758,14.624393275296583,-0.12081331820985261,0.22373165445656584,2007
beta,advw_top100,180,90,1.0,1.0,W,rank,50000000.0,fund63,0.035801651177221956,0.011215887451489825,0.3132784964573281,-0.5441314669354794,22.819939397471707,-0.3167769414054998,0.340635255036615,1704
beta,btc,365,180,3.0,0.8,M,q20,20000000.0,fund90,0.03571610504917115,0.012323486343645586,0.3450400408073492,-0.7100239951882057,13.238759562652831,0.0004769363947574502,0.06928463405256223,1673
beta,advw,365,180,3.0,1.0,W,q20,5000000.0,fund90,0.033027767400701964,0.010822759523252574,0.32768668229819703,-0.4597039862423521,16.793448118896375,-0.1937964839612614,0.22509866306208434,1673
beta,btceth,180,90,1.0,0.8,M,rank,5000000.0,none,0.03295013426471588,0.009744351212973325,0.29573024299958334,-0.9995300787849741,14.431414162442218,0.28608132992881663,-0.2707580528413177,2007
beta,eqw,365,90,1.0,0.8,M,rank,5000000.0,none,0.03209345864414389,0.01029655941250287,0.3208304697437678,-0.9199310812113861,14.373483410920812,-0.21617512364276112,0.33277583394151933,2007
beta,btc,180,90,1.0,1.0,M,rank,20000000.0,none,0.031871137129734266,0.012641449405276287,0.3966425594988392,-1.1503595818597872,18.12971704923842,0.3557461554668849,-0.46976735759367216,2007
beta,advw_top100,365,90,1.0,1.0,W,rank,5000000.0,fund90,0.031829018084415815,0.00937795748379063,0.2946354631147821,-0.5144540771559615,15.614036569198737,0.14882771596165617,-0.0935385743062225,1673
beta,eqw_top100,180,90,1.0,0.6,M,q20,5000000.0,fund90,0.03149346843467091,0.008939630809892919,0.283856661530851,-0.6456970147218932,13.785518622540518,-0.19761696213180133,0.22859668683179196,1673
beta,btc,365,180,3.0,0.8,M,rank,50000000.0,fund90,0.03141968736211724,0.008886317348881762,0.2828264090111859,-0.7956608075457816,11.823469331967923,-0.35699564845480797,0.43580825366228343,1673
beta,eqw,180,90,1.0,0.8,W,q20,5000000.0,none,0.03126073268927819,0.013677867361433059,0.43754148366856077,-1.5457349154984799,29.935100968441475,0.23016475349024712,-0.22668655534489202,2021
beta,advw_top100,180,90,1.0,0.6,M,rank,5000000.0,none,0.029805678567804743,0.0076207625661574635,0.2556815658070337,-0.8269097302208537,14.654524065537133,0.2092706195454552,-0.1671030348503295,2007
beta,btc,180,90,1.0,1.0,M,rank,5000000.0,none,0.029379828096552933,0.01149564986754905,0.3912769615182945,-1.2609619335170743,14.336485852897274,0.33047350442495166,-0.415848614663105,2007
beta,eqw_top25,180,90,1.0,0.8,M,rank,5000000.0,fund63,0.02904270372620744,0.008005794023930379,0.2756559478553693,-0.515820700373713,13.11288093804366,0.1114949405025787,-0.05138002153636931,1704
beta,btc,365,180,3.0,0.6,W,rank,50000000.0,fund63,0.02894228940578376,0.008162431584926898,0.2820243924205849,-0.5866859003017226,18.692007222167973,-0.19469028844913397,0.2211354725928407,1704
beta,advw_top100,180,90,1.0,1.0,W,q20,50000000.0,fund63,0.02802445051021447,0.011976239812883262,0.42734967483191544,-0.844955942762118,29.36571149295802,-0.1500721591522228,0.17874160063695416,1704
beta,eqw_top100,180,90,1.0,0.6,W,q20,5000000.0,fund63,0.027999003419021673,0.008077014861640348,0.2884750839436331,-0.643743572811537,23.887093621160197,-0.434608160952362,0.4535286897343941,1704
beta,btceth,180,90,1.0,0.6,M,rank,50000000.0,fund63,0.02793165717893848,0.007232584689589047,0.25893861732782136,-0.8305188984899865,14.968177151465577,-0.6548223572685917,0.6259900127511192,1704
beta,advw_top100,180,90,1.0,0.6,W,q20,20000000.0,none,0.02792354876456362,0.010722945436316142,0.3840108406967275,-1.016597729794245,34.97428208670424,-0.054194284816852276,0.11882900104366038,2021
beta,btc,180,90,1.0,0.6,M,rank,50000000.0,none,0.02760787251470604,0.009391085016642865,0.34015967770209243,-1.2594145882061423,20.165692874516946,0.33570262184871424,-0.40962923822334746,2007
beta,eqw_top100,180,90,1.0,0.6,M,rank,5000000.0,none,0.02717376067451987,0.0075153974517020135,0.27656817698954,-0.8896568218656409,15.321015686436638,0.11551264398259821,-0.07153881865314915,2007
beta,btceth,365,90,1.0,0.8,W,rank,5000000.0,fund63,0.026303838065060054,0.006525381295922357,0.24807715435984834,-0.4088338078364234,16.156426584544665,0.3512888636272927,-0.25438549383054054,1704
beta,btc,365,180,3.0,0.8,W,q20,20000000.0,none,0.02576201383259679,0.012441942543219169,0.48295690795244905,-1.122593260145348,29.805927761263717,0.015486527337101524,0.037063108664890085,2021
beta,eqw_top100,180,90,1.0,0.6,W,q20,5000000.0,none,0.024815086952589094,0.009973661800754761,0.4019192767613555,-1.347672688740662,30.494772886878085,0.17644320196459193,-0.1665241511769752,2021
beta,sqrt_advw,180,90,1.0,1.0,W,rank,20000000.0,fund90,0.024202517040242993,0.007446414299365922,0.30767106937614447,-0.534097297968321,21.81421230740276,-0.3927496352385735,0.37380766168793306,1673
beta,sqrt_advw,365,90,1.0,0.4,W,q20,5000000.0,none,0.024074160444189474,0.009531777770815474,0.39593396384113816,-0.9703217128245847,27.45548011990718,-0.21234630123986115,0.34471682182796826,2021
beta,btc,365,90,1.0,1.0,W,rank,50000000.0,fund63,0.023991973771514817,0.007432573182390666,0.30979415254343134,-0.6330266306353879,20.554581910221557,0.12161164505590588,-0.06615190406187275,1704
beta,btc,180,90,1.0,0.8,W,rank,50000000.0,none,0.023978434454548805,0.008813516812381442,0.367560143640215,-1.2544649075153962,29.353408305482706,0.3606168967782345,-0.455265342569339,2021
beta,sqrt_advw,180,90,1.0,0.6,W,q20,5000000.0,none,0.023880362576024005,0.009324829915284546,0.3904810861057326,-1.3927745061136192,29.63330206155873,0.27439560453369893,-0.2924393773516145,2021
beta,eqw,365,90,1.0,0.6,M,rank,5000000.0,none,0.023692099234566156,0.006623222979213939,0.2795540789205723,-0.8308305629443994,14.232916850944651,-0.32782297829254037,0.44573704543306125,2007
beta,eqw_top25,180,90,1.0,0.4,W,q20,5000000.0,none,0.02319821937149252,0.009225504794056285,0.3976815912601113,-1.4078202104516229,30.43493626092919,0.23817725234844606,-0.2381349336864078,2021
beta,advw,365,90,1.0,0.8,W,q20,5000000.0,none,0.023080696172969876,0.008981877369345036,0.38915105948423845,-0.9332758191664974,27.996571457044247,-0.22963192273785105,0.3013718223980533,2021
beta,advw,365,90,1.0,1.0,W,rank,5000000.0,fund90,0.02140635692475955,0.006228002159771324,0.2909417133266491,-0.5045259176387544,15.485759460174483,0.14028460426508277,-0.10372992151772298,1673
beta,advw,180,90,1.0,0.4,W,q20,20000000.0,none,0.021285966943154228,0.008264706502198068,0.3882701934222479,-1.1502071666495783,34.41739920209233,-0.18371981953226948,0.23761783403857387,2021
beta,advw,180,90,1.0,0.6,M,rank,5000000.0,none,0.02057603482187048,0.005254744983594444,0.2553818084526724,-0.8398595295648106,14.602560784543076,0.19469734224555324,-0.17259390632021498,2007
beta,eqw,180,90,1.0,0.8,M,q20,5000000.0,fund63,0.02024967135213248,0.006549500547009211,0.32343737501297704,-0.6193415047780114,14.437967670808826,0.06664112403819246,-0.01747369912028117,1704
beta,btc,365,90,1.0,0.8,W,q20,5000000.0,fund63,0.020217260759681062,0.006722701681811196,0.33252287546382964,-0.5790950496837108,20.82667011391446,0.2882199848798766,-0.22419089509156576,1704
beta,eqw_top25,180,90,1.0,0.4,W,rank,5000000.0,fund90,0.019979848690474,0.0043300154833083365,0.21671913288176212,-0.48041730201116173,17.675374879560678,-0.6962300458086658,0.6390597279560192,1673
beta,btceth,180,90,1.0,0.4,M,rank,20000000.0,none,0.019905523535511085,0.005380975579410513,0.2703257500266673,-0.938739847699086,19.023177429604193,0.1020903524341829,-0.06715711861001783,2007
beta,eqw,180,90,1.0,1.0,W,rank,5000000.0,none,0.019741578112207777,0.0072407363673361765,0.3667759652334307,-1.1837898637208217,22.632808197101472,0.26677640200244135,-0.2888436726758477,2021
beta,btc,365,90,1.0,0.8,W,rank,20000000.0,fund90,0.019524041970727175,0.004799921616933762,0.24584671678796785,-0.5361489181640957,18.718905185225946,-0.4634571835721436,0.6015411217122756,1673
beta,btceth,365,180,3.0,0.4,W,rank,50000000.0,none,0.01928990797620485,0.006402195316813229,0.33189351264457473,-0.9709961475180627,24.154546503844422,-0.42213470076669257,0.4751872402838407,2021
beta,eqw,365,90,1.0,0.8,W,q20,5000000.0,fund90,0.01916908108113602,0.006200758645671087,0.32347709415101555,-0.6171362351256701,19.985886433897758,0.13111461197684296,-0.08626887820845927,1673
beta,eqw_top25,180,90,1.0,0.8,W,rank,5000000.0,fund63,0.018871934514411413,0.005121256797789281,0.2713689364425502,-0.4368289353594794,20.486414149524474,-0.039467023210671734,0.07446406417874775,1704
beta,eqw,365,90,1.0,1.0,M,rank,5000000.0,fund90,0.018505664274506034,0.005641397468375169,0.304847066535565,-0.5229573047044069,10.685306172607946,0.14788602305708065,-0.10001441946166809,1673
beta,advw_top100,365,90,1.0,0.6,W,q20,5000000.0,none,0.016805175868066645,0.00581559318888809,0.3460596446323978,-0.8411816522688778,27.4529867264829,-0.3474982725523407,0.4170990592255653,2021
beta,btc,365,90,1.0,0.6,W,rank,5000000.0,fund63,0.01669911344817627,0.0034972974548088814,0.20943012727366228,-0.3087810327096531,16.168744184357752,0.20879216609029091,-0.16080939594475355,1704
beta,eqw_top25,365,180,3.0,1.0,W,q20,5000000.0,fund90,0.016567087571395394,0.006812483302711792,0.41120584854480835,-0.6006716773988924,19.995313973850802,-0.06888549943302764,0.09616587928773769,1673
beta,advw_top100,180,90,1.0,0.4,W,rank,5000000.0,fund63,0.016459894045543766,0.0033055603734224136,0.2008251307253911,-0.5298500905287242,17.960869953458285,-0.7239151065925056,0.6683869011685074,1704
beta,sqrt_advw,180,90,1.0,0.6,M,rank,5000000.0,fund63,0.016027572670393366,0.003318535457459832,0.20705165565026165,-0.3470586758649932,11.681057735898454,-0.2706351051965589,0.2795192976515403,1704
beta,eqw_top25,180,90,1.0,1.0,M,q20,5000000.0,fund63,0.0158465345713755,0.007632135559943983,0.48162805095130024,-0.99792864546659,17.467028542336447,0.2472287210446146,-0.20160005893841498,1704
beta,btceth,180,90,1.0,0.8,W,rank,50000000.0,none,0.015421885728042085,0.0051456093204769494,0.33365629931497487,-1.2359675446078848,29.48468585478231,0.18480749808756597,-0.1873377530532142,2021
beta,btc,365,90,1.0,0.4,W,rank,5000000.0,fund90,0.014909746038543678,0.0026448425890763425,0.17739018372540163,-0.29497591993532224,15.22619995150392,-0.1504783592665173,0.18424091689538924,1673
beta,eqw_top100,180,90,1.0,0.4,W,rank,5000000.0,none,0.014719508171004987,0.004301704597944771,0.2922451312889939,-0.9864811761046784,22.612404918973645,0.10596413922966351,-0.0884427994102696,2021
beta,eqw_top25,180,90,1.0,0.6,W,q20,5000000.0,fund63,0.014481981110195212,0.004348298502294208,0.30025577779776524,-0.7325141154258107,24.544630321622208,-0.4270314793484473,0.4180445738865933,1704
beta,btc,365,180,3.0,1.0,M,rank,5000000.0,fund63,0.014273162762057135,0.0042678547113349985,0.29901254420501605,-0.5923457576798772,9.195014440327784,0.1530813619395793,-0.07925175759984439,1704
beta,btceth,365,180,3.0,1.0,W,rank,5000000.0,fund90,0.01419916663959879,0.0036418722598425333,0.25648492987511257,-0.5042330654596812,12.202507083774462,-0.2422764931614447,0.24157559477991886,1673
beta,btc,365,180,3.0,0.6,W,rank,50000000.0,fund90,0.013846767518725238,0.0037908546338974634,0.27377181199662814,-0.61141898039749,17.177806181323255,-0.2544247710511305,0.26749404051038667,1673
beta,btceth,365,180,3.0,1.0,W,rank,50000000.0,fund90,0.01357973001477663,0.003985654285378908,0.29350025965479154,-0.6777059100480185,16.812155019024896,0.034485949659284046,-0.004708403738391103,1673
beta,sqrt_advw,180,90,1.0,0.4,W,q20,5000000.0,fund63,0.013088332010210726,0.0035277221698746673,0.269531836992105,-0.7826823236034716,22.556571632422905,-0.765944588896932,0.7182486340204717,1704
beta,btceth,365,180,3.0,1.0,W,rank,50000000.0,fund63,0.01149867888136149,0.003465671187365079,0.30139733643511657,-0.6223083861920093,18.2880185649224,0.17464754294597115,-0.11274176308787384,1704
beta,btc,365,180,3.0,0.8,M,rank,5000000.0,fund90,0.010747092730703867,0.0025049881447138595,0.2330851894072936,-0.46388091495276146,8.245244480862894,-0.31094088888867266,0.3143031977255605,1673
beta,sqrt_advw,180,90,1.0,0.8,M,q20,5000000.0,fund63,0.010330977379844687,0.0033725244947921365,0.32644776682715354,-0.6448441198347175,14.578840008551927,-0.10829070732195191,0.11177744980646177,1704
beta,eqw,365,90,1.0,0.4,M,rank,5000000.0,none,0.010077084368979916,0.0026538211912972578,0.2633520861913652,-0.7542050714307742,14.195457075658164,-0.4383944215474196,0.5225123794142029,2007
beta,btc,365,90,1.0,1.0,M,rank,5000000.0,fund90,0.010025402837552596,0.0030844016686124376,0.30765862664979976,-0.5568369480124695,9.551791415396337,0.06635089288626125,-0.06381889118085729,1673
beta,eqw_top100,180,90,1.0,0.8,M,rank,5000000.0,fund63,0.009890181018824608,0.0025397058980581844,0.2567906384346455,-0.46664101074140013,12.408861740764266,0.01833102912834569,0.001961152270890202,1704
beta,eqw_top100,180,90,1.0,0.4,W,rank,5000000.0,fund90,0.009676858780515786,0.0020028783618794396,0.20697608669377363,-0.48353193134745337,17.126377688819343,-0.6831358323589553,0.6211686326253117,1673
beta,advw,180,90,1.0,0.4,W,rank,5000000.0,fund63,0.009234771317757164,0.0018391039279457967,0.19914991553818542,-0.5336245680318464,17.89317001962281,-0.7372587783556959,0.6684125876549486,1704
beta,sqrt_advw,180,90,1.0,0.4,M,q20,5000000.0,none,0.00855383058110348,0.0030777627929031593,0.3598110535065232,-1.1611337597308302,18.6074603589947,-0.0031868119075761743,0.02172915157727916,2007
beta,advw_top100,180,90,1.0,1.0,M,q20,5000000.0,none,0.008540737145725608,0.003828710208044812,0.4482880274521702,-1.5170640574648895,19.638506741262297,0.3428719128460079,-0.36307533601949404,2007
beta,eqw,365,90,1.0,1.0,M,q20,5000000.0,fund90,0.008091067596502901,0.003360873093239644,0.41538067172894105,-0.8038643831585746,13.628945647580892,0.19177023294032183,-0.14925349307885022,1673
beta,btc,365,180,3.0,1.0,W,q20,20000000.0,fund63,0.006714375472043488,0.00333973622867538,0.49740087407696715,-1.0321719306603967,24.045554420327825,0.29118749889691864,-0.16884913262157572,1704
beta,advw_top100,180,90,1.0,1.0,W,rank,50000000.0,fund90,0.006346527055792648,0.0019400713558773367,0.30569023638000264,-0.522540579583585,21.284144470603035,-0.6160714033228814,0.5891396726703493,1673
beta,eqw,365,90,1.0,0.8,W,rank,5000000.0,fund90,0.0054661984676964166,0.0013370927637632818,0.2446110897116335,-0.4212132010730011,15.823433882720012,0.06867643576300454,-0.0547026161208062,1673
beta,btceth,180,90,1.0,0.4,M,rank,20000000.0,fund63,0.0046851297250624984,0.0010282203137784354,0.21946464113428982,-0.5988773455070889,14.883451277567476,-0.6289453663703252,0.4956798865904413,1704
beta,btceth,180,90,1.0,0.6,M,rank,50000000.0,fund90,0.0033837483010103163,0.0008422816746129837,0.24891971851496636,-0.7960650170106512,13.765200359078667,-0.9175433924028069,0.8686422503550867,1673
beta,btc,365,180,3.0,0.6,W,q20,20000000.0,none,0.0031463765563050842,0.001356508868712926,0.4311336689801453,-1.0141290577691573,29.490184301050167,-0.08541106513081034,0.0966091300502844,2021
beta,advw_top100,180,90,1.0,0.4,W,rank,5000000.0,none,0.0026490357022705313,0.0007010965009219141,0.2646610237532823,-0.9586222504141976,22.292014144155758,0.20821859936364923,-0.21413266681424725,2021
beta,advw,180,90,1.0,1.0,M,q20,5000000.0,none,0.002446320758305972,0.00108523404756933,0.443618868819489,-1.43584459594644,19.38948108554045,0.3200692919766462,-0.3554950509624403,2007
beta,eqw_top25,180,90,1.0,0.6,M,q20,5000000.0,fund90,0.002369227204271193,0.0006960788809839968,0.2937999697661416,-0.6902733655849725,14.234592013617972,-0.2845293527018305,0.25649047387099866,1673
beta,btc,365,180,3.0,0.8,W,q20,20000000.0,fund90,0.0019010543965299043,0.0007910689120779438,0.4161211344198903,-0.8418185698363572,21.863274483965903,-0.3179578690084764,0.22852301581537912,1673
beta,btceth,365,180,3.0,0.6,W,rank,50000000.0,none,0.0011809894008982507,0.00038642334622665905,0.3272030603600241,-0.9123499233103188,23.788474691506803,-0.3746993232347438,0.4205090809412307,2021
beta,btc,365,180,3.0,1.0,M,rank,50000000.0,fund63,0.00041736046182319674,0.00014031042990260724,0.33618524689587354,-0.8820739357893006,12.9399776440725,0.05482344889394254,-0.039783147111248446,1704
beta,advw_top100,180,90,1.0,1.0,W,q20,50000000.0,fund90,0.00020442898873881726,8.631137950648342e-05,0.4222071440991015,-0.8561702114366926,27.477603383350715,-0.5002470068759991,0.448928542342181,1673
beta,eqw_top25,180,90,1.0,1.0,M,rank,5000000.0,fund63,0.00019283874438821052,6.907081829802586e-05,0.3581791538684619,-0.6425981785606056,13.798807812428853,0.32516060593362106,-0.3233456420513673,1704
beta,btc,365,90,1.0,1.0,M,q20,5000000.0,fund63,-0.00020779473608058472,-8.897525167343802e-05,0.42818818874667064,-0.7132158612572566,13.445318291499545,0.31330568278387516,-0.2746548720485256,1704
beta,eqw,365,90,1.0,1.0,W,q20,5000000.0,fund63,-0.00047546001741181285,-0.00019797382148922639,0.4163837425634765,-0.7111955031695827,22.317683542438925,0.42491445256262844,-0.3358718511646013,1704
beta,eqw_top100,180,90,1.0,0.6,M,q20,5000000.0,none,-0.0006212759840877813,-0.00023247072124682594,0.3741826936834881,-1.100729768324973,19.61240987878171,-0.012134055155214953,0.012095126278861444,2007
beta,sqrt_advw,180,90,1.0,0.4,W,rank,5000000.0,none,-0.0008337933700409376,-0.00023427062224382647,0.2809696390753553,-0.9928870034610435,22.235024576525674,0.1449385012402184,-0.1666975667981898,2021
beta,eqw_top25,180,90,1.0,1.0,W,rank,5000000.0,fund63,-0.0009713680111328518,-0.0003390286847302407,0.34902187517463185,-0.5450342841512926,21.568876710044577,0.2354933824217182,-0.22784182013103807,1704
beta,btceth,180,90,1.0,0.8,M,q20,5000000.0,none,-0.0012128194879784697,-0.0004986675510950402,0.411163867366792,-1.4943512440101068,19.327357422795032,0.4010791000845142,-0.4925389922985309,2007
beta,advw,180,90,1.0,0.4,W,rank,5000000.0,none,-0.0012965149340592836,-0.00034315602895235343,0.2646757240797525,-0.9656397585471128,22.206735352393427,0.1975371455433204,-0.21281165184800555,2021
totvol,advw,90,90,,,W,rank,5000000.0,none,-0.0021676298040379585,-0.0006650006661022993,0.3067870098775658,-0.7120450464949091,18.75375883029657,-0.4836301163892161,0.5865884532132053,2021
beta,btceth,365,90,1.0,0.8,M,q20,5000000.0,fund90,-0.0023627202397467884,-0.0007687728514877018,0.3253761653855773,-0.5058553015267077,12.22486445085171,-0.12149118752403534,0.1213771343628894,1673
beta,btceth,365,180,3.0,1.0,M,q20,20000000.0,fund90,-0.002700856571999604,-0.0010188138556882248,0.37721879282687587,-0.8515977248855043,13.572335772433272,0.22147717503915337,-0.19698192584819343,1673
beta,sqrt_advw,180,90,1.0,0.6,M,rank,5000000.0,none,-0.002741874942740007,-0.0007301666716058963,0.26630196010188084,-0.8903500213588189,14.893753153826564,0.13015772437110398,-0.153637220737522,2007
beta,advw_top100,180,90,1.0,0.6,M,rank,5000000.0,fund63,-0.0030663522958232752,-0.0006396412509145412,0.20860005283339628,-0.36540458626093575,11.372423541564318,-0.2503126308026563,0.22128495718298172,1704
beta,btceth,365,90,1.0,1.0,W,q20,5000000.0,fund63,-0.004088187407189459,-0.0016391273581431748,0.4009423235492131,-0.6418072095722215,21.29390000855165,0.2793422752606195,-0.23742788921807073,1704
beta,btceth,365,90,1.0,1.0,W,rank,20000000.0,fund63,-0.004886443019642239,-0.001401624312943788,0.2868393854813451,-0.605681070279924,20.223284836011487,0.09156790774115835,-0.08313719074393415,1704
beta,btceth,365,180,3.0,0.8,W,rank,20000000.0,fund90,-0.00552626477158518,-0.001405533459434821,0.2543369739831794,-0.53953460699571,16.39073983027668,-0.3737922993651195,0.27957237626160597,1673
beta,btc,365,180,3.0,0.6,W,rank,20000000.0,fund90,-0.00683798019607484,-0.0016536589910051175,0.241834422386066,-0.5286608139967364,16.531362852234047,-0.6998932850564121,0.5363112145232501,1673
beta,btc,365,180,3.0,0.8,W,q20,50000000.0,fund63,-0.008190788329898882,-0.0034458509769303264,0.42069833062977796,-1.0123026940917796,25.077409136182087,0.07649246531987894,-0.07170742378625727,1704
beta,eqw_top100,180,90,1.0,0.4,W,q20,5000000.0,fund90,-0.008582410373872735,-0.0023370261391887823,0.272304170667875,-0.7154561013069998,21.50361623128938,-0.6733251580425971,0.5740185266740582,1673
beta,eqw,180,90,1.0,0.4,W,rank,5000000.0,fund63,-0.009267684470987908,-0.0018336650913073984,0.19785579634779418,-0.5458818619126449,18.04862577612032,-0.686313812536059,0.6136351506307994,1704
beta,btc,365,90,1.0,1.0,W,q20,20000000.0,fund90,-0.009814178685069555,-0.0038576264329165237,0.39306665964673987,-0.9516899963203168,23.583751837806584,-0.3050080602595246,0.38742765335301244,1673
beta,btc,365,90,1.0,0.8,M,rank,50000000.0,fund90,-0.010275819846875174,-0.002759705403964424,0.26856303877336235,-0.6736079620780973,13.064398362928404,-0.4247297063640055,0.4812451402046961,1673
beta,eqw_top100,180,90,1.0,0.4,M,rank,5000000.0,none,-0.011225633167188805,-0.0030313273936087982,0.27003620628447117,-0.9088644918349335,15.047772469766983,0.001597147621943758,-0.024632720774700502,2007
beta,eqw_top100,180,90,1.0,1.0,M,q20,5000000.0,fund63,-0.011243902859269345,-0.004995055892299179,0.44424573520584193,-0.9406699450569688,16.430939560312968,0.19083476289269272,-0.18220821837963744,1704
beta,advw_top100,180,90,1.0,0.4,M,rank,5000000.0,fund90,-0.012684032724873326,-0.0024334339037988813,0.19185017545933392,-0.38277828575645656,10.587119745698896,-0.5158196791608454,0.41556413744646614,1673
beta,eqw_top100,180,90,1.0,0.8,W,rank,5000000.0,fund63,-0.013204271212127427,-0.003318577765020607,0.25132608318228633,-0.3865830529664256,19.37442148245744,-0.10340352314794884,0.0710003465789179,1704
beta,eqw,180,90,1.0,0.6,W,q20,5000000.0,none,-0.013231572191550281,-0.005223675182562218,0.3947886998567011,-1.4513081258609484,29.19859443992831,0.12674918291839024,-0.1971310600648163,2021
beta,btc,365,90,1.0,0.4,W,rank,5000000.0,none,-0.01337116058633165,-0.003467957766399725,0.25936101387823896,-0.6478389554066223,20.493800321742555,-0.044084287996293964,0.02762709444122262,2021
beta,advw,180,90,1.0,0.6,M,rank,5000000.0,fund63,-0.013574851216022572,-0.002797717409796289,0.20609562235894757,-0.36096442453244765,11.331188620665278,-0.2695636739254175,0.21768567342889159,1704
beta,sqrt_advw,365,90,1.0,1.0,W,rank,5000000.0,fund90,-0.013603970180341707,-0.004146695171073331,0.3048150735485641,-0.5102043818612352,16.267400058949985,0.14534774080103968,-0.1695497647461043,1673
beta,sqrt_advw,180,90,1.0,0.4,M,rank,5000000.0,fund90,-0.01417311398202883,-0.0027365317708825544,0.19307907735395416,-0.4153195420731703,10.77089377015009,-0.5370445131768341,0.4313467531031409,1673
beta,advw_top100,180,90,1.0,0.4,W,q20,20000000.0,none,-0.01460545887268703,-0.005686775229066175,0.38935957292658163,-1.1230265916982165,34.78744737999518,-0.18681375498791344,0.16685911082802418,2021
beta,btceth,180,90,1.0,0.6,W,rank,50000000.0,none,-0.01464155888258693,-0.004660496841271867,0.3183060546110669,-1.2482442694346403,29.736549304862184,0.07811320817176161,-0.11816490692799675,2021
beta,btceth,365,180,3.0,0.8,W,rank,50000000.0,none,-0.014808118158465531,-0.005077178360823684,0.34286452245258137,-0.8708517216239818,23.57390319734405,-0.3150005801113175,0.3432275066008432,2021
beta,eqw_top25,180,90,1.0,0.6,M,rank,5000000.0,fund90,-0.015277020430529182,-0.0033933733389610796,0.2221227204867681,-0.45657495235831436,11.672920666743055,-0.22443942460493851,0.18733421439710374,1673
beta,btc,365,180,3.0,1.0,W,q20,5000000.0,fund90,-0.015751489761136026,-0.006194222652017209,0.39324678147589204,-0.9554787606757492,16.903747276075283,-0.03802844542803315,0.006711112092790822,1673
beta,eqw,365,180,3.0,1.0,W,rank,5000000.0,fund90,-0.015915428056088535,-0.0039253755034901585,0.24663964359968843,-0.387119956447645,12.736604295601477,-0.24511604024228825,0.16929352953594481,1673
beta,advw,365,90,1.0,0.6,W,q20,5000000.0,none,-0.01628160699052959,-0.005630899980345551,0.34584423906195727,-0.8388041624141,27.610139534945425,-0.3572264880834818,0.359417681954803,2021
beta,eqw,180,90,1.0,0.8,W,rank,5000000.0,none,-0.018065972817011194,-0.005700786985411036,0.3155538338928025,-1.0969738750809255,22.285144026864206,0.19306247105984156,-0.28621658076965995,2021
beta,btc,365,180,3.0,0.4,W,q20,20000000.0,none,-0.018210967598570008,-0.007445184760945384,0.40882971872016327,-1.0719483361080224,29.509918508568624,-0.19971337286175164,0.16441430164804346,2021
beta,btc,365,90,1.0,0.8,M,rank,50000000.0,fund63,-0.01823115540934344,-0.005125672184924623,0.28114905884120334,-0.6473084913848643,14.257794185106992,-0.07529877269049289,0.03667516753536191,1704
beta,btceth,180,90,1.0,0.8,M,q20,50000000.0,fund63,-0.01858238405980242,-0.006752834975236073,0.3633998174563546,-0.8973659519154117,16.300447076205078,-0.3561728286849415,0.28692370872121303,1704
beta,sqrt_advw,365,90,1.0,1.0,W,q20,5000000.0,fund90,-0.01861963968422701,-0.007633934275160215,0.40999366285412286,-0.745442814301674,21.206417884543413,0.24468798306562267,-0.27029489836743054,1673
beta,advw_top100,180,90,1.0,0.4,M,rank,5000000.0,none,-0.01976949310776683,-0.004952202103739532,0.2504971714117426,-0.8659440322268706,14.73430357475802,0.07734745923652148,-0.11994734440147284,2007
idvol,advw,90,90,,,W,rank,5000000.0,none,-0.020235045878134277,-0.00622327668967965,0.3075494232708629,-0.7453137812822872,19.48529355469108,-0.5974900026164777,0.6954341903955299,2021
beta,eqw_top25,180,90,1.0,0.4,W,q20,5000000.0,fund90,-0.02105044857026648,-0.005866661948573639,0.2786953412888423,-0.7530464000156881,21.9117566833108,-0.705992065413983,0.5679256433359742,1673
beta,btc,365,90,1.0,1.0,W,rank,20000000.0,fund63,-0.02112712263786517,-0.006380441172226183,0.3020023730439663,-0.6649677067120432,20.012790316465647,0.11367247062901509,-0.13575189548438962,1704
beta,btceth,365,180,3.0,1.0,W,q20,5000000.0,fund90,-0.02253878234874864,-0.007956128623270952,0.35299726933618825,-0.6583004210255994,16.886916536624817,-0.12565041490977555,0.06748210087931542,1673
beta,advw,180,90,1.0,1.0,W,rank,20000000.0,fund90,-0.023838503946383552,-0.006746492357548374,0.2830082111160276,-0.5429836643030139,20.776467888476635,-0.4300532918683307,0.35018042233104246,1673
beta,btceth,180,90,1.0,0.8,W,rank,5000000.0,none,-0.024020544448960655,-0.007061624414513371,0.29398269591757403,-1.178729751150909,22.122975320326027,0.3330013105175974,-0.4567983915113726,2021
beta,btc,180,90,1.0,0.4,M,rank,50000000.0,none,-0.025097383960055418,-0.008261680381599796,0.32918492201214866,-1.2839973731099645,20.631485951700668,0.2273217354523011,-0.34086878419566563,2007
beta,btceth,180,90,1.0,0.8,M,q20,20000000.0,fund63,-0.025263501025324202,-0.008194811207372631,0.3243735379018976,-0.697388963268489,16.06596334552407,-0.4102922839584913,0.3171358457825533,1704
beta,eqw,365,90,1.0,1.0,W,rank,5000000.0,fund63,-0.026259441473345926,-0.008168298048971321,0.3110613779528545,-0.49210763342654196,17.39331522670516,0.3316694285552759,-0.3111184019647779,1704
beta,eqw,180,90,1.0,1.0,M,rank,5000000.0,none,-0.026672387712770702,-0.009564531425149611,0.3585929961782209,-1.1456658384328402,15.190356844593694,0.1923935824715301,-0.28780126147167256,2007
beta,advw,180,90,1.0,0.4,M,rank,5000000.0,fund90,-0.026891570985852497,-0.005113946416224136,0.19016912098272556,-0.3888904072592224,10.560730233229277,-0.5429320313581265,0.41074361753051497,1673
beta,advw,180,90,1.0,0.4,M,rank,5000000.0,none,-0.028262700349995534,-0.007076329398722018,0.2503769742838156,-0.8763984353719294,14.698264467109079,0.06364747671475267,-0.12394732273643937,2007
beta,btceth,365,180,3.0,1.0,W,rank,50000000.0,none,-0.028946579226963594,-0.010869169200814913,0.3754906276003188,-0.8977591737446523,23.49532685073135,-0.2551459069651409,0.25550944579399537,2021
beta,advw_top100,365,90,1.0,0.4,W,q20,5000000.0,none,-0.029056456164005696,-0.00962433971593782,0.3312289586043935,-0.8006426687879391,27.295525353169044,-0.4868855277779723,0.45829883191637294,2021
beta,eqw_top100,180,90,1.0,0.8,W,q20,5000000.0,fund63,-0.029503078021944715,-0.009985022505662702,0.3384400264350632,-0.5165212341404802,24.993304576012985,-0.15439456776948277,0.0813035661695164,1704
beta,btceth,365,180,3.0,1.0,W,q20,20000000.0,fund90,-0.02956584867726275,-0.013613787462686953,0.46045650883536,-0.9027623949383421,22.238653069749006,-0.26385828519407917,0.12005126646173897,1673
beta,sqrt_advw,180,90,1.0,0.6,W,rank,5000000.0,fund63,-0.03014534636406126,-0.006216129614779699,0.206205280898363,-0.4388920991743409,18.207480733726168,-0.4390898515439624,0.35071751699878534,1704
beta,btc,365,90,1.0,1.0,W,q20,5000000.0,fund63,-0.030957886659619994,-0.012814288897900173,0.41392647498172164,-0.7986547690998067,21.205513949932254,0.36905905525570454,-0.3941715405489655,1704
beta,btceth,365,90,1.0,1.0,W,rank,20000000.0,fund90,-0.030974555936860004,-0.008462489477036325,0.2732077739641098,-0.6194347211827376,18.854456066809696,-0.39350447712608455,0.38461279288588757,1673
beta,btceth,365,180,3.0,1.0,W,q20,20000000.0,fund63,-0.031003633961730167,-0.014365641836348374,0.46335348475862,-0.9357560737023255,23.824235693627106,0.08461996944584335,-0.09550349667291456,1704
beta,eqw_top100,180,90,1.0,0.4,W,q20,5000000.0,none,-0.031786947742322706,-0.012502762601064515,0.39333007693650684,-1.3948460175251864,29.609938015250187,0.053686833798249914,-0.1351884924156231,2021
beta,eqw_top25,180,90,1.0,0.8,W,q20,5000000.0,fund63,-0.03245769236802839,-0.011652859974400033,0.35901689628059874,-0.7375776486752583,26.02497296332038,-0.1071287367791162,0.03609795902518317,1704
beta,eqw_top100,180,90,1.0,0.6,M,rank,5000000.0,fund90,-0.033901910023331594,-0.007147784177352822,0.21083721160352478,-0.42805028895782,11.209335519141208,-0.2562855067407056,0.1784599294194274,1673
beta,advw_top100,180,90,1.0,1.0,W,rank,20000000.0,fund90,-0.03460360815128548,-0.009922241813516162,0.28674009282894863,-0.558770090184699,20.9465267017483,-0.43547473288302163,0.3408277281414901,1673
beta,sqrt_advw,180,90,1.0,0.4,W,q20,5000000.0,none,-0.03537622330337825,-0.013553755995345916,0.38313179671871866,-1.3225728081937023,29.181386881042194,0.1435023935083577,-0.25178813640927067,2021
beta,btceth,180,90,1.0,0.4,W,rank,50000000.0,none,-0.03568241363992296,-0.011605930970909154,0.3252563318173061,-1.295356859633758,30.234076894529657,-0.03856246726999609,-0.03270606559920828,2021
beta,btc,365,180,3.0,1.0,M,q20,5000000.0,fund90,-0.03578207870107694,-0.014757012338725695,0.4124135006802036,-0.9687992217426203,10.435981156643049,-0.2010318319196362,0.11280359889081802,1673
beta,btc,365,90,1.0,0.6,M,q20,5000000.0,fund90,-0.03635027415122846,-0.009831945309577947,0.2704778860449303,-0.4446515083474485,12.08966764209484,-0.12577171369580897,0.05713726255860591,1673
beta,eqw,180,90,1.0,1.0,W,rank,20000000.0,fund90,-0.037070288556915895,-0.011659853090314245,0.3145336479486066,-0.5575116291008445,21.642771882191305,-0.42454184441029325,0.25760773960969474,1673
beta,eqw,180,90,1.0,0.6,W,q20,5000000.0,fund63,-0.03717878292382934,-0.010158755307075818,0.2732406633075843,-0.5654206692813857,22.70322454140782,-0.5216248185587022,0.3880559698717705,1704
beta,btc,365,90,1.0,0.8,W,rank,5000000.0,fund63,-0.03753939644417661,-0.009481634483907844,0.25257823465562684,-0.4437580746863739,16.016829470649068,0.3305005097703054,-0.37606355284132753,1704
beta,btc,365,180,3.0,0.8,W,rank,20000000.0,fund63,-0.0377708865995519,-0.010511935600751292,0.27830788597046063,-0.6205447435316714,17.72850252416542,-0.2023605330731975,0.07847374854531847,1704
beta,advw_top100,180,90,1.0,0.8,M,q20,5000000.0,none,-0.037807169591698137,-0.014534256651828338,0.38443122848899625,-1.4271696421508666,19.124777515083366,0.26975731294818334,-0.39959302835590255,2007
beta,btceth,365,90,1.0,0.8,W,q20,5000000.0,fund90,-0.038988683183852554,-0.012426338148900004,0.3187165385992431,-0.4828496199739639,19.383195812987662,-0.10492074706823448,0.032579836898861715,1673
beta,eqw_top25,180,90,1.0,1.0,W,q20,5000000.0,fund63,-0.03942409490221703,-0.018620212102504932,0.47230537945610046,-0.9343604169516129,28.12695646291217,0.19828126666880438,-0.2590859778630451,1704
beta,sqrt_advw,180,90,1.0,1.0,M,q20,5000000.0,fund63,-0.03998585299654097,-0.016227473248943174,0.40583036331241834,-0.8122556376538947,15.15615238592833,0.09740016695192075,-0.1553900407231361,1704
beta,eqw_top100,180,90,1.0,0.4,M,q20,5000000.0,none,-0.041573035841749276,-0.015040417768373568,0.36178300342621084,-1.1512342340251898,19.05344280706511,-0.13630145790119472,0.05779911554666905,2007
beta,btceth,365,90,1.0,1.0,W,rank,5000000.0,fund63,-0.04199550384289308,-0.012506818373755661,0.297813271166937,-0.5446249763482626,16.16993864977408,0.4006234807440866,-0.41486023314276715,1704
beta,advw,180,90,1.0,0.8,M,q20,5000000.0,none,-0.04363000838313436,-0.01663804386765961,0.38134404471238237,-1.3456945469416322,18.92140031063484,0.24561682932777565,-0.38666340969196805,2007
beta,eqw_top100,180,90,1.0,1.0,M,rank,5000000.0,fund63,-0.04365306443541205,-0.014114068153023948,0.32332365059746854,-0.5954188584605548,12.852625911618329,0.19151916985380282,-0.2590736597130985,1704
beta,sqrt_advw,180,90,1.0,0.4,M,rank,5000000.0,none,-0.044434827104486506,-0.01160012561340541,0.2610593169661318,-0.9164377688599032,14.835363854431822,0.00976613440343757,-0.10207918277556692,2007
beta,btceth,365,90,1.0,0.8,W,rank,5000000.0,fund90,-0.04476531106819819,-0.010713844177268216,0.23933362511311704,-0.4257694054151637,14.901640124630683,0.04532209864726424,-0.1451097445921034,1673
beta,btc,365,90,1.0,0.6,W,q20,5000000.0,fund90,-0.04676575762632536,-0.01229538527429079,0.26291427528096917,-0.4227334386007721,19.239804842826985,-0.15285919652266006,0.0723688189884003,1673
beta,sqrt_advw,180,90,1.0,0.6,M,q20,5000000.0,fund90,-0.046924787826535586,-0.012796346042573499,0.2726990709020802,-0.5791169259171663,13.14334130559781,-0.3677260116628822,0.22687242172731342,1673
beta,btc,365,180,3.0,0.8,W,q20,50000000.0,fund90,-0.04703917788233852,-0.019347978362771006,0.41131625240490133,-1.0920816973482737,23.17037511092707,-0.2052423402573668,0.10173258830080688,1673
beta,btceth,365,180,3.0,1.0,M,q20,5000000.0,fund90,-0.04731894015172345,-0.017762910683534812,0.3753869090596664,-0.8233862221742101,10.655009296036337,-0.0619478983714109,-0.03685399410346324,1673
beta,eqw,180,90,1.0,0.6,M,rank,5000000.0,fund63,-0.04765591560927492,-0.009668702015613718,0.20288566260873536,-0.36007041151324415,11.628485901111686,-0.3053763297956605,0.18517537043230264,1704
beta,btceth,180,90,1.0,0.8,M,q20,50000000.0,fund90,-0.048438323482229394,-0.017107707578387442,0.35318537778591275,-0.877823861536215,15.118070652958966,-0.7268408192709157,0.6441528249588364,1673
beta,btc,365,180,3.0,1.0,W,rank,5000000.0,fund63,-0.04971236208578153,-0.014692500318769538,0.2955502354407699,-0.6802636244507086,13.497187954924604,-0.04103915861680345,-0.05706498512442544,1704
beta,btc,365,180,3.0,0.8,W,rank,50000000.0,fund63,-0.049982437645863804,-0.01505287542683473,0.3011632912641746,-0.6865910724951553,18.51307766452998,-0.043502220482166246,-0.055719722921524,1704
beta,eqw,180,90,1.0,1.0,M,q20,5000000.0,fund63,-0.051478040793113786,-0.02066864114595327,0.4015040360416768,-0.8000940515809564,14.970404717678099,0.22887697509549373,-0.2716616452055804,1704
beta,eqw,180,90,1.0,0.8,M,rank,5000000.0,none,-0.053671102538221396,-0.016282902850892702,0.30338305122942044,-1.0462550391872445,14.948881530712804,0.12206985268804342,-0.2643526037212915,2007
beta,eqw_top100,180,90,1.0,0.8,M,q20,5000000.0,fund90,-0.05392352913322109,-0.018245493426711536,0.33835866680081383,-0.8345577906023138,14.414527737804804,-0.04059232731814752,-0.06615130324316755,1673
beta,advw,365,90,1.0,0.4,W,q20,5000000.0,none,-0.05452823902869013,-0.018058645228354018,0.3311796887270177,-0.7919866861869951,27.483463229321043,-0.4908087161350689,0.41130763038130747,2021
beta,btceth,180,90,1.0,0.6,M,rank,5000000.0,none,-0.05646559795631577,-0.014625642616488486,0.25901864402115277,-0.9670930013242712,14.453500483758672,0.149546231091431,-0.2947409803165429,2007
beta,eqw_top100,180,90,1.0,1.0,W,rank,5000000.0,fund63,-0.056516628751967134,-0.01775113852746766,0.3140870027009494,-0.5045408156415978,20.074045826130014,0.12222934861440495,-0.21667750593744356,1704
beta,btceth,180,90,1.0,0.8,M,rank,50000000.0,fund63,-0.05670337385355765,-0.015265426705143298,0.26921549226625996,-0.787035424639301,14.726009950974966,-0.515434033464123,0.3450572697728571,1704
beta,btceth,180,90,1.0,0.4,M,rank,20000000.0,fund90,-0.05746272770119834,-0.012187552881301307,0.21209492429032645,-0.5650654689669302,13.759416630964727,-0.9994520261404737,0.6935710081652123,1673
beta,eqw,180,90,1.0,0.6,M,q20,5000000.0,fund90,-0.05791316513800881,-0.015611917038921308,0.2695745777616823,-0.5540697797089302,13.042318231125527,-0.29104716253646884,0.13599012081367365,1673
beta,btc,365,180,3.0,1.0,M,rank,50000000.0,fund90,-0.05811573779559609,-0.01898878342157853,0.32674081310583425,-0.9498641362198748,11.788062069572792,-0.30427465102895684,0.2129182676264199,1673
beta,btc,180,90,1.0,0.6,W,rank,50000000.0,none,-0.058626613989218576,-0.019543835380375556,0.333361148640951,-1.2550965559741238,29.592059181395474,0.22987992382410546,-0.42756438318878826,2021
beta,btceth,365,180,3.0,1.0,W,rank,20000000.0,fund63,-0.058801240655325625,-0.017275308065836936,0.29379155734314105,-0.596882140011862,17.627675110793955,0.045932031504571105,-0.13124110747707837,1704
beta,btc,365,180,3.0,1.0,M,rank,20000000.0,fund90,-0.05933664648537604,-0.018715817461189686,0.3154175129496463,-0.7791113889588797,11.830926195718794,-0.17127819830556937,0.04967631250225564,1673
beta,sqrt_advw,180,90,1.0,0.8,M,rank,5000000.0,fund63,-0.05983046490724386,-0.014428920468139084,0.24116343555926686,-0.44702908363684235,11.80549653790333,-0.05271479594629569,-0.06640231819455594,1704
beta,eqw_top100,180,90,1.0,1.0,W,q20,5000000.0,fund63,-0.06121490602652474,-0.02639975605426752,0.43126352334557805,-0.6862432440814028,26.553729008344565,0.10215990681821857,-0.20022611197786533,1704
beta,btc,365,180,3.0,0.8,W,rank,5000000.0,fund90,-0.061977703945042636,-0.014341420804591495,0.23139645213879548,-0.5443345670918471,12.285029627740954,-0.48640884044934685,0.35370493868824254,1673
beta,eqw,180,90,1.0,0.4,W,q20,5000000.0,none,-0.06396497038286524,-0.024647391475294714,0.3853263954906354,-1.4550980027723366,28.776090727948393,0.005517847960589441,-0.15205309435119246,2021
beta,advw_top100,180,90,1.0,0.8,M,rank,5000000.0,fund63,-0.0649327802307906,-0.01572581233931482,0.24218603120674273,-0.44812808045883046,11.381775520126352,-0.028007190618350074,-0.09931697213200458,1704
beta,advw_top100,180,90,1.0,0.6,W,rank,5000000.0,fund63,-0.06511025576359579,-0.013452414954545277,0.20660976979400442,-0.4230748519437983,17.85369569945909,-0.46224790776999775,0.294493986022838,1704
beta,btceth,365,90,1.0,1.0,M,q20,5000000.0,fund90,-0.0655677514040903,-0.02615737228504882,0.39893654616645957,-0.6922086752424885,12.395979994850808,-0.08829934259196645,-0.041009019637235467,1673
beta,sqrt_advw,180,90,1.0,0.6,W,q20,5000000.0,fund63,-0.06589601888628277,-0.018360139660900297,0.2786228966667094,-0.6359535994148885,22.93996688220075,-0.5316172750841621,0.35113132639078615,1704
beta,eqw,180,90,1.0,0.6,W,rank,5000000.0,none,-0.06599600779930452,-0.01885641010201916,0.2857204659918516,-1.0333503245056497,22.09034123814576,0.09359652658830601,-0.2654525042069037,2021
beta,btc,180,90,1.0,0.8,M,rank,20000000.0,none,-0.06636246086298069,-0.02197677409471933,0.3311627358137761,-1.1013839918309931,18.12030504315145,0.22406939252259955,-0.48800034755161376,2007
beta,eqw_top25,180,90,1.0,0.8,M,q20,5000000.0,fund90,-0.06681950296093624,-0.02376213167058036,0.3556167079613281,-0.8834661520135113,15.072089875959021,-0.07795555158551691,-0.055839798688221184,1673
beta,btc,365,90,1.0,1.0,W,rank,20000000.0,fund90,-0.06708949995191185,-0.019348603667638593,0.28839987899011327,-0.6814936091105908,18.638004611634646,-0.4174621299400977,0.3903038232770753,1673
beta,btc,365,180,3.0,1.0,W,q20,20000000.0,fund90,-0.06973890163039889,-0.0344631740816684,0.49417431700194786,-1.102047093356533,22.466624289376764,-0.23590624215406505,0.06005733167327626,1673
beta,btc,365,90,1.0,1.0,W,rank,5000000.0,fund63,-0.07060443899993558,-0.021889099725727612,0.31002441256912444,-0.6023118202137616,16.016450859216718,0.4011634755301678,-0.49971502505756255,1704
beta,btc,365,90,1.0,0.6,W,rank,5000000.0,fund90,-0.07145936316993882,-0.014343253082036489,0.20071901631597994,-0.33742606125524,14.920742417167263,-0.052316900358491895,-0.0933867310237212,1673
beta,btc,365,180,3.0,1.0,M,q20,20000000.0,fund90,-0.07154687351472722,-0.03013099556481603,0.4211364394366423,-0.807887537966197,13.625001575358919,0.004812372980222635,-0.1493697929531028,1673
beta,eqw_top25,180,90,1.0,0.6,W,rank,5000000.0,fund90,-0.07168828128492256,-0.016051315363926552,0.22390431289782436,-0.4271930278614957,18.249446976933424,-0.524605859409138,0.35836015273732447,1673
beta,btc,180,90,1.0,0.6,M,q20,20000000.0,fund63,-0.07174870177947909,-0.021043348494137068,0.293292393760854,-0.8145314295298269,15.724351680535879,-0.5054330177873638,0.35001687729474035,1704
beta,btc,365,180,3.0,0.8,W,rank,50000000.0,fund90,-0.07214813199383675,-0.021194392494265392,0.2937621794016222,-0.7446504636152619,17.028754317923358,-0.19063424933594522,0.04555577373117188,1673
beta,btceth,180,90,1.0,0.4,W,rank,50000000.0,fund63,-0.07286361492287162,-0.02023204848943413,0.2776701171201892,-0.8154132042667015,23.276652475643864,-0.9358043233918689,0.638907078007507,1704
beta,advw,180,90,1.0,0.6,W,rank,5000000.0,fund63,-0.07383747924807488,-0.015082752082635443,0.2042695963652996,-0.42830454445947647,17.759241239153944,-0.47891561221669243,0.29248567351296795,1704
beta,btceth,180,90,1.0,0.4,W,rank,50000000.0,fund90,-0.07462200549514753,-0.01987900665966186,0.2663960386451224,-0.732418950723164,21.559379350699057,-1.219013483937014,0.8747241279803741,1673
beta,advw,180,90,1.0,0.8,M,rank,5000000.0,fund63,-0.07670082413855903,-0.018293105398178494,0.23849946338428168,-0.44384677039275755,11.323226389208303,-0.048406047382329356,-0.10279510642163707,1704
beta,btc,180,90,1.0,1.0,W,q20,50000000.0,none,-0.07807563344552049,-0.04500009491477444,0.5763654155451013,-2.0417819891748703,40.868735604552384,0.4417780146094695,-0.8369839837123354,2021
beta,eqw_top25,180,90,1.0,0.8,M,rank,5000000.0,fund90,-0.07956886134078396,-0.021339848685350018,0.2681934657070683,-0.5731223952913121,12.157367307744797,-0.04747174096040507,-0.11450067304316433,1673
beta,btceth,180,90,1.0,1.0,W,rank,20000000.0,none,-0.08201318438645347,-0.028885275105725756,0.3522028235072028,-1.264545063603366,27.381766237682477,0.24162989247546374,-0.4887033809698137,2021
beta,btceth,180,90,1.0,0.6,M,q20,5000000.0,none,-0.08219067332126145,-0.02931216492768799,0.35663614547984707,-1.4192994288161929,19.03049700353379,0.2767957257738735,-0.5168678249994807,2007
beta,btceth,180,90,1.0,0.8,M,q20,20000000.0,fund90,-0.08233437451746527,-0.025956267079120007,0.3152543179108503,-0.6623910903017654,14.839536193527726,-0.7315061139001899,0.5972161054143529,1673
beta,btc,365,180,3.0,1.0,W,q20,50000000.0,fund63,-0.08259283454281469,-0.04023634829521091,0.48716512174374016,-1.281062174471697,25.68972553034487,0.2719601221080473,-0.33654982544307616,1704
beta,eqw,365,90,1.0,1.0,W,q20,5000000.0,fund90,-0.08263929029034028,-0.033457053469000624,0.4048564956385089,-0.791750292346926,20.724562632425457,0.172532116649948,-0.31497744299355734,1673
beta,btc,365,90,1.0,1.0,M,rank,50000000.0,fund90,-0.08287150624423525,-0.02487260689587364,0.30013460624898247,-0.7667466750842147,12.87226642943432,-0.394336096082069,0.3014689308536988,1673
beta,btc,365,90,1.0,1.0,M,rank,50000000.0,fund63,-0.08430484532663436,-0.026433623742565155,0.3135480960809497,-0.7359375736772653,14.064164038960994,0.010193416439433051,-0.17112845036150925,1704
beta,eqw,180,90,1.0,0.4,M,rank,5000000.0,fund90,-0.08595183452410507,-0.016236229761857315,0.18889916488407102,-0.42045676547493954,10.742949918960575,-0.6016857183135371,0.34846246448967,1673
beta,eqw_top100,180,90,1.0,0.6,W,rank,5000000.0,fund90,-0.08610731888328393,-0.018165183404873605,0.21095980737126424,-0.3898783315516496,17.47021899140948,-0.5163129778190276,0.3245217765702645,1673
beta,eqw,180,90,1.0,0.4,W,q20,5000000.0,fund90,-0.08733331374487345,-0.022441503801024932,0.25696384161699426,-0.6469921279976997,20.760630192092346,-0.8939355587457436,0.5900014196200407,1673
beta,sqrt_advw,180,90,1.0,0.4,W,rank,5000000.0,fund90,-0.08738006746556912,-0.017247006989342995,0.19737919058186731,-0.4878340544054147,16.79697027798666,-0.8166753127238343,0.5458029037167494,1673
beta,advw_top100,180,90,1.0,0.6,M,q20,5000000.0,none,-0.08818492548142308,-0.0303460604696436,0.3441184567994703,-1.3405836143105103,18.81066084082628,0.16747587045176066,-0.39302816394364626,2007
beta,btc,365,180,3.0,1.0,M,rank,5000000.0,fund90,-0.08859088688217492,-0.025623682816728003,0.2892361022506442,-0.6383848284726326,8.310616610649681,-0.24539998118236644,0.07037100698687743,1673
beta,btc,365,90,1.0,0.8,M,q20,5000000.0,fund90,-0.08867564288695948,-0.029294061508250355,0.33035070910727277,-0.5443130877145139,12.085018207541744,-0.06425650816009829,-0.11750209412235862,1673
beta,btc,180,90,1.0,0.4,M,q20,20000000.0,fund90,-0.08872542370874442,-0.024476936238597,0.27587285825702573,-0.8468684040481217,14.893083112002437,-0.9294884694285489,0.7272778770485576,1673
beta,eqw,180,90,1.0,0.6,M,rank,5000000.0,none,-0.08875270686839447,-0.023893772079087335,0.269217389780774,-0.9589421093311095,14.812229725267382,0.024642815606280892,-0.22094744512272876,2007
beta,eqw_top25,180,90,1.0,1.0,M,q20,5000000.0,fund90,-0.09047328017831623,-0.04271566283340404,0.4721356708766896,-1.1111254152559233,16.25790211571293,0.09688563403359732,-0.29278432343433586,1673
beta,btc,180,90,1.0,1.0,W,rank,20000000.0,none,-0.09156903715132012,-0.03714561360012313,0.40565692023974304,-1.4100736899513189,27.211232617738354,0.249345114885778,-0.6298755032946951,2021
beta,btceth,180,90,1.0,0.8,M,rank,50000000.0,fund90,-0.09345479965678712,-0.02430000601108209,0.26001881230631163,-0.7705019824377579,13.526221786100896,-0.8270997679467432,0.6380016833535107,1673
beta,eqw_top100,180,90,1.0,0.6,W,q20,5000000.0,fund90,-0.09361222304839781,-0.026269972691970032,0.28062545505823927,-0.5759027502248869,22.21253532778341,-0.5088141639400577,0.2881634716885755,1673
beta,advw,180,90,1.0,0.6,M,q20,5000000.0,none,-0.09413855553878306,-0.03220015032618853,0.3420506097836052,-1.2621092547028374,18.635552999328844,0.1426662929730482,-0.3774250363519136,2007
totvol,advw,90,90,,,W,q20,5000000.0,none,-0.09450408245672336,-0.0388940051636166,0.41155899462256024,-0.9429087647122533,24.837895022738138,-0.6342439878959287,0.6175320015612101,2021
beta,sqrt_advw,180,90,1.0,0.8,W,rank,5000000.0,fund63,-0.09467327901692198,-0.02242787506211435,0.2368976261834722,-0.37991621625007665,18.402893753459715,-0.18297992611996627,-0.014991538492409806,1704
beta,eqw,365,90,1.0,1.0,W,rank,5000000.0,fund90,-0.09537071875355414,-0.028746759609992584,0.30142123269802124,-0.5259474726729763,16.09281205768685,0.09189779843404736,-0.2675624186225688,1673
beta,advw_top100,180,90,1.0,1.0,M,rank,5000000.0,fund63,-0.09777411762463031,-0.028593840973145813,0.29244795726944744,-0.5239373203272562,11.468704108874306,0.14042092947856014,-0.32014715629326645,1704
beta,btc,180,90,1.0,0.8,M,q20,5000000.0,none,-0.09877397506454459,-0.04237072336574084,0.42896646953869555,-1.7957287375616457,19.068329905352545,0.4576529770528677,-0.8933278003339786,2007
beta,btceth,365,90,1.0,1.0,W,q20,5000000.0,fund90,-0.09958811606241176,-0.038777931683524024,0.38938312337610576,-0.6777150825029097,19.703438628275332,-0.06326083605992425,-0.14104857701893267,1673
beta,eqw_top25,180,90,1.0,1.0,M,rank,5000000.0,fund90,-0.10021509368081727,-0.035107164591062966,0.3503181337421931,-0.7063441384909359,12.803248688865533,0.09570579478382392,-0.33208419603234773,1673
beta,eqw,180,90,1.0,0.6,W,rank,5000000.0,fund63,-0.1032352388200538,-0.020918728594417683,0.2026316675731286,-0.4453644977293699,18.086609342754503,-0.45090425286200897,0.21432092058867164,1704
beta,btceth,365,90,1.0,1.0,W,rank,5000000.0,fund90,-0.10505033209919228,-0.030249202890029223,0.2879496169651976,-0.600867096855777,14.90896654457841,0.04140831083126561,-0.27470158725633376,1673
beta,eqw_top100,180,90,1.0,1.0,M,q20,5000000.0,fund90,-0.10602122967367082,-0.046169690570978236,0.43547590150658244,-1.060231745731907,15.300613906011682,0.08425891461677978,-0.285360900036055,1673
beta,sqrt_advw,180,90,1.0,1.0,M,rank,5000000.0,fund63,-0.1071216676067141,-0.03157144362336855,0.29472509463986096,-0.5500863707955943,12.012373725295017,0.11630117512985211,-0.3048393694404334,1704
beta,advw,180,90,1.0,1.0,W,q20,5000000.0,none,-0.10966837655988186,-0.04830813231866578,0.44049281875061075,-1.6184775150115926,30.69565223582452,0.22715497407891533,-0.4820171894776649,2021
beta,btceth,365,180,3.0,1.0,W,rank,20000000.0,fund90,-0.11083607003461932,-0.03156303441002178,0.2847722262271042,-0.6273661336806444,16.35396080979836,-0.3210526676336304,0.05900946260976645,1673
beta,eqw_top25,180,90,1.0,0.6,W,q20,5000000.0,fund90,-0.11095203512758081,-0.032300307861108234,0.2911195619257182,-0.6707989606695899,22.90301207485767,-0.5278927560043359,0.2751226412710494,1673
beta,btc,365,90,1.0,0.8,W,q20,5000000.0,fund90,-0.1110182618609571,-0.03552370873283397,0.31998076836516337,-0.6073267391779585,19.30922019759871,-0.08549699768923752,-0.14400923212464972,1673
beta,advw,180,90,1.0,1.0,M,rank,5000000.0,fund63,-0.11103656478312422,-0.031832541361579016,0.2866852142242881,-0.5201108172243742,11.389559540076855,0.11900300280593984,-0.32184401236103805,1704
beta,btceth,180,90,1.0,1.0,W,q20,5000000.0,none,-0.11118140320953224,-0.05120904460218246,0.46059001886919887,-2.08386784401644,31.520781543556303,0.565693183645365,-0.8987335871927965,2021
beta,eqw,180,90,1.0,0.8,W,q20,5000000.0,fund63,-0.11178274957845512,-0.035680971876156514,0.31919926831924716,-0.5010411961416958,23.30482783589703,-0.26149299913904267,0.012065748965450993,1704
beta,btc,365,90,1.0,1.0,M,q20,5000000.0,fund90,-0.11357827563259,-0.047033321071437255,0.41410490526888727,-0.760568466678001,12.24082245691517,-0.039626824051655116,-0.20967438964635887,1673
beta,advw_top100,180,90,1.0,0.6,M,rank,5000000.0,fund90,-0.11376445195736974,-0.022971460975564805,0.2019212555445066,-0.422064971807671,10.521737203483521,-0.3399299769611717,0.10498570434847947,1673
beta,btceth,180,90,1.0,1.0,M,q20,20000000.0,fund63,-0.11404916245978096,-0.04322843845352737,0.3790333705323941,-0.7536406593401163,16.244185354633984,-0.27156435314007166,0.026715137414193277,1704
beta,sqrt_advw,180,90,1.0,0.4,W,q20,5000000.0,fund90,-0.11410013602003036,-0.029980539346585528,0.2627563856832074,-0.7101855042196299,20.957149930441993,-0.8221860781290894,0.49391376854714497,1673
beta,btc,365,180,3.0,0.8,W,rank,20000000.0,fund90,-0.11451745128656207,-0.031000547742407604,0.27070588276396024,-0.6670413425091644,16.440037855965354,-0.5748536724938679,0.2869801926573943,1673
beta,eqw,180,90,1.0,0.4,W,rank,5000000.0,none,-0.11513915115381208,-0.03243214644357982,0.28167783172427907,-1.0239820079095603,22.039751285870587,-0.024284315432961494,-0.2218492220046478,2021
beta,advw_top100,180,90,1.0,0.8,W,rank,5000000.0,fund63,-0.11518021254561728,-0.027222262040939044,0.23634495404458147,-0.3903726962682272,17.873625305308167,-0.19382624766367848,-0.043944022129983266,1704
beta,btc,365,90,1.0,0.8,W,rank,5000000.0,fund90,-0.11590294217628842,-0.028185263245124388,0.24317987719634063,-0.5001356639496302,14.770966174067569,-0.00710259449785467,-0.2528606741319959,1673
beta,eqw_top100,180,90,1.0,0.8,M,rank,5000000.0,fund90,-0.11657678195427626,-0.02910140646706345,0.24963295417159137,-0.5382539085037779,11.523400466737465,-0.10409011970007122,-0.12926775533528984,1673
beta,advw_top100,180,90,1.0,0.4,W,rank,5000000.0,fund90,-0.11665317322276741,-0.022807448103545815,0.1955150252105996,-0.47265509419032486,16.629282700230384,-0.8476704573289935,0.507440158376882,1673
beta,btc,365,180,3.0,1.0,W,rank,50000000.0,fund63,-0.11701373510402438,-0.039653467707225075,0.3388787450633331,-0.8383810153501579,18.499055071791236,0.09372898903389913,-0.2838980685763091,1704
beta,advw_top100,180,90,1.0,1.0,W,q20,5000000.0,none,-0.11721329844580546,-0.05205769014687316,0.44412784928957927,-1.6725864361923903,31.038490657692392,0.2334517630278878,-0.49640721372873026,2021
beta,btc,180,90,1.0,0.4,W,rank,50000000.0,none,-0.11774899175272231,-0.038519360537983674,0.3271311283826183,-1.2839251112371524,30.14949883115901,0.08908091921376048,-0.35262999636311626,2021
beta,btceth,180,90,1.0,1.0,M,q20,50000000.0,fund63,-0.11956363690613124,-0.04845691301318772,0.4052813570001302,-0.9308270982663583,16.42999042480037,-0.27423706199106457,0.01714784838346129,1704
beta,btc,365,180,3.0,1.0,W,rank,20000000.0,fund63,-0.11980938301586733,-0.03890533682235264,0.32472696080239466,-0.7773696217577493,17.800084469051857,-0.0504997007547312,-0.1722440074511254,1704
beta,btceth,180,90,1.0,0.4,M,rank,5000000.0,fund63,-0.12008603972248326,-0.02323681318305735,0.19350136982414623,-0.4284679177742365,11.228671796240853,-0.6548049815051405,0.335787029452695,1704
beta,sqrt_advw,180,90,1.0,0.8,M,q20,5000000.0,fund90,-0.12028229363572264,-0.038514911787727375,0.320204334516355,-0.736595599145681,13.513611287819048,-0.1900298892387945,-0.05761351583095408,1673
beta,btceth,180,90,1.0,1.0,W,q20,50000000.0,none,-0.12197270974709133,-0.06386192417177872,0.5235755137702154,-1.8526964343327175,40.71464061329088,0.37882966277672864,-0.7393979885676025,2021
beta,sqrt_advw,180,90,1.0,0.6,M,rank,5000000.0,fund90,-0.12211411614902672,-0.024546845603350412,0.20101562683706206,-0.41800513078859003,10.81660851148771,-0.3754463244815529,0.11464865515969304,1673
beta,sqrt_advw,180,90,1.0,0.8,W,q20,5000000.0,fund63,-0.12260902640898365,-0.03968690067043833,0.3236866145405624,-0.5579880039547467,23.59673960329801,-0.26476715611440427,-0.0005082316036359543,1704
beta,btc,180,90,1.0,0.8,M,rank,5000000.0,none,-0.12372256407775885,-0.03923398476883596,0.3171126064294759,-1.2419049255131,14.233128259771188,0.16305249375441752,-0.5366393535905284,2007
beta,eqw,180,90,1.0,0.4,M,rank,5000000.0,none,-0.12411576150177728,-0.03248568731752154,0.26173700200885736,-0.9455492954698796,14.771221542818186,-0.0926651602882204,-0.1582578892708415,2007
beta,btc,365,180,3.0,1.0,W,q20,50000000.0,fund90,-0.12445248075755633,-0.0597012053535901,0.4797108501990648,-1.3782262928747917,23.770278115394824,-0.13012234191200345,-0.11863045319456059,1673
beta,advw,180,90,1.0,0.4,W,rank,5000000.0,fund90,-0.12491045462180096,-0.024234843968986095,0.19401773888633594,-0.4773241752839422,16.57450979413617,-0.8686391258428529,0.5073637848879695,1673
beta,eqw_top25,180,90,1.0,0.8,W,rank,5000000.0,fund90,-0.12518822681808964,-0.033102127793258246,0.2644188565859214,-0.5211138726777507,19.02001391420742,-0.2952772337533021,0.05291598372043449,1673
beta,advw,180,90,1.0,0.8,W,rank,5000000.0,fund63,-0.1260157293997927,-0.02935884715052498,0.23297763930233037,-0.38642872512539767,17.748091481059912,-0.21431562183898292,-0.046670301820000495,1704
beta,btceth,180,90,1.0,1.0,M,rank,50000000.0,fund63,-0.12704890366157567,-0.03734408869535285,0.29393475755467763,-0.7686357476013465,14.587288807648052,-0.3814628767956926,0.09197470183246419,1704
beta,advw,180,90,1.0,0.6,M,rank,5000000.0,fund90,-0.12941264530782842,-0.025818468806605502,0.1995049923072988,-0.4198968000844032,10.480360358775783,-0.3671446725279809,0.09806622069221423,1673
beta,btc,180,90,1.0,0.8,W,rank,5000000.0,none,-0.13104242793526746,-0.04191544154246727,0.3198616066788134,-1.378441677523793,22.077231954435526,0.2811988244429309,-0.7394503917106939,2021
beta,btceth,180,90,1.0,0.6,M,rank,20000000.0,fund63,-0.13126889176221546,-0.029151019434240318,0.2220710409214498,-0.5222970573178854,14.597571155738265,-0.47014705452668326,0.14427981375796367,1704
beta,sqrt_advw,180,90,1.0,1.0,W,rank,5000000.0,fund63,-0.1316129794457049,-0.03791273170433255,0.28806225544018565,-0.47525057670514337,18.731229856164923,0.030830472442559875,-0.2731959972060889,1704
beta,advw_top100,180,90,1.0,0.4,M,q20,5000000.0,none,-0.13257905406096682,-0.04417644254260784,0.333208309981554,-1.2561983510791608,18.6879661414916,0.03580049203688882,-0.323304558501251,2007
beta,eqw,180,90,1.0,0.8,M,rank,5000000.0,fund63,-0.13305945831709656,-0.03151894653368367,0.23687866260938967,-0.46596603173219614,11.728377991180327,-0.09861419473309604,-0.16368330174154488,1704
beta,eqw_top25,180,90,1.0,1.0,W,rank,5000000.0,fund90,-0.1331509902343728,-0.045391380950142717,0.3409015649845687,-0.6359997810667807,20.054191417201856,-0.08550051192930394,-0.18793164010282942,1673
beta,advw_top100,180,90,1.0,1.0,W,rank,5000000.0,fund63,-0.13455980910678786,-0.03811646318370501,0.283267815529193,-0.4604228240065634,18.0208034919972,0.028460486546754375,-0.28189212510246653,1704
beta,btceth,180,90,1.0,0.6,W,rank,5000000.0,none,-0.13709043289977263,-0.03579927979100522,0.2611362371083781,-1.1470891237469512,22.126473498638894,0.17396690040025506,-0.5001795429649898,2021
beta,btc,365,90,1.0,1.0,W,rank,5000000.0,fund90,-0.1372279682362574,-0.04119221763865921,0.30017363200875324,-0.6882730984048206,14.76321829566223,0.0009933533841581875,-0.3283203450431881,1673
beta,btceth,180,90,1.0,0.4,M,rank,5000000.0,none,-0.13868978817703637,-0.0338896893844382,0.24435605411105166,-0.9810267528253755,14.598826060772167,-0.02430224849940068,-0.2612289105909459,2007
beta,advw,180,90,1.0,0.4,M,q20,5000000.0,none,-0.13886027317195201,-0.046094391871453234,0.33194801377334254,-1.2116551116259133,18.54559542409349,0.01193067493662659,-0.30958879285299623,2007
beta,btc,365,180,3.0,1.0,W,rank,50000000.0,fund90,-0.14228512897500437,-0.04729074575546083,0.3323660462350111,-0.9066451048054349,17.039064461349408,-0.14544144912768187,-0.13897408782846207,1673
beta,btc,365,90,1.0,1.0,W,q20,5000000.0,fund90,-0.1424413951308337,-0.057198374134464866,0.4015572445210021,-0.8408858295287513,19.648634050038805,-0.054919939314254596,-0.26582676382748227,1673
beta,eqw,180,90,1.0,0.8,M,q20,5000000.0,fund90,-0.1435483359871617,-0.04563463099242318,0.3179042841465228,-0.7147540249709862,13.37780522307993,-0.13421837144181073,-0.15223292651226839,1673
beta,advw,180,90,1.0,0.4,M,q20,5000000.0,fund63,-0.14517263674922642,-0.036353149292817154,0.2504132328712481,-0.6624319782734049,13.902038343368595,-0.8787476768338807,0.4757371045980247,1704
beta,btc,365,180,3.0,1.0,W,q20,50000000.0,none,-0.14547826996198962,-0.08591296511536466,0.5905553120600889,-1.7096134881607208,35.33331071882493,-0.24373970993060018,-0.018434434808434496,2021
beta,btc,365,180,3.0,1.0,W,rank,5000000.0,fund90,-0.14664641050261382,-0.04210676514265581,0.28713123627328946,-0.7265014241439912,12.361484322531213,-0.3743665525884558,0.096023227060145,1673
beta,btc,365,180,3.0,0.4,W,q20,50000000.0,none,-0.14761711817675946,-0.06651944751392619,0.45062150200137746,-1.8117401551627907,34.399735275982884,-0.46005029463604774,0.20156607124780043,2021
beta,advw,180,90,1.0,1.0,W,rank,5000000.0,fund63,-0.1480806638125704,-0.04118891025493539,0.2781518477460992,-0.4568895037888656,17.857403014317615,0.004042239070098897,-0.2837608611162464,1704
beta,btc,365,180,3.0,0.8,W,q20,50000000.0,none,-0.1493718096488074,-0.07648639805651383,0.5120537686216919,-1.7029515657284748,34.612198249396435,-0.3125824442294101,0.05644098369288961,2021
beta,btceth,180,90,1.0,0.8,W,rank,20000000.0,none,-0.14981257933582579,-0.04649179297114276,0.31033303863572714,-1.1746672954406283,27.287498025568816,0.11620820367090381,-0.47263374376162093,2021
beta,sqrt_advw,180,90,1.0,1.0,W,q20,5000000.0,fund63,-0.15099056342152403,-0.06048748149213915,0.40060438295918377,-0.7024260235145909,24.5807591748278,-0.026782840606671646,-0.25499382632992074,1704
beta,btc,365,180,3.0,0.6,W,q20,50000000.0,none,-0.1521921332730078,-0.07087632876244669,0.4657029718829564,-1.7382619759480142,34.310070004987736,-0.3875098413689001,0.13039160796032737,2021
beta,btc,180,90,1.0,0.8,M,q20,20000000.0,fund63,-0.15290156377092617,-0.05087057581346921,0.3327014751116764,-0.7522150731562603,15.695581401183931,-0.32274675172102857,0.015189644805350068,1704
beta,eqw_top25,180,90,1.0,1.0,W,q20,5000000.0,fund90,-0.15341911127645175,-0.07073623585084934,0.4610653474806475,-1.0501096030009205,26.29478930270934,-0.052363392192308955,-0.2634769405525134,1673
beta,eqw_top100,180,90,1.0,0.8,W,q20,5000000.0,fund90,-0.15342453904332784,-0.05057841800290776,0.3296631576557917,-0.6521115761232923,23.252493558332123,-0.2994662215267827,-0.014329706067541888,1673
beta,btceth,180,90,1.0,0.4,M,q20,5000000.0,none,-0.15418874462917406,-0.05109465285584673,0.33137731926367275,-1.338134522945992,18.943248909741673,0.11452690732515906,-0.463425557635955,2007
beta,eqw_top100,180,90,1.0,0.8,W,rank,5000000.0,fund90,-0.15613420803041111,-0.03825283725876506,0.2449997200569548,-0.48979677440050373,17.961210092013584,-0.31584060228236743,0.004634782522138988,1673
beta,btceth,180,90,1.0,1.0,M,q20,50000000.0,fund90,-0.1568524891994871,-0.06195060130459519,0.3949609063953431,-0.9128017483675602,15.215681413688065,-0.6889014666852518,0.4142945780967492,1673
beta,btc,180,90,1.0,1.0,W,q20,20000000.0,none,-0.15731651683332093,-0.08723138787474678,0.5544960543918581,-1.9446959869371738,36.9981176568831,0.24399509448447126,-0.7803793477200884,2021
beta,eqw_top25,180,90,1.0,0.8,W,q20,5000000.0,fund90,-0.1574649865795443,-0.054942460774706055,0.34891858798687014,-0.8450056788322324,24.302496440787266,-0.28387747405362423,-0.03032867214290168,1673
beta,btceth,180,90,1.0,0.8,W,q20,50000000.0,none,-0.15904116428475792,-0.07488068290278514,0.47082579682775555,-1.7756894514962251,39.92864939044185,0.29457532108589357,-0.6941024322257237,2021
beta,btc,180,90,1.0,0.6,M,rank,20000000.0,none,-0.1605251210429794,-0.04630894706395164,0.2884841124122421,-1.088210010977598,18.30442558733537,0.07176755041186847,-0.47032076096840697,2007
beta,sqrt_advw,180,90,1.0,1.0,M,q20,5000000.0,fund90,-0.1613967067048086,-0.0643608954304011,0.3987745273397425,-0.914003425289382,14.067189262779769,-0.04937947810989691,-0.26580571618405974,1673
beta,btceth,180,90,1.0,0.4,W,rank,20000000.0,fund63,-0.16141482021005651,-0.03714600578152695,0.23012760373048238,-0.7335626688072864,22.24762137569179,-0.9839565967119224,0.47775529276295037,1704
beta,eqw,180,90,1.0,1.0,W,q20,5000000.0,fund63,-0.16196215371506992,-0.06414885590184156,0.39607312221035734,-0.6602088875527847,24.23808798703743,-0.03906761994913419,-0.2603834117735506,1704
beta,eqw_top100,180,90,1.0,1.0,M,rank,5000000.0,fund90,-0.16207105649072912,-0.0511279282200006,0.31546612533450874,-0.6758699086217614,11.94800089239773,0.013174585545318725,-0.3449313653646842,1673
beta,eqw,180,90,1.0,0.4,W,rank,5000000.0,fund90,-0.16583805358307535,-0.03206117859734772,0.19332823742583852,-0.4987838612211966,16.69139822618353,-0.8639145407222718,0.4337714082920878,1673
beta,advw,180,90,1.0,0.4,W,q20,5000000.0,fund63,-0.16616454672198042,-0.043018050276533236,0.2588882594101691,-0.8740145189111841,22.367334361055672,-0.9315411268537263,0.49838635235236234,1704
beta,btc,180,90,1.0,0.4,M,rank,50000000.0,fund63,-0.16933694165475094,-0.04481410828324638,0.2646446064593199,-1.1478731208835524,15.057548455529743,-1.003583259208732,0.6117529472138427,1704
beta,btceth,180,90,1.0,1.0,M,rank,50000000.0,fund90,-0.17053355905627715,-0.04861657735631472,0.2850851036321299,-0.7672595906241786,13.390983702930464,-0.7349103982339777,0.42016069252568283,1673
beta,advw_top100,180,90,1.0,0.8,M,rank,5000000.0,fund90,-0.1737239494318513,-0.04089814346228757,0.23542029522147806,-0.5078800181578741,10.529071005140507,-0.18617848157212255,-0.16053927054480197,1673
beta,advw_top100,180,90,1.0,0.4,M,q20,5000000.0,fund63,-0.17557548577554896,-0.044256740080426835,0.25206673861636625,-0.6408777136944336,14.026648553569165,-0.8588331823091561,0.40898989517731904,1704
beta,btc,180,90,1.0,1.0,W,q20,5000000.0,none,-0.1759996509574193,-0.09066310881119462,0.5151323216722135,-2.2316315412526055,31.60222154751214,0.32233428414162046,-0.8889157553388543,2021
beta,eqw,180,90,1.0,0.8,W,rank,5000000.0,fund63,-0.17601750225033064,-0.04119644907976973,0.23404745865090437,-0.4010794274963124,18.251057590148722,-0.20846794077898695,-0.14851392362912288,1704
beta,btceth,180,90,1.0,1.0,M,q20,20000000.0,fund90,-0.1771494888341062,-0.06538979467713416,0.3691221188810159,-0.7107436741078847,14.993184911230326,-0.6319519025654333,0.3399897990504865,1673
beta,eqw_top100,180,90,1.0,1.0,W,q20,5000000.0,fund90,-0.1779461478825052,-0.07498395886942223,0.42138568191390596,-0.8224981377347689,24.72426435729912,-0.10750159137077868,-0.24578953026223277,1673
beta,advw,180,90,1.0,0.8,W,q20,5000000.0,none,-0.1804197019635212,-0.06863641108309439,0.3804263632858228,-1.537413212232962,29.906025643014896,0.13198707990967284,-0.5389884063953598,2021
beta,btceth,180,90,1.0,0.6,W,rank,50000000.0,fund63,-0.18131021805171427,-0.04818550585526009,0.265762770422108,-0.7496752239313702,22.79561916245933,-0.8295137326312326,0.35446847840634116,1704
beta,eqw,180,90,1.0,0.6,W,q20,5000000.0,fund90,-0.18634270979568415,-0.04977663203595354,0.2671241181934685,-0.5118745385142026,21.064398351744053,-0.7177111307446218,0.2750294862070543,1673
beta,sqrt_advw,180,90,1.0,0.6,W,rank,5000000.0,fund90,-0.18689056398502324,-0.0376106441829439,0.20124421148388147,-0.39396431839779616,16.872647240455127,-0.6448523368391297,0.23958456928316832,1673
beta,btc,180,90,1.0,0.8,W,q20,50000000.0,none,-0.18964165716851453,-0.09259417504838657,0.48825862645836243,-1.905369138863719,39.984821727149175,0.3113906894504425,-0.8447290476541086,2021
beta,eqw,180,90,1.0,1.0,M,rank,5000000.0,fund63,-0.18986338222919408,-0.054885653276690774,0.2890797194923843,-0.5773921594646112,11.91216636448578,0.05868897539865542,-0.3977707999465045,1704
beta,eqw_top100,180,90,1.0,1.0,W,rank,5000000.0,fund90,-0.18994915059024037,-0.05825498002634531,0.3066872362699497,-0.6040871637236387,18.629857213645703,-0.14248150710615173,-0.23841260082637322,1673
beta,btceth,180,90,1.0,0.6,W,q20,50000000.0,none,-0.19031051386076117,-0.08435808961835954,0.44326552383794887,-1.801462927440024,39.61819562721837,0.19033407578816924,-0.6131587613196766,2021
beta,advw,180,90,1.0,0.8,M,rank,5000000.0,fund90,-0.19051539749353863,-0.044146721117612316,0.23172258882177524,-0.5050857116944069,10.471299570381744,-0.21201096540942682,-0.16804405209459186,1673
beta,advw_top100,180,90,1.0,0.8,W,q20,5000000.0,none,-0.19118155118892322,-0.07322100941243405,0.38299202489511114,-1.5937661866431396,30.17962569924856,0.13919183822290981,-0.5622388501342995,2021
beta,btc,180,90,1.0,0.4,M,rank,20000000.0,fund63,-0.19265511121264162,-0.041774627403932285,0.21683633068952865,-0.6788286600281507,14.578540952990714,-0.7231802175827394,0.24256952918572275,1704
beta,btc,365,180,3.0,1.0,W,rank,20000000.0,fund90,-0.19316102486451728,-0.061383219134200945,0.3177826333094629,-0.8349444101375983,16.521924123729367,-0.47370803164471037,0.07755379396929035,1673
beta,sqrt_advw,180,90,1.0,0.8,M,rank,5000000.0,fund90,-0.19522058650175964,-0.045813899588639545,0.2346776044965247,-0.5160582668029287,10.935861637498057,-0.21861371452310221,-0.17193451890943529,1673
beta,btceth,180,90,1.0,0.6,M,rank,5000000.0,fund63,-0.19575253892724603,-0.04141174636270928,0.21155151595811736,-0.3884343995823647,11.082305142508437,-0.3678730133765904,-0.03877605282262809,1704
beta,btc,180,90,1.0,0.4,M,q20,50000000.0,fund63,-0.1973044137650943,-0.0684646253674013,0.34699996853042303,-1.361749039825303,16.609264552599534,-0.7889865526901467,0.400038041803765,1704
beta,advw_top100,180,90,1.0,1.0,M,rank,5000000.0,fund90,-0.19807338598994587,-0.05659109430769542,0.2857077139609657,-0.5877670917830506,10.608823340082077,-0.07574303080977624,-0.3374778474975122,1673
beta,btceth,180,90,1.0,0.6,W,rank,50000000.0,fund90,-0.19952440397596524,-0.05098127783019243,0.2555139963547198,-0.7012448604191192,21.126715807316256,-1.1888723437057838,0.6582837752625399,1673
beta,eqw,180,90,1.0,1.0,M,q20,5000000.0,fund90,-0.2001836908741505,-0.07916101773222554,0.395441893325824,-0.9073639685972417,13.88797582157722,-0.017481952965748455,-0.35933831897683755,1673
beta,eqw,180,90,1.0,0.6,M,rank,5000000.0,fund90,-0.20244013238265984,-0.03994639443788457,0.19732448288650795,-0.43574809150128296,10.771825723341282,-0.4446253757600689,0.016729725398735105,1673
beta,btc,180,90,1.0,1.0,M,q20,20000000.0,fund63,-0.20293722927385152,-0.08130074529459909,0.40062016016237534,-0.8355177688888564,15.897725433930106,-0.16418912643158098,-0.24149197659775448,1704
beta,btceth,180,90,1.0,0.4,W,q20,50000000.0,none,-0.2067074698095947,-0.09184696328737389,0.4443330633961958,-1.86338441968074,39.77980311252294,0.06927767275248281,-0.4926726520736708,2021
beta,sqrt_advw,180,90,1.0,0.6,W,q20,5000000.0,fund90,-0.20683399540556083,-0.056182806329940264,0.2716323601435867,-0.5731523173404178,21.319260009278864,-0.6566465365987998,0.19649690446572485,1673
beta,btceth,180,90,1.0,0.6,M,rank,20000000.0,fund90,-0.2101962694466542,-0.04519195814688517,0.21499885923691167,-0.4958071061217764,13.461827292721305,-0.8895454564642027,0.40196276808833825,1673
beta,btceth,180,90,1.0,0.6,W,rank,20000000.0,none,-0.2127312694655832,-0.06064061383630552,0.28505735893291545,-1.093800399235516,27.421304087222744,-0.037553413262543134,-0.4136201286952631,2021
beta,advw_top100,180,90,1.0,0.6,W,rank,5000000.0,fund90,-0.21301081674178302,-0.04282356955349143,0.20103941296747957,-0.41278023079655535,16.544290675199427,-0.6570240460521387,0.20567799552465088,1673
beta,advw,180,90,1.0,1.0,M,rank,5000000.0,fund90,-0.21632754143806923,-0.06052532035026604,0.27978555087306517,-0.5854573990670147,10.53188647971472,-0.10030832764386544,-0.344618129928474,1673
beta,advw_top100,180,90,1.0,0.4,W,q20,5000000.0,fund63,-0.2173608194870927,-0.056758266166303174,0.26112464196737895,-0.9215539058136488,22.450008840562802,-0.9954063935916726,0.4638512385934069,1704
beta,btceth,180,90,1.0,1.0,M,rank,5000000.0,fund63,-0.21929206661344344,-0.06674959374642424,0.3043867239579028,-0.4919065895769573,11.09322488169099,0.03959154195288044,-0.47714925169594996,1704
beta,eqw,180,90,1.0,1.0,W,rank,5000000.0,fund63,-0.22100478608979526,-0.06301131136951513,0.285112881419289,-0.5069205029156346,18.54688092570329,-0.011378993833211375,-0.3945083675240379,1704
beta,btceth,180,90,1.0,0.8,M,rank,5000000.0,fund63,-0.22122490792259508,-0.0554454577363466,0.25062936292755306,-0.4404751483017052,11.035000367761402,-0.13000397825005713,-0.3087867114200893,1704
beta,btc,180,90,1.0,0.6,M,q20,20000000.0,fund90,-0.2215801335060876,-0.06328810933365833,0.28562176731389854,-0.772079151447754,14.644676454657946,-0.8338583908811821,0.4293456583913,1673
beta,advw,180,90,1.0,0.6,W,rank,5000000.0,fund90,-0.222855363534381,-0.044326032555351814,0.19890045207959922,-0.40751594106957045,16.46339250996676,-0.6804146672770005,0.20438236838303914,1673
beta,btceth,180,90,1.0,0.4,M,rank,5000000.0,fund90,-0.2250562709441447,-0.04186746850019754,0.18603111268376238,-0.37756012787018906,10.345574987366234,-0.7590743342590917,0.25351522069083376,1673
beta,btceth,180,90,1.0,0.8,M,rank,20000000.0,fund63,-0.22787234468290413,-0.0557346914152291,0.24458734337765614,-0.5129784134724935,14.441739194801753,-0.31174647006764783,-0.15732261195729624,1704
beta,btceth,180,90,1.0,0.8,W,q20,5000000.0,none,-0.22829677065975681,-0.08871622558005396,0.38860044022380236,-1.9913420481511852,30.57466395914056,0.4583313222731598,-1.0351594195892553,2021
beta,advw,180,90,1.0,0.6,M,q20,5000000.0,fund63,-0.22902719113932773,-0.060418778242772204,0.2638061356042946,-0.6671607766642449,13.978891851777764,-0.5895276310895645,0.09058346909357265,1704
beta,btc,180,90,1.0,0.4,M,rank,20000000.0,none,-0.23176423812325794,-0.06299384685922756,0.271801410646132,-1.1109110966656108,18.687865119708704,-0.10219429634532655,-0.3859576736312117,2007
beta,btc,180,90,1.0,0.4,M,rank,50000000.0,fund90,-0.23235311823466015,-0.05857208833317198,0.25208221339219694,-1.0996848943575264,13.851803256550879,-1.3288463102860408,0.8461606687258548,1673
beta,sqrt_advw,180,90,1.0,1.0,M,rank,5000000.0,fund90,-0.23239024290653304,-0.06686235686940815,0.2877158525812122,-0.6255539098426011,11.134066500565671,-0.0997987375503129,-0.3664214714550215,1673
beta,btceth,180,90,1.0,0.4,W,rank,5000000.0,none,-0.23540656413412112,-0.059133904193811065,0.2511990454103054,-1.1080462648754796,22.31826394415823,-0.022652818659457934,-0.46683374474707995,2021
beta,btceth,180,90,1.0,0.4,W,rank,20000000.0,fund90,-0.23685092718045456,-0.0525872835397696,0.2220269270877873,-0.6620057040752236,20.719443052094995,-1.3564344427233408,0.6395006336426416,1673
beta,btceth,180,90,1.0,1.0,W,q20,20000000.0,none,-0.241619024910054,-0.11441818417191957,0.47354790962554916,-2.0741284222813086,36.95160698863647,0.37847481995501286,-0.9745594302876518,2021
beta,btc,180,90,1.0,0.8,W,rank,20000000.0,none,-0.24626054717529575,-0.08486301771943186,0.34460663184924933,-1.361353893593939,27.064754399143187,0.0510873146661713,-0.6976423096051793,2021
beta,advw_top100,180,90,1.0,0.4,M,q20,5000000.0,fund90,-0.24668014689066056,-0.06022250526927422,0.244131949929345,-0.5910849456197209,13.014188403844946,-0.8212237545432847,0.2388823619385067,1673
beta,btc,180,90,1.0,0.4,W,rank,50000000.0,fund63,-0.24681340601021493,-0.0684147258954495,0.2771920982793698,-0.9541358699561319,23.06387831276288,-0.9410456393023175,0.4047156824745288,1704
beta,btc,180,90,1.0,0.4,M,q20,50000000.0,fund90,-0.2471352040731802,-0.08250073022381203,0.3338283209517265,-1.3515365244458826,15.203665471673633,-1.0197704073020812,0.5723222029632932,1673
beta,advw,180,90,1.0,0.4,M,q20,5000000.0,fund90,-0.24823902520008234,-0.06045659299358928,0.24354185626075853,-0.6166950232078579,12.910266506333658,-0.8839149185799955,0.28608853870818596,1673
beta,sqrt_advw,180,90,1.0,0.8,W,rank,5000000.0,fund90,-0.24906690510457716,-0.05760197233164636,0.23127108078634806,-0.47780988663457047,17.0662819584516,-0.4428795173217089,-0.05925816658711263,1673
beta,advw,180,90,1.0,0.6,W,q20,5000000.0,none,-0.25098378151351247,-0.08667527490853338,0.3453421348019133,-1.4562745408409938,29.43860039737927,0.005636581515675607,-0.546932260431851,2021
beta,btceth,180,90,1.0,0.4,W,rank,20000000.0,none,-0.2525184061536099,-0.07126379311880088,0.2822122719856321,-1.1275742867699694,27.789186014355995,-0.20922095458782994,-0.29834534406255175,2021
beta,eqw,180,90,1.0,0.8,W,q20,5000000.0,fund90,-0.2565595183167347,-0.08023846109247097,0.312747940980357,-0.6432834613638032,21.625236885114145,-0.5063107911539587,-0.03565009328641394,1673
beta,advw,180,90,1.0,0.6,W,q20,5000000.0,fund63,-0.25858953317437017,-0.06951198530432923,0.2688120607629405,-0.7508464336103622,22.50750158150548,-0.6759588911536039,0.1061257752824223,1704
beta,advw_top100,180,90,1.0,0.8,W,rank,5000000.0,fund90,-0.26100694548576425,-0.060085370485244025,0.23020602142758373,-0.4769911321926593,16.578798773929407,-0.4492846065778685,-0.06719561756576925,1673
beta,advw_top100,180,90,1.0,0.6,M,q20,5000000.0,fund63,-0.26124495604892733,-0.06990593393364401,0.2675876885468045,-0.6686428768200903,14.137686215526124,-0.5778597757455125,0.024364769322757537,1704
beta,sqrt_advw,180,90,1.0,0.8,W,q20,5000000.0,fund90,-0.2619059306530561,-0.0827511825881457,0.3159576508321427,-0.6810308495266661,21.938246604925247,-0.44981415541369085,-0.08725133827785066,1673
beta,btc,180,90,1.0,0.6,M,q20,5000000.0,none,-0.2625655920790002,-0.09399170244388183,0.35797417970745304,-1.7454634740541488,18.799178224662068,0.2932541702582639,-1.0227282069493606,2007
beta,advw_top100,180,90,1.0,0.6,W,q20,5000000.0,none,-0.2641288233585125,-0.09174741690803119,0.34735859472443403,-1.510319001354212,29.659224277888587,0.012974608916645909,-0.5770998246102373,2021
beta,advw,180,90,1.0,0.8,M,q20,5000000.0,fund63,-0.265065465742913,-0.08220296644183901,0.31012326034794613,-0.8044539433151965,14.197234937154334,-0.299994236132222,-0.23415256672698517,1704
beta,advw,180,90,1.0,1.0,M,q20,5000000.0,fund63,-0.266231595111598,-0.10189779878309711,0.38274119471200985,-0.9443237932704562,14.581257766178307,-0.06464206421119824,-0.44788137967876207,1704
beta,advw_top100,180,90,1.0,1.0,W,rank,5000000.0,fund90,-0.2702583835233945,-0.07477913279886698,0.2766949606667571,-0.5699188597336168,16.733831460417612,-0.2805938090028042,-0.259374090045391,1673
beta,btc,180,90,1.0,0.6,M,rank,50000000.0,fund63,-0.27112042802822434,-0.07078177529264719,0.26107134680857985,-1.0854379370208203,14.700407866952544,-0.8929607919753985,0.30930824602682433,1704
beta,btceth,180,90,1.0,0.8,W,rank,50000000.0,fund63,-0.2729908618153404,-0.07459330023708534,0.27324467837880445,-0.7491279306781962,22.51470361502878,-0.6834368191128877,0.06415594689317722,1704
beta,advw,180,90,1.0,0.8,W,rank,5000000.0,fund90,-0.2730910873378235,-0.06199606682390607,0.2270160752160128,-0.47344338356582993,16.467209468852907,-0.47411006214075213,-0.06954095136375102,1673
beta,eqw,180,90,1.0,0.6,W,rank,5000000.0,fund90,-0.2732773917960505,-0.05412900166939965,0.1980734714776429,-0.4090678347823796,16.73500224767583,-0.6967739249080068,0.11071578357972513,1673
beta,sqrt_advw,180,90,1.0,1.0,W,rank,5000000.0,fund90,-0.2749955972345973,-0.07746815021955404,0.28170687457758226,-0.5679521128239835,17.3856245160333,-0.27397605930949115,-0.2758507041593482,1673
beta,btceth,180,90,1.0,0.4,W,rank,5000000.0,fund63,-0.27676801508689525,-0.05268010004907518,0.1903402748057268,-0.559490877474481,17.826734257088695,-0.9021012293456083,0.2636278669725341,1704
beta,btc,180,90,1.0,0.6,W,q20,50000000.0,none,-0.27808227155250326,-0.12270326572817224,0.4412480703754797,-1.7895488451646497,39.687467934203454,0.17478693946705492,-0.8081721119340144,2021
beta,sqrt_advw,180,90,1.0,1.0,W,q20,5000000.0,fund90,-0.28045998684660545,-0.10997956601120118,0.3921399528245479,-0.8262546789801788,22.8679693470654,-0.2661995977619267,-0.29400393752927345,1673
beta,eqw,180,90,1.0,0.8,M,rank,5000000.0,fund90,-0.28193789985923984,-0.06510680351559606,0.2309260427494893,-0.5391554394412359,10.875176205380042,-0.29167349642427215,-0.27293730492419443,1673
beta,btc,180,90,1.0,0.4,W,rank,50000000.0,fund90,-0.2842631567044245,-0.07500368419631388,0.2638529912418526,-0.8667987209162311,21.374323077770832,-1.294463513442667,0.6706375865321768,1673
beta,advw,180,90,1.0,1.0,W,rank,5000000.0,fund90,-0.2853030445879831,-0.07751316261687105,0.2716871203698885,-0.5596226692038229,16.584533967841924,-0.3070001381194126,-0.26225139656153484,1673
beta,btceth,180,90,1.0,0.6,W,rank,20000000.0,fund63,-0.28541876491299994,-0.0656218346491535,0.22991422679989537,-0.6480434990505137,21.88561110297315,-0.7833006294153987,0.1124833347413134,1704
beta,btceth,180,90,1.0,1.0,M,rank,20000000.0,fund63,-0.2876989603925355,-0.0806434856225537,0.28030509916519686,-0.5879219450183493,14.40972408601295,-0.18655692077602798,-0.37777018910869464,1704
beta,advw_top100,180,90,1.0,1.0,M,q20,5000000.0,fund63,-0.2881985359447872,-0.11341295407572607,0.3935236995702629,-0.9481501190357307,14.823373513116445,-0.06613153635021414,-0.4939070498875723,1704
beta,btc,180,90,1.0,0.6,M,rank,5000000.0,none,-0.2903700982353157,-0.0773781565754904,0.26648114611575185,-1.2210908256967008,14.285262254700282,-0.03792345985803348,-0.6341513401054905,2007
beta,advw_top100,180,90,1.0,0.8,M,q20,5000000.0,fund63,-0.293423152109244,-0.09293603632026759,0.3167304135757722,-0.8059004409818848,14.391960334878238,-0.29637856775455806,-0.29100847355769066,1704
beta,eqw,180,90,1.0,1.0,W,q20,5000000.0,fund90,-0.2951517102086993,-0.11486612108860764,0.38917653910047395,-0.8046339462574089,22.500671546082778,-0.32662178630592426,-0.2681461690565963,1673
beta,advw,180,90,1.0,0.4,W,q20,5000000.0,fund90,-0.2966739776253257,-0.07472672057764453,0.2518816148817005,-0.7931999357343809,20.795906792456616,-1.1773407206702637,0.4395755068287701,1673
beta,advw,180,90,1.0,0.8,W,q20,5000000.0,fund63,-0.300453870943543,-0.09349656056166948,0.31118440999962355,-0.6481698233902788,22.895807042441955,-0.3888108704146725,-0.2252234343000466,1704
beta,btceth,180,90,1.0,1.0,M,rank,5000000.0,fund90,-0.30164511410512707,-0.08983733289622116,0.2978245915327895,-0.634540934114308,10.152013104279119,-0.23620519389546074,-0.3939968415951634,1673
beta,btc,180,90,1.0,0.8,M,q20,20000000.0,fund90,-0.3023877525794126,-0.0983603498712565,0.3252788812781869,-0.7182485859634768,14.601887864301434,-0.7077969611253325,0.17485356511615913,1673
beta,advw,180,90,1.0,1.0,W,q20,5000000.0,fund63,-0.30266395060204637,-0.11491673195156722,0.37968423964261244,-0.732133120444545,23.564161534733373,-0.13564188471120417,-0.4468687781148642,1704
beta,btceth,180,90,1.0,0.8,W,rank,50000000.0,fund90,-0.302840123063256,-0.07982819050595316,0.26359846145379806,-0.7166515246202855,20.88318261912219,-1.0967494825065216,0.4302204645888948,1673
beta,advw,180,90,1.0,0.4,W,q20,5000000.0,none,-0.30293573638646004,-0.1032560873428075,0.3408514577200031,-1.378596844909767,29.251073305947433,-0.1423821370215258,-0.48072898828706984,2021
beta,btceth,180,90,1.0,0.6,M,rank,5000000.0,fund90,-0.3034659322656355,-0.062067334708882364,0.20452817963946088,-0.4341074687451663,10.185942975828947,-0.5383093232133026,-0.05839969741239013,1673
beta,btc,180,90,1.0,0.4,M,rank,20000000.0,fund90,-0.3056369225114564,-0.06414633067854168,0.20987755717288128,-0.6463449009405006,13.485920829359898,-1.1740984292366483,0.43682058907649296,1673
beta,advw_top100,180,90,1.0,0.6,W,q20,5000000.0,fund63,-0.3076563054566317,-0.0837118307964887,0.2720952872142222,-0.7982934804755879,22.632174057135003,-0.7394793688244994,0.07433018395824266,1704
beta,btc,180,90,1.0,0.6,M,rank,20000000.0,fund63,-0.3084307808848547,-0.06929792772547477,0.22467902693326022,-0.6143201043281,14.284936781870686,-0.5511818289612583,-0.10445213737615347,1704
beta,btceth,180,90,1.0,0.8,M,rank,20000000.0,fund90,-0.3121402395392169,-0.07412097056072216,0.23746047824573957,-0.4933271838934241,13.287896668987013,-0.7555925824992081,0.13698871224907477,1673
beta,advw_top100,180,90,1.0,0.4,W,q20,5000000.0,none,-0.31703911028740045,-0.10859677413599994,0.3425343139449118,-1.432105412681579,29.427948022347728,-0.13591793344132463,-0.5141404907266948,2021
beta,btceth,180,90,1.0,0.8,W,q20,20000000.0,none,-0.31743645751616284,-0.130522585675766,0.41117704846211683,-1.9099352308581166,36.154215177138866,0.2655765478780657,-0.9884013416380779,2021
beta,btceth,180,90,1.0,0.8,M,rank,5000000.0,fund90,-0.317944394529412,-0.0775356298942272,0.24386537780918366,-0.4988675481528583,10.120823640668394,-0.35844208195832905,-0.2722752768202092,1673
beta,btceth,180,90,1.0,0.4,M,q20,5000000.0,fund63,-0.32185396422701457,-0.08037538540555063,0.2497262558147618,-0.6319135669642794,13.968358985810546,-0.8371210151595577,0.09514670438740569,1704
beta,btc,180,90,1.0,0.4,W,q20,20000000.0,fund63,-0.3257740370251932,-0.09616714593781435,0.29519585666176773,-1.0622347612834921,27.18513197667896,-0.7603853563751057,0.06358381343633979,1704
beta,eqw,180,90,1.0,1.0,M,rank,5000000.0,fund90,-0.3261310067853816,-0.0921981002642974,0.2827026512231343,-0.6575929530286788,11.056871005411294,-0.17727701027949982,-0.4651855113823554,1673
beta,btc,180,90,1.0,0.8,W,q20,20000000.0,none,-0.326228296991357,-0.1523654123485934,0.4670514904862165,-1.8667317498691802,36.151849132982456,0.024311414028102246,-0.8578840685538187,2021
beta,btc,180,90,1.0,0.4,W,q20,50000000.0,none,-0.32777571042587617,-0.1413582891079967,0.4312652970054769,-1.736577632729697,39.93385873149172,0.03598306055513518,-0.711169731842902,2021
beta,advw_top100,180,90,1.0,1.0,W,q20,5000000.0,fund63,-0.3335390426104475,-0.12915530331777675,0.3872269414307277,-0.7531369999077574,23.808111802767918,-0.1802999281759782,-0.4685872701563086,1704
beta,btc,180,90,1.0,0.6,W,rank,5000000.0,none,-0.3336739769006394,-0.09169927468801725,0.2748169801546233,-1.3783051653050546,22.100802041284282,0.05205217081621034,-0.8799743027029012,2021
beta,btc,180,90,1.0,0.6,M,q20,50000000.0,fund63,-0.3338774261828229,-0.11595044611872153,0.3472844733600826,-1.3659047803745468,16.36489405273179,-0.7286083775739328,0.0670682460992379,1704
beta,btc,180,90,1.0,1.0,M,q20,20000000.0,fund90,-0.34040707104000667,-0.13410372890619882,0.3939510671634613,-0.8363652927893841,14.756724317447722,-0.5947812470657216,-0.011238943101129537,1673
beta,eqw,180,90,1.0,0.8,W,rank,5000000.0,fund90,-0.34054140458646,-0.07794965621626793,0.2288992033462918,-0.5037742409856618,16.896151354110284,-0.5020585679614971,-0.18992691962316988,1673
beta,advw_top100,180,90,1.0,0.8,W,q20,5000000.0,fund63,-0.3414629774492265,-0.1079171304006658,0.3160434293838266,-0.6968944554188109,23.071831882357582,-0.44465711860286583,-0.2517382237261385,1704
beta,btceth,180,90,1.0,1.0,W,rank,50000000.0,fund63,-0.3426069040143139,-0.10137022562863696,0.2958791093842107,-0.7801540879170104,22.408024229303884,-0.531623374634756,-0.1908684745084139,1704
beta,btceth,180,90,1.0,0.4,W,q20,50000000.0,fund90,-0.342974227238142,-0.1227147203159308,0.35779574839809924,-1.3232053643350186,27.323457123631712,-1.4567043990253732,0.567813215940849,1673
beta,btc,180,90,1.0,0.8,M,rank,50000000.0,fund63,-0.3433302946912584,-0.09600343625106263,0.2796241337729728,-1.05047156290216,14.484551861124254,-0.7393445648045038,0.017023419859410166,1704
beta,btceth,180,90,1.0,0.6,W,q20,5000000.0,none,-0.3434825514968002,-0.11754531124970316,0.3422162515605925,-1.9033898100596063,30.027362224491508,0.31392478474918434,-1.1077889055380654,2021
beta,btceth,180,90,1.0,1.0,W,rank,5000000.0,fund63,-0.3435730917499788,-0.0995923356801948,0.2898723388753302,-0.6100440007978687,17.646312833028073,-0.06681541985166434,-0.6060727702910802,1704
beta,advw_top100,180,90,1.0,0.6,M,q20,5000000.0,fund90,-0.3458445251647731,-0.08982203430673952,0.2597179592880499,-0.7250557221638906,13.115056715905027,-0.6048370018856488,-0.10005749035436863,1673
beta,advw,180,90,1.0,0.6,M,q20,5000000.0,fund90,-0.3458612301729364,-0.08882500532158928,0.25682267213695875,-0.7286378395402802,12.97980085646891,-0.6630380004930204,-0.05120606615717265,1673
beta,btc,180,90,1.0,0.6,M,rank,50000000.0,fund90,-0.34941914942404256,-0.08722927861772539,0.24964080749869566,-1.0560248475692777,13.507941096959597,-1.2602803813580268,0.6223447836354046,1673
beta,btc,180,90,1.0,0.6,W,rank,50000000.0,fund63,-0.35016638819812373,-0.0946759227897979,0.27037410208609275,-0.8967762082325531,22.559579984328344,-0.8287163150375735,0.09806470302575937,1704
beta,btceth,180,90,1.0,0.6,W,rank,5000000.0,fund63,-0.3518626667511658,-0.07180442125177859,0.20406945105818247,-0.4711187484567576,17.60223443082744,-0.5881820727641128,-0.14113872553645856,1704
beta,btc,180,90,1.0,0.4,W,rank,20000000.0,fund63,-0.3536698870529967,-0.07957255568072669,0.224991039932113,-0.8384877412450278,22.139178609368862,-1.0098713137443178,0.19172508874691044,1704
beta,btceth,180,90,1.0,0.4,W,q20,50000000.0,fund63,-0.3556261159464092,-0.13303686515229693,0.37409194428326187,-1.4729988076294056,29.222955371105115,-1.0879359119061796,0.24781232785709534,1704
beta,btc,180,90,1.0,1.0,M,rank,5000000.0,fund63,-0.3560049167551238,-0.11372355994230637,0.3194437902118373,-0.6580794075710447,10.95481354149818,-0.0975892492069095,-0.6266664142842203,1704
beta,advw_top100,180,90,1.0,0.4,W,q20,5000000.0,fund90,-0.35888328132746683,-0.09092041724991018,0.2533425823393229,-0.8347188991872434,20.895781533049828,-1.2358495389448059,0.3796090310895312,1673
beta,btceth,180,90,1.0,0.8,W,rank,5000000.0,fund63,-0.36331095165336685,-0.0870074004046205,0.2394846618541624,-0.44755353389657737,17.542841865595445,-0.29224717927432836,-0.42922425379681095,1704
beta,btceth,180,90,1.0,0.8,W,rank,20000000.0,fund63,-0.3652902036430667,-0.09137905206692604,0.25015467470957575,-0.6171828720980183,21.723524000289427,-0.5542658548161367,-0.2099375154928037,1704
beta,advw_top100,180,90,1.0,1.0,M,q20,5000000.0,fund90,-0.3667003610361196,-0.14146816354062877,0.38578681281062144,-1.009347119481287,13.79584546641403,-0.21905114826953376,-0.531209416319012,1673
beta,btceth,180,90,1.0,1.0,M,rank,20000000.0,fund90,-0.3705536530200674,-0.10108230550004073,0.2727872324998145,-0.5999950312451947,13.235981086523225,-0.6462238084736435,-0.0655546916012985,1673
beta,btc,180,90,1.0,0.8,M,rank,20000000.0,fund63,-0.37093859578763283,-0.09424676865470535,0.2540764690570589,-0.6306762703399795,14.145377211800872,-0.36836621954228266,-0.3745624926523658,1704
beta,advw,180,90,1.0,1.0,M,q20,5000000.0,fund90,-0.3713137806293472,-0.139288068173653,0.37512226973523793,-1.0118402938774864,13.571009104084798,-0.25495387197274655,-0.4950786586767259,1673
beta,btceth,180,90,1.0,1.0,M,q20,5000000.0,fund63,-0.37168108404223876,-0.15588500809649194,0.41940527723702176,-0.8686734551248589,14.640944993721867,-0.07829165327672258,-0.6494409900756533,1704
beta,eqw,180,90,1.0,1.0,W,rank,5000000.0,fund90,-0.37216254474401317,-0.10395068461169588,0.27931527790685357,-0.6351094818082317,17.180906463159324,-0.3430235925970241,-0.39953753758650196,1673
beta,btceth,180,90,1.0,0.6,W,rank,20000000.0,fund90,-0.3776285401248212,-0.08384162317445366,0.22202141593095873,-0.5931943341570148,20.381884492014148,-1.212599433777789,0.34422681243371556,1673
beta,advw_top100,180,90,1.0,0.8,M,q20,5000000.0,fund90,-0.37842178633474827,-0.11685671458075647,0.308800176946964,-0.8601027145878678,13.3742842514304,-0.3885535997810497,-0.36781555751887635,1673
beta,btceth,180,90,1.0,1.0,W,rank,50000000.0,fund90,-0.3787780117658817,-0.10849084491729111,0.2864232916042339,-0.7514682541661359,20.80605039149551,-0.9849938495659393,0.22263950645346442,1673
beta,advw,180,90,1.0,0.8,M,q20,5000000.0,fund90,-0.37985032775281635,-0.11499738241052597,0.3027439336194526,-0.8646919668898281,13.196992642312516,-0.43526710545695857,-0.32390260008049154,1673
beta,btceth,180,90,1.0,0.6,W,q20,20000000.0,none,-0.38231531738046026,-0.14293417678694978,0.37386463552206867,-1.7708299664078413,35.77323246426655,0.12275383046012098,-0.9368059546293868,2021
beta,btc,180,90,1.0,1.0,M,rank,50000000.0,fund63,-0.3883773326178082,-0.12299241412450285,0.316682781910798,-1.0468710385271056,14.401936093926246,-0.5805441677772079,-0.22144052940387227,1704
beta,btc,180,90,1.0,0.6,W,rank,20000000.0,none,-0.3885110542404265,-0.11954812913229762,0.307708436677625,-1.3169866168612891,27.21137154421632,-0.159848133993823,-0.7183821947497553,2021
beta,btceth,180,90,1.0,0.4,W,q20,20000000.0,fund63,-0.3890471726501165,-0.11610874137306973,0.2984438637149287,-1.2295870386759256,27.037489035528953,-1.024681758194977,0.136789789972462,1704
beta,btceth,180,90,1.0,0.6,M,q20,5000000.0,fund63,-0.3934128961237281,-0.1093624026778033,0.27798377672756536,-0.6277107808440088,13.991174646391174,-0.54253705234178,-0.268008730335483,1704
beta,btc,180,90,1.0,1.0,M,rank,20000000.0,fund63,-0.39725810207644713,-0.11921540202667283,0.3000955837112955,-0.7661449820500253,14.159228022307035,-0.2172001954793115,-0.5586149557515482,1704
beta,btceth,180,90,1.0,0.8,M,q20,5000000.0,fund63,-0.39897763849030626,-0.13406521885026737,0.33602188673419764,-0.748513599607424,14.206718296080455,-0.27773805124431605,-0.5087481625883186,1704
beta,btc,180,90,1.0,0.6,M,q20,50000000.0,fund90,-0.4001129384468876,-0.1341340781253244,0.33524054144809873,-1.372802442831111,14.97031549843879,-1.0218613109374364,0.31094955501547916,1673
beta,advw,180,90,1.0,0.6,W,q20,5000000.0,fund90,-0.4036320962543058,-0.10569952847843295,0.26187096977500424,-0.6803330379800382,20.936857894955207,-0.9784796447837599,0.11435518603205512,1673
beta,btc,180,90,1.0,0.6,W,rank,50000000.0,fund90,-0.405686394499699,-0.10461190667174078,0.25786397594316757,-0.8292010039410281,20.919556759709344,-1.251688175620942,0.45068288352627295,1673
beta,btceth,180,90,1.0,1.0,W,rank,20000000.0,fund63,-0.40801503400289585,-0.11628279290532269,0.2849963437977076,-0.62444539004783,21.752379695903766,-0.3553567893145627,-0.4553073649331095,1704
beta,btc,180,90,1.0,0.4,M,q20,5000000.0,none,-0.4086898012832741,-0.13186671260425087,0.32265721383355594,-1.6958043871224797,18.81044882332031,0.08818674155262883,-1.0354199483740723,2007
beta,btc,180,90,1.0,0.8,M,rank,5000000.0,fund63,-0.40991361704982254,-0.1040156671842462,0.2537502118930675,-0.5175589830721741,10.878684415657982,-0.31869695384704083,-0.5007040225413358,1704
beta,btc,180,90,1.0,0.4,M,rank,5000000.0,fund63,-0.4103761150573056,-0.07705172255567529,0.1877587893849905,-0.580803634754267,11.10311144547276,-0.9399759091967531,0.05928334106450012,1704
beta,btc,180,90,1.0,0.8,W,q20,5000000.0,none,-0.4132501550820973,-0.17277922985076014,0.4180984029308722,-2.2237568536498804,30.613483173152158,0.08410727590710478,-1.1178948854749082,2021
beta,btceth,180,90,1.0,0.4,W,q20,20000000.0,none,-0.4146199528502945,-0.15214232290462684,0.3669440456464486,-1.6468945466204503,35.78822961402794,-0.04663207822800238,-0.793404825209587,2021
beta,btc,180,90,1.0,0.4,W,q20,20000000.0,fund90,-0.4157444265503326,-0.11926450247848655,0.2868697566629859,-0.9650310977258526,25.426240766549018,-1.0976630367056412,0.20864440401906048,1673
beta,btc,180,90,1.0,0.8,W,rank,50000000.0,fund63,-0.41640075173875024,-0.11897298932464515,0.28571751810690477,-0.8790121629730514,22.294919577381428,-0.6679360196821437,-0.1853953594645279,1704
beta,btc,180,90,1.0,0.6,W,q20,20000000.0,fund63,-0.41749976100407615,-0.12709898051901528,0.3044288701228128,-0.9656808163427566,26.99967037927309,-0.5513340161387996,-0.2948614346308384,1704
beta,btceth,180,90,1.0,0.4,W,rank,5000000.0,fund90,-0.42181563386021825,-0.07763285115321003,0.18404450883614257,-0.497897616467839,16.497238376243885,-1.1290695310652346,0.20629413019101098,1673
beta,btceth,180,90,1.0,0.4,M,q20,5000000.0,fund90,-0.42578767562834186,-0.10155336449340202,0.23850705482148593,-0.5965090857369082,12.880189880651102,-0.9415895175257001,0.008523733033251997,1673
beta,btc,180,90,1.0,0.8,M,rank,50000000.0,fund90,-0.4263461235920744,-0.11480907317142952,0.269286072555636,-1.0387174300801298,13.306997390669695,-1.1352493587842083,0.3897746800112853,1673
beta,btceth,180,90,1.0,0.4,W,q20,5000000.0,none,-0.42803614702111115,-0.1399223390887555,0.3268937449851739,-1.8216178579019595,29.837002159422784,0.12858821115758004,-1.0486813070232417,2021
beta,btc,180,90,1.0,0.4,W,q20,50000000.0,fund63,-0.4295597869579769,-0.15852807138426248,0.3690477465474928,-1.3221149694583345,29.149655363562722,-0.9186744966178034,-0.0011560714508263758,1704
beta,btc,180,90,1.0,0.6,M,rank,20000000.0,fund90,-0.4324865955312414,-0.09428652286221481,0.21801027785936047,-0.5905805159443457,13.192817591874697,-1.0443483896494823,0.16200229876200103,1673
beta,advw,180,90,1.0,1.0,W,q20,5000000.0,fund90,-0.4347428602487528,-0.16171189629833363,0.3719713676397231,-0.8170904684508357,21.956248699819923,-0.5077274981738745,-0.3599132967207358,1673
beta,btc,180,90,1.0,0.4,M,rank,5000000.0,none,-0.4395958236952607,-0.10632436742275429,0.24186846573970439,-1.2025675954259163,14.491608929692497,-0.272485715008934,-0.6453203032440379,2007
beta,btc,180,90,1.0,0.8,M,q20,50000000.0,fund63,-0.4396844986043716,-0.16565656817804242,0.37676235733545904,-1.4146764946526265,16.362264579547087,-0.6392964416696929,-0.24154577500452207,1704
beta,btc,180,90,1.0,0.6,M,rank,5000000.0,fund63,-0.44222624773771607,-0.09243362497939196,0.20901885732077632,-0.522073249470459,10.929970733977008,-0.6144936093291095,-0.2800689642614958,1704
beta,btc,180,90,1.0,1.0,W,q20,20000000.0,fund63,-0.442518867273202,-0.18401471342068354,0.41583472938584704,-1.095594931695014,27.789401181711447,-0.11955267385467293,-0.7598468564544402,1704
beta,advw,180,90,1.0,0.8,W,q20,5000000.0,fund90,-0.4431296019088964,-0.13463996513114473,0.3038387969369411,-0.685623737807126,21.311674775362878,-0.7278938807200293,-0.16745253176366504,1673
beta,btc,180,90,1.0,1.0,M,rank,5000000.0,fund90,-0.44626697433564694,-0.14079365841989597,0.3154919958607603,-0.8429505035920957,10.055169373604283,-0.4289160508824119,-0.49519806302793956,1673
beta,btc,180,90,1.0,0.6,W,rank,20000000.0,fund63,-0.44735751904410803,-0.10276442131719973,0.22971430442653962,-0.7590752595655338,21.755849956054043,-0.7972192865811545,-0.1542771551488758,1704
beta,btc,180,90,1.0,1.0,W,rank,50000000.0,fund63,-0.44987492518827593,-0.14430503597117725,0.3207670129887424,-0.9245985113786583,22.25049666152049,-0.4943068166042351,-0.4112015881224877,1704
beta,btc,180,90,1.0,0.8,W,q20,20000000.0,fund63,-0.44988226135945714,-0.15510747984351617,0.3447734955692882,-0.9059447824511628,27.197519720940484,-0.3215654356738906,-0.5717014795666782,1704
beta,btceth,180,90,1.0,1.0,M,q20,5000000.0,fund90,-0.4563019260375684,-0.1869078954875015,0.40961452236367046,-1.1199725179167563,13.425786548037362,-0.348067569023136,-0.5946900458142811,1673
beta,btceth,180,90,1.0,1.0,W,rank,5000000.0,fund90,-0.4567175472207542,-0.12935066058702863,0.28321806633916574,-0.8049011219624256,16.326199317970705,-0.4477574823805584,-0.4759878566225505,1673
beta,btc,180,90,1.0,1.0,W,rank,5000000.0,fund63,-0.46114703503664084,-0.14153519662499092,0.3069198886072098,-0.8761881868163351,17.56168522857463,-0.09027156740739836,-0.8341811506394055,1704
beta,btceth,180,90,1.0,0.8,W,rank,20000000.0,fund90,-0.46166571054608985,-0.11178949262082317,0.2421438068003597,-0.579778952267142,20.231638944666503,-1.0142210902006343,0.0758432783680231,1673
beta,advw_top100,180,90,1.0,0.6,W,q20,5000000.0,fund90,-0.4624855262317771,-0.12225078826708073,0.26433430093078003,-0.7213751602988977,21.07464185134147,-1.0296874565164025,0.05649184292082017,1673
beta,btceth,180,90,1.0,0.6,W,q20,50000000.0,fund63,-0.46456984924815364,-0.1696999878454255,0.36528411845939424,-1.4129646816794992,29.042796976200343,-0.9963401265394722,-0.03248128094605071,1704
beta,btc,180,90,1.0,1.0,M,q20,5000000.0,fund63,-0.46463426870807056,-0.20276853403707243,0.43640460399289177,-1.1094868919745575,14.531750166945827,-0.061734598076456565,-0.8973537324180633,1704
beta,btc,180,90,1.0,1.0,W,rank,20000000.0,fund63,-0.46648032488314223,-0.14132303138588193,0.3029560387595869,-0.7744047101700294,21.70176780191345,-0.30241936161095084,-0.6145601408742029,1704
beta,btceth,180,90,1.0,0.6,W,q20,50000000.0,fund90,-0.4682506274285947,-0.16394837845029636,0.35012954355367615,-1.2857182333236925,27.140429575415588,-1.4415117426642337,0.3439461401443272,1673
beta,btceth,180,90,1.0,0.4,W,q20,20000000.0,fund90,-0.4683405484595704,-0.13469029889241935,0.2875905136453213,-1.1194374476799405,25.279192836881755,-1.444693547614216,0.3514833027933187,1673
beta,btc,180,90,1.0,1.0,M,rank,50000000.0,fund90,-0.46863104852982224,-0.14400458575155703,0.30728776124271884,-1.052046907184553,13.237155062758518,-1.0040767878483432,0.1880328950050139,1673
beta,advw_top100,180,90,1.0,1.0,W,q20,5000000.0,fund90,-0.47027664133480823,-0.1781987409622552,0.37892322369332515,-0.8849065679535842,22.208828550731948,-0.5354190725097052,-0.40163909853053825,1673
beta,btc,180,90,1.0,0.6,W,q20,20000000.0,none,-0.4720201584115165,-0.19693456182663702,0.4172164224709775,-1.7973392365970997,35.833818625353544,-0.19633659249936664,-0.8793861748904653,2021
beta,btc,180,90,1.0,0.8,W,rank,20000000.0,fund63,-0.47688056559397196,-0.12250682213671489,0.2568920416878977,-0.7095541947443653,21.61207276264261,-0.5377360867733365,-0.4260191993499809,1704
beta,btc,180,90,1.0,0.4,W,rank,20000000.0,fund90,-0.4789336902780975,-0.10367697216456512,0.21647458566626218,-0.7631643398457597,20.587845354498658,-1.444850489353327,0.33439396961205153,1673
beta,btc,180,90,1.0,0.8,W,rank,50000000.0,fund90,-0.48147957042417794,-0.1318894159002414,0.2739252587270698,-0.8400271116199277,20.691575932818658,-1.137401553391531,0.2431444452349924,1673
beta,btc,180,90,1.0,0.4,W,q20,50000000.0,fund90,-0.4858105309774443,-0.1712046380168731,0.35241030628218706,-1.2231196409965353,27.199424396391617,-1.2434544007384225,0.18399364068744176,1673
beta,btc,180,90,1.0,0.4,W,rank,20000000.0,none,-0.48776792302749694,-0.1444878266842087,0.29622248586458083,-1.2748500499946058,27.64908851078061,-0.3670075581933908,-0.6502103855856046,2021
beta,btc,180,90,1.0,0.8,M,rank,20000000.0,fund90,-0.4908470457003075,-0.12158010413648163,0.2476944807990426,-0.6493470579566025,13.055341238258924,-0.8828373526896116,-0.0574180232012252,1673
beta,advw_top100,180,90,1.0,0.8,W,q20,5000000.0,fund90,-0.49146140327213717,-0.1513442181810317,0.30794731218644195,-0.7268862575146898,21.498637889431023,-0.7675681503651258,-0.21793965462602205,1673
beta,btceth,180,90,1.0,0.8,W,rank,5000000.0,fund90,-0.4959127327417949,-0.11561738035427763,0.2331405763974923,-0.5903574855136682,16.230852744683204,-0.6276193791907329,-0.34735336602818656,1673
beta,btceth,180,90,1.0,0.8,M,q20,5000000.0,fund90,-0.49856650001594455,-0.16232769203931874,0.325588847293445,-0.8250534691090754,13.060496868517006,-0.5008697767081173,-0.49680262654411667,1673
beta,btceth,180,90,1.0,0.6,W,rank,5000000.0,fund90,-0.49953897731364383,-0.09886955556672145,0.19792160383241636,-0.48345397085336195,16.28694497429251,-0.8734069818922484,-0.1218693898045601,1673
beta,btceth,180,90,1.0,1.0,W,rank,20000000.0,fund90,-0.5006035343620686,-0.13849381048908982,0.27665368097246035,-0.6385385951111802,20.261228038924337,-0.838570677994821,-0.13416464304705303,1673
beta,btc,180,90,1.0,0.4,W,rank,5000000.0,none,-0.5030402118430121,-0.12876789548877024,0.25597932820717695,-1.3733610243679961,22.3642909621875,-0.19576509386833693,-0.9054737033407082,2021
beta,btceth,180,90,1.0,0.6,M,q20,5000000.0,fund90,-0.5031534891126398,-0.13442447616042372,0.2671639550736185,-0.7157136393046926,12.886584433990123,-0.7096767183450875,-0.3039614616769793,1673
beta,btc,180,90,1.0,1.0,M,rank,20000000.0,fund90,-0.5059824534312021,-0.14879178072519905,0.29406509991839097,-0.8486910699749346,13.060331900446412,-0.750401373060151,-0.20834632631462038,1673
beta,btc,180,90,1.0,1.0,M,q20,50000000.0,fund63,-0.5126148676655744,-0.22284100188469302,0.4347142776008451,-1.51897198248744,16.608351432122284,-0.5409531276306668,-0.4857442638720886,1704
beta,btc,180,90,1.0,0.8,M,q20,50000000.0,fund90,-0.5128775161949078,-0.18768098589001897,0.3659372461527342,-1.439579978949433,14.958334312121327,-0.984083867655018,0.06171098233254037,1673
beta,btc,180,90,1.0,1.0,W,rank,50000000.0,fund90,-0.5167999855975562,-0.16001863797048585,0.3096335960332165,-0.8926372317527939,20.674486669055625,-1.0013649965720117,0.07218636862008436,1673
beta,btceth,180,90,1.0,0.6,W,q20,20000000.0,fund63,-0.5192893931220617,-0.15689444085822732,0.3021329588785736,-1.1355781229604094,26.930030402227676,-0.8383306740108178,-0.25130479194607663,1704
beta,btc,180,90,1.0,0.6,W,q20,20000000.0,fund90,-0.5225626756518358,-0.15496036793234438,0.296539295959187,-0.8795762190237997,25.25769101782016,-0.9565186489001106,-0.08099754975855353,1673
beta,btc,180,90,1.0,0.8,M,rank,5000000.0,fund90,-0.5242290167809869,-0.1301058776532033,0.24818518908418055,-0.6304007192657215,9.99026770787146,-0.6048804731668539,-0.42937211691933497,1673
beta,btc,180,90,1.0,0.6,W,q20,50000000.0,fund63,-0.5375509523596635,-0.1950018100458415,0.36275967736611886,-1.2787727311143067,28.904258178808043,-0.8267204616233148,-0.28690962143441234,1704
beta,btc,180,90,1.0,1.0,W,q20,20000000.0,fund90,-0.5407977978051934,-0.2211391049847615,0.4089127320455923,-1.274288885275836,26.01869614914767,-0.6168538389956745,-0.45190113249182595,1673
beta,btceth,180,90,1.0,0.8,W,q20,50000000.0,fund63,-0.5451408521359616,-0.20780976113878016,0.38120379407366634,-1.4076055666076868,29.239234489882925,-0.863098295742868,-0.29298857905437076,1704
beta,btc,180,90,1.0,0.8,W,rank,5000000.0,fund63,-0.5507033319275866,-0.13481004834302335,0.2447961370982768,-0.6671862350044095,17.433820485010035,-0.3628624008246086,-0.7311180555660429,1704
beta,btc,180,90,1.0,0.8,M,q20,5000000.0,fund63,-0.5507343802443088,-0.18558703862513937,0.3369810298438458,-0.9019373321141047,14.104075284096607,-0.29146198364838455,-0.8083636071920842,1704
beta,btc,180,90,1.0,1.0,M,q20,5000000.0,fund90,-0.5538020645409397,-0.2391221139637447,0.43178263367789876,-1.3573700756252416,13.270142743507341,-0.3716986851679723,-0.8621005888666093,1673
beta,btc,180,90,1.0,0.4,M,rank,5000000.0,fund90,-0.5558034581167444,-0.10017323897176332,0.1802314064600913,-0.5403237115569923,10.228914489034812,-1.1382703351850887,-0.011513562271515886,1673
beta,btc,180,90,1.0,0.8,W,q20,20000000.0,fund90,-0.5562044388515236,-0.1875341263252555,0.3371676190008202,-0.9368389356966816,25.450550203974686,-0.7766660745488502,-0.30225707111951206,1673
beta,btceth,180,90,1.0,0.8,W,q20,50000000.0,fund90,-0.5607442544365657,-0.20561607225891476,0.3666842248174566,-1.2986466805805137,27.31811715759383,-1.354043910235008,0.12877882804390867,1673
beta,btc,180,90,1.0,0.4,W,q20,20000000.0,none,-0.5680734629667724,-0.2280725826564511,0.40148431061246637,-1.7263853287041084,35.99333671603516,-0.403120145532775,-0.8022800877941879,2021
beta,btc,180,90,1.0,0.6,M,rank,5000000.0,fund90,-0.579443091572996,-0.1172503777822557,0.2023501177034655,-0.562314377444931,10.049125490893749,-0.854524785531515,-0.2774494211192449,1673
beta,btc,180,90,1.0,1.0,W,rank,5000000.0,fund90,-0.5827240367669574,-0.17590014546606295,0.3018584001476651,-1.0694786487457808,16.2402341879119,-0.5277899526824755,-0.6924223085240907,1673
beta,btc,180,90,1.0,1.0,M,q20,50000000.0,fund90,-0.5849917452007788,-0.24873498988905518,0.4251940167184499,-1.5621745705100116,15.190798149974887,-0.9296874389172101,-0.14241678883493966,1673
beta,btc,180,90,1.0,0.6,W,rank,20000000.0,fund90,-0.5864628457018991,-0.1297479628173157,0.22123816328386298,-0.6931192651885679,20.231186779707446,-1.2849757742037193,0.06772123124085501,1673
beta,btc,180,90,1.0,0.4,M,q20,5000000.0,fund63,-0.5865548659864313,-0.1428311734680857,0.24350863278217144,-0.766479671295776,13.925318394874202,-0.9132359141930918,-0.30348830855005465,1704
beta,btc,180,90,1.0,1.0,W,rank,20000000.0,fund90,-0.5882355028238723,-0.17341767490004265,0.29480994273133293,-0.9215122163797461,20.19487466542128,-0.844847918174461,-0.27624942368503097,1673
beta,btc,180,90,1.0,0.4,W,rank,5000000.0,fund63,-0.5890520532982264,-0.10980920236049366,0.18641680602868424,-0.6818705719955274,17.786245021242127,-1.0495749350251011,-0.17421798743014094,1704
beta,btceth,180,90,1.0,0.8,W,q20,20000000.0,fund63,-0.589660899156286,-0.1970617483047733,0.334195040890007,-1.0770967491623575,27.14513797171834,-0.616282435551389,-0.56906039935825,1704
beta,btc,180,90,1.0,1.0,W,q20,5000000.0,fund63,-0.5944545773883531,-0.24775987942309838,0.41678521597326107,-1.390960632653068,23.36992660273439,-0.13145853529008164,-1.0817613323295552,1704
beta,btceth,180,90,1.0,1.0,W,q20,50000000.0,fund63,-0.5987789121999697,-0.2504238277384016,0.41822419366493896,-1.4367802312844953,29.804176569757328,-0.7168916033438723,-0.5110520182217015,1704
beta,btc,180,90,1.0,0.8,W,q20,50000000.0,fund63,-0.6025973966469562,-0.23199012450308806,0.38498361558472527,-1.273380928051744,29.056961822879387,-0.6886917265693694,-0.5308871452866976,1704
beta,btc,180,90,1.0,0.6,M,q20,5000000.0,fund63,-0.6075225350464423,-0.16619346371893004,0.2735593399942363,-0.8243456520556636,13.910769682590221,-0.5916685559968312,-0.6227346485077347,1704
beta,btc,180,90,1.0,0.6,W,q20,50000000.0,fund90,-0.6111477071611611,-0.21200347188946278,0.3468939986279895,-1.2010542670019495,26.979223307576643,-1.2226940905789636,-0.04053528611022808,1673
beta,btc,180,90,1.0,0.8,W,rank,20000000.0,fund90,-0.6121168546247862,-0.15209370064868263,0.24847167579123866,-0.728413716369008,20.10181742095404,-1.0535354418753078,-0.13795830023288236,1673
beta,btc,180,90,1.0,0.6,W,rank,5000000.0,fund63,-0.612928071058405,-0.12484217072209378,0.2036816008549195,-0.6280292614663344,17.511453947287645,-0.7090781435706219,-0.5247570142346597,1704
beta,btceth,180,90,1.0,1.0,W,q20,20000000.0,fund63,-0.6145706634452884,-0.23947932868767166,0.38966931376962977,-1.2181111234176374,27.685421433802997,-0.41258973413533734,-0.7951117745689236,1704
beta,btceth,180,90,1.0,0.6,W,q20,20000000.0,fund90,-0.6161675592312823,-0.1796872295625364,0.2916207237309124,-1.0369101513851176,25.180152909912145,-1.3104102507810298,0.0226215841249441,1673
beta,btceth,180,90,1.0,1.0,W,q20,50000000.0,fund90,-0.6214529374915841,-0.2509494001015788,0.4038107875304349,-1.3441301163776993,27.845331181706285,-1.233342976464979,-0.05763706888623349,1673
beta,btceth,180,90,1.0,1.0,W,q20,5000000.0,fund63,-0.6246253358254512,-0.2487347710346247,0.39821434829555574,-1.291901576231081,23.592262203106706,-0.24009007539872057,-0.975086858593978,1704
beta,btc,180,90,1.0,1.0,W,q20,50000000.0,fund63,-0.6297157399050007,-0.2741754891329386,0.4353956424438443,-1.3765699957025275,29.6168229475852,-0.5338182403417389,-0.7148406832997384,1704
beta,btc,180,90,1.0,0.6,W,q20,5000000.0,none,-0.6386397694497467,-0.22937674590720003,0.3591645194674166,-2.2018928330816503,30.116398514801084,-0.1719878482580863,-1.2880820218397586,2021
beta,btceth,180,90,1.0,0.4,W,q20,5000000.0,fund63,-0.6587778227599863,-0.16251087972851397,0.24668541367659522,-1.0467422372308766,22.511732525527037,-1.1723821696406658,-0.22653423917050308,1704
beta,btc,180,90,1.0,0.8,M,q20,5000000.0,fund90,-0.667885706041707,-0.21990210350917477,0.3292511001806687,-1.0353722063456097,12.868800930640518,-0.5481110795519724,-0.8312929754754723,1673
beta,btc,180,90,1.0,0.8,W,q20,50000000.0,fund90,-0.6847113768813156,-0.25307426532848654,0.36960721535134233,-1.230618958026129,27.139754566537583,-1.1336963742864359,-0.22890931824165114,1673
beta,btceth,180,90,1.0,0.8,W,q20,20000000.0,fund90,-0.6906227051895024,-0.22344733131706665,0.3235447222311553,-1.1186378503285044,25.387393991871452,-1.110723907866811,-0.25957555595897286,1673
beta,btceth,180,90,1.0,0.8,W,q20,5000000.0,fund63,-0.6924183381523449,-0.22233501376777676,0.3210992567889773,-1.1237104415583163,22.918151576722718,-0.5134414867323822,-0.8517868992272143,1704
beta,btc,180,90,1.0,0.8,W,rank,5000000.0,fund90,-0.7007301093207335,-0.16746765937017616,0.23899024337988586,-0.832140786493343,16.116351578651436,-0.7562635612681962,-0.6408493187809915,1673
beta,btceth,180,90,1.0,1.0,W,q20,20000000.0,fund90,-0.7108216064905879,-0.2691120890883664,0.37859300650272193,-1.294025185757188,25.90223091830201,-0.9225584938948647,-0.4713982492744523,1673
beta,btc,180,90,1.0,1.0,W,q20,5000000.0,fund90,-0.7112078460597512,-0.29280121182102253,0.411695699707485,-1.6179508136515917,21.72299917421736,-0.5583697558822637,-0.973743692394253,1673
beta,btc,180,90,1.0,1.0,W,q20,50000000.0,fund90,-0.7121575015969235,-0.29940347971484654,0.42041750461586375,-1.4023357281741347,27.69306146381705,-1.0155449355048787,-0.3708971967750186,1673
beta,btceth,180,90,1.0,0.6,W,q20,5000000.0,fund63,-0.7216842278588808,-0.19398373854060563,0.26879309683145447,-1.0525331267667701,22.56689314512643,-0.8495770962805261,-0.6157788877504621,1704
beta,btc,180,90,1.0,0.8,W,q20,5000000.0,fund63,-0.7250222691309265,-0.2352965828900895,0.3245370423892442,-1.1573346960597601,22.692348366324367,-0.4363027112385329,-1.0070486531752971,1704
beta,btc,180,90,1.0,0.4,M,q20,5000000.0,fund90,-0.7353726960453337,-0.17124551204658886,0.2328690104589252,-0.8779065641786628,12.751324183243957,-1.0476883030337651,-0.45042334581522636,1673
beta,btceth,180,90,1.0,1.0,W,q20,5000000.0,fund90,-0.7464789353467887,-0.2895316881538066,0.38786317261491116,-1.5199861281992806,21.957125918106247,-0.6869516809475622,-0.8272145547168412,1673
beta,btc,180,90,1.0,0.6,M,q20,5000000.0,fund90,-0.7496060972554561,-0.19791453117196312,0.2640247083055894,-0.9533592052921295,12.712927797156574,-0.7881352101613995,-0.7088691670593228,1673
beta,btc,180,90,1.0,0.4,W,rank,5000000.0,fund90,-0.7703044670002941,-0.1386024817106755,0.17993207575495282,-0.6877441540506981,16.44508207452373,-1.358550490307414,-0.22360413920025404,1673
beta,btc,180,90,1.0,0.6,W,rank,5000000.0,fund90,-0.78814661988591,-0.15568977194592146,0.19753909744415155,-0.7250775512573068,16.187586947447624,-1.0608497090977254,-0.4977383262455733,1673
beta,btc,180,90,1.0,0.4,W,q20,5000000.0,none,-0.8036070696878368,-0.26969482437285636,0.33560534065189346,-2.16670789747178,30.041921129031866,-0.4246760088867509,-1.3097791370580198,2021
beta,btc,180,90,1.0,0.4,W,q20,5000000.0,fund63,-0.8069424307958022,-0.19457939792167755,0.24113169725104727,-1.0723097117111149,22.41308541899094,-1.1782240593676034,-0.47719447134949433,1704
beta,btc,180,90,1.0,0.6,W,q20,5000000.0,fund63,-0.8181891005843505,-0.21793104134383612,0.26635779086789324,-1.1120754649759614,22.38629078296263,-0.8142414199190552,-0.8226784705314414,1704
beta,btceth,180,90,1.0,0.4,W,q20,5000000.0,fund90,-0.8262720835862601,-0.19473266213100132,0.23567619673873666,-1.0349390609370408,20.98958689605381,-1.552885589034615,-0.19848611704109,1673
beta,btceth,180,90,1.0,0.8,W,q20,5000000.0,fund90,-0.8390863936024184,-0.26066649388263663,0.31065513142636825,-1.2539758445806528,21.341435653359877,-0.9379311717169968,-0.7329349843347719,1673
beta,btc,180,90,1.0,0.8,W,q20,5000000.0,fund90,-0.873425514237464,-0.27741912523500606,0.3176219617046615,-1.277759865791432,21.0882942168987,-0.8286364710996134,-0.938938162485538,1673
beta,btceth,180,90,1.0,0.6,W,q20,5000000.0,fund90,-0.8890188772754869,-0.22954647839737138,0.25820202952365445,-1.150487507830033,21.026973916464197,-1.2571127011907852,-0.5345590063423041,1673
beta,btc,180,90,1.0,0.4,W,q20,5000000.0,fund90,-0.9939837997667613,-0.2308144878268799,0.2322115188205689,-1.157873777220508,20.84681351302846,-1.5033384545089992,-0.5277667194484212,1673
beta,btc,180,90,1.0,0.6,W,q20,5000000.0,fund90,-0.9952793324587903,-0.25719403547218783,0.2584139216844804,-1.2308480166070097,20.80944707900967,-1.1753852131713034,-0.8076772937845805,1673
