signal,rebal,scheme,minvol,timing,win,sharpe,ann,vol,maxdd,turnover,sh_h1,sh_h2,n,market
funding,W,rank,20000000.0,none,7.0,1.40141855272688,0.3492283656950955,0.2491963339685827,-0.2543771443840275,79.14096617285072,1.1977941091746283,1.6443661791472166,2021,
funding,W,rank,5000000.0,none,7.0,1.2333521902708908,0.2834925311514405,0.22985529469013616,-0.32120880740249114,76.78950267867968,0.8638180817234118,1.672089826264072,2021,
beta+idvol,M,q20,20000000.0,fund63,0.75,1.1484148413837398,0.34807430915295673,0.30309109270440765,-0.35966313791986015,13.399378803625257,0.9860257539226751,1.2933346000334804,1704,
beta+funding,W,rank,5000000.0,none,0.75,1.1369985663099917,0.2895662926637403,0.25467604027285357,-0.34503497558839,39.77941615213181,0.8802127557686086,1.4659157035204384,2021,
beta+idvol,M,q20,20000000.0,fund90,0.75,1.1367115628784665,0.32976959776147013,0.29010842198737097,-0.3550665170506216,12.405542010075916,1.0034997298170645,1.2558864044408522,1673,
beta+idvol,M,q20,50000000.0,none,0.25,1.1210675908148784,0.5151591038371823,0.459525463101404,-0.6551548039891273,20.333289122616556,0.8855588124118093,1.3672794219959954,2007,
funding,W,rank,20000000.0,fund90,7.0,1.118780266447711,0.2075355117702398,0.18550158417541185,-0.2871742646269032,53.81151606604391,0.16423026794384535,1.8172351975170316,1673,
beta+idvol,M,q20,50000000.0,fund90,0.25,1.0910801545322848,0.41200569419576893,0.3776126735366973,-0.48732323429698954,13.275175856420285,0.8367098562877299,1.3186608726638904,1673,
beta+idvol,M,q20,50000000.0,fund63,0.25,1.084948568551751,0.4258476087845072,0.392504880994453,-0.6168342625238741,14.45025269132107,0.8315474084570712,1.3070615805022157,1704,
beta+idvol,M,q20,50000000.0,none,0.5,1.0800645452005153,0.4853502373187902,0.4493715116152473,-0.6313781807998953,20.4813075291456,0.9936385600510135,1.1884928928176612,2007,
funding,W,q20,5000000.0,none,7.0,1.0756179890015352,0.33207380228928907,0.30872838283184856,-0.37205151609313813,96.83796459965616,0.7332421388106981,1.4529828424338516,2021,
funding,W,rank,50000000.0,none,7.0,1.055405931383007,0.3213089082079436,0.3044410673217455,-0.4317300211007651,80.61616945232302,1.1424524307917736,0.9603775092441257,2021,
funding,W,rank,5000000.0,none,21.0,1.0470833968356925,0.2534206042318909,0.24202523409093596,-0.37894587042577066,41.847801703660906,0.8441671952024005,1.2864107961838864,2021,
beta+funding,M,q20,20000000.0,fund90,0.25,1.0456718973318149,0.30639694399575074,0.2930144195110985,-0.3242388144663799,14.310631399919403,0.2814306572893522,1.7166864358848228,1673,
beta+funding,W,rank,20000000.0,none,0.75,1.0385491011484576,0.3093057539622015,0.2978248728155099,-0.33424228229062214,44.40398303851366,1.085697087002865,0.9891789070499735,2021,
beta+funding,M,q20,20000000.0,fund63,0.25,1.0232810923668119,0.30893214127501245,0.3019034980510229,-0.36014445855271165,15.500314810922426,0.3946665558589334,1.55765622460143,1704,
beta+idvol,M,q20,50000000.0,none,0.75,1.0224337068810327,0.4763677137973376,0.4659155019942689,-0.6547685030538548,20.571055044756342,1.0485183851138116,1.0041294586076102,2007,
funding,W,rank,20000000.0,fund63,7.0,1.0205112970672137,0.19512834862110584,0.19120645619688242,-0.3248848131857781,56.900938597938215,-0.11133831575160853,1.8596390727167933,1704,
funding,W,rank,20000000.0,disp63,7.0,1.0068088940112656,0.3291432959197985,0.32691735033095126,-0.398646973615603,97.002280996021,0.19523789310820577,1.8131955540357192,1734,
beta+idvol,M,q20,50000000.0,fund90,0.5,1.0032168108151258,0.3482989635271704,0.347182144250726,-0.4661920842488809,12.95791374989435,1.1045482515126166,0.9105702269869832,1673,
beta+idvol,M,q20,20000000.0,fund63,0.5,0.9984984534502166,0.30312409056001366,0.30357992995642313,-0.2596123598963511,13.086249667079041,0.9492498991107379,1.0449013225321662,1704,
beta_horizon,M,q20,20000000.0,fund63,1095.0,0.9970588181912661,0.2890583880073225,0.2899110691701162,-0.42854328272155706,12.419583290600585,0.19605290888282292,1.6615360748397758,1704,
beta+idvol,M,q20,20000000.0,fund90,0.5,0.9941426319897594,0.28918730165290285,0.29089115821750783,-0.2543833627309196,11.998034021294684,0.8702144961597565,1.109427241433563,1673,
beta+idvol,W,q20,20000000.0,fund63,0.75,0.9934850773101678,0.3260844914700507,0.32822283788390155,-0.3954794941608718,21.19579015080873,1.031127412687546,0.9880677920912879,1704,
beta+idvol,M,q20,50000000.0,fund63,0.5,0.9892464290864934,0.36011280036475246,0.3640273947688584,-0.5814845922828256,14.057518485375589,1.1016183856795583,0.8898247453965173,1704,
beta+idvol,M,q20,5000000.0,fund63,0.5,0.9864108140051371,0.24953737990666056,0.25297510566967585,-0.31225756051514997,10.713685337779076,0.5295753005488417,1.3796699948605289,1704,
beta+idvol,W,q20,20000000.0,fund90,0.75,0.983315522749899,0.31143284438902646,0.3167171037004342,-0.39301939675011005,19.741335356675314,1.0425003061193552,0.9685180659045975,1673,
beta+funding,M,rank,50000000.0,none,0.5,0.9793619671476554,0.31081109638215354,0.3173607989774974,-0.32405947050633577,22.783765363379256,0.9475516265934608,1.013906104600411,2007,
beta+funding,M,q20,50000000.0,none,0.5,0.9724696583654366,0.4190478394763914,0.430910965572687,-0.46583845457371975,28.12356485029344,1.2683502876986148,0.6417244041056379,2007,
beta+idvol,M,q20,50000000.0,disp63,0.25,0.9656273604655868,0.581843736710391,0.6025551475983958,-0.970070665238135,24.493380635897037,0.856651202644184,1.0867319641827329,1734,
beta+idvol,M,q20,5000000.0,fund90,0.5,0.9570574410450959,0.22487736472928432,0.23496746912465438,-0.31013827334502303,9.834177894143465,0.6306167517571515,1.2502396149479116,1673,
beta+funding,W,rank,5000000.0,none,0.5,0.9542586015743066,0.2559497318159223,0.26821841730707396,-0.46616682495564504,31.851662435734436,0.6617335167895724,1.358040800502447,2021,
funding,W,rank,5000000.0,fund90,7.0,0.9490106214414115,0.1508541420515581,0.15895938216416608,-0.20764806522184281,52.04910476741807,0.26305673030444277,1.5097405193542823,1673,
beta+funding,W,rank,5000000.0,fund90,0.75,0.9453445881354517,0.15822816893683303,0.1673761831639762,-0.350760311652074,28.12240242240981,0.1255306539269607,1.5590065289754442,1673,
beta+idvol,W,q20,50000000.0,fund90,0.75,0.9381167988558327,0.3305085538167107,0.35231066560135477,-0.357341257900083,21.853942314112025,1.111428538746936,0.7863815300307774,1673,
beta+funding,M,q20,50000000.0,fund90,0.25,0.9304601931364181,0.3418581866453995,0.3674076431932628,-0.3477888762161552,15.372730405232673,0.3957156263897105,1.3910176253202542,1673,
beta_horizon,M,q20,20000000.0,fund90,1095.0,0.9292009567000458,0.2576137102780952,0.2772421922519126,-0.43503013758570674,11.444534492015793,0.15115357974793844,1.5666636386395414,1673,
beta_horizon,M,q20,20000000.0,none,1095.0,0.9235191826704854,0.3496425629548743,0.3785980513624348,-0.5525377091324193,15.999197431723424,0.3624220543071933,1.5857462175047943,2007,
funding,W,q20,5000000.0,none,21.0,0.9213590112670711,0.28234480551836044,0.3064438531187471,-0.39145281946244365,54.259690468686365,1.0283568267623737,0.8113588416112729,2021,
beta_horizon,M,q20,50000000.0,none,1095.0,0.9181299171295312,0.47084999978992265,0.5128359189753908,-0.7404994979306925,19.77985234006203,0.871087831923013,0.9950031670779226,2007,
funding,W,q20,20000000.0,none,7.0,0.9156919030792404,0.3085869861360787,0.33699870567641654,-0.49740735101842337,97.61734138073058,0.7157482540123734,1.141218555259789,2015,
funding,W,rank,20000000.0,none,21.0,0.9154487177310391,0.2506085855489,0.2737549146062918,-0.325933545888099,46.879515954054696,1.1308121550576298,0.6952058016600547,2021,
funding,W,rank,50000000.0,fund90,7.0,0.914261969586918,0.21452133081451252,0.23463879932732798,-0.544254567858539,53.51072317477347,0.1016733055341026,1.595557754337474,1673,
beta+funding,M,q20,50000000.0,none,0.75,0.9041373879493365,0.3712630995438679,0.4106268632314004,-0.6053661206504999,32.49373367971286,1.340754291790079,0.40819330047138935,2007,
beta+idvol,W,q20,50000000.0,disp63,0.75,0.9024049570647089,0.5282765426697065,0.5854096196324697,-0.7187862468839259,40.131268456676636,1.0349510850262063,0.7493542307006646,1734,
beta_horizon,W,q20,20000000.0,fund90,1095.0,0.9008517278924354,0.2600732104313978,0.28869702125103913,-0.5103374189471316,18.50864333665801,0.37695160792830634,1.3135005287227597,1673,
beta+funding,M,q20,50000000.0,fund90,0.5,0.8946562851083155,0.30650360642440755,0.3425936994197713,-0.3051757551749512,17.822738215213672,0.8143361564853943,0.9682987668684052,1673,
beta+idvol,W,rank,20000000.0,fund90,0.75,0.8939992043226086,0.2131376952164013,0.2384092672407887,-0.4025889081204363,15.782434855619698,0.6666825977886776,1.0820956347873947,1673,
beta+idvol,M,rank,20000000.0,fund63,0.25,0.8921483032854928,0.2054157027948776,0.23024838139398818,-0.29329508710234575,12.756756118917252,0.4498087456037103,1.2647218634303432,1704,
beta+idvol,W,rank,20000000.0,fund63,0.75,0.8850688171237358,0.22046468378324735,0.24909326768477213,-0.3920210710709684,17.02068383840328,0.5987671936672055,1.1206771150072132,1704,
beta+idvol,M,q20,50000000.0,disp63,0.5,0.8849248962607054,0.5021257884047023,0.5674219253254824,-0.9305941264707323,24.309517270860542,1.0646390105476327,0.6725208696133402,1734,
beta+funding,M,q20,50000000.0,none,0.25,0.8843787062060056,0.4077193639251075,0.4610234971330642,-0.5073417764756232,24.166624047993327,0.6854916870598037,1.0935622959980436,2007,
beta+funding,W,q20,5000000.0,none,0.75,0.8775261533430957,0.3296696184988928,0.3756806760037366,-0.4920048056994939,51.61009743607306,0.8086192934302298,0.9864612477225555,2021,
beta+idvol,W,q20,50000000.0,fund63,0.75,0.8772538137853044,0.32197703828497515,0.3670283710659073,-0.3969552951699933,23.483849942479925,1.0488721279375302,0.7253201562988313,1704,
beta+idvol,M,rank,5000000.0,fund63,0.75,0.8759667518062049,0.17703514883383867,0.2021025894747717,-0.30012610601894135,9.01591780512731,0.722790819130785,1.008385699891899,1704,
beta+idvol,M,rank,20000000.0,fund90,0.25,0.8743534497144587,0.19213724486083733,0.2197477975566796,-0.3068625595561867,11.763014134136554,0.3806375844835139,1.3037882195806187,1673,
beta+funding,M,q20,50000000.0,fund63,0.25,0.8725299807820832,0.33112358052499974,0.3794982267866607,-0.42654814602158897,16.565042673402612,0.24412377989279613,1.395811252753288,1704,
funding,W,rank,50000000.0,fund63,7.0,0.8722604832807213,0.20993271315843548,0.24067662949586174,-0.6168033263837582,56.90400111476139,0.06021104106933937,1.5665641241306172,1704,
beta+idvol,M,q20,20000000.0,none,0.5,0.8714940419571453,0.3183195707228842,0.3652573114648295,-0.5365369436599838,17.28702006713805,0.35244071324597187,1.484729354910147,2007,
beta+idvol,M,rank,20000000.0,fund63,0.5,0.865516335910019,0.19817216049963196,0.22896409030948017,-0.35388389741141935,12.433475649744706,0.5443400982273711,1.1443203967756108,1704,
beta+idvol,M,rank,5000000.0,fund63,0.5,0.8638147008061126,0.1705481672454089,0.19743605554090848,-0.26622089047601255,9.123995773656118,0.41340663923127124,1.2507581727016153,1704,
beta+funding,M,q20,20000000.0,none,0.25,0.861975348779266,0.3229523634293798,0.3746654285261714,-0.5653121447921932,20.873531413183944,0.6026198518945923,1.1400098677761024,2007,
beta+idvol,M,q20,50000000.0,fund63,0.75,0.859097652125481,0.31431883170226477,0.3658709006183559,-0.5320489122708929,14.356499364134223,1.1713255676279881,0.5794325782355002,1704,
beta+idvol,M,rank,20000000.0,fund90,0.5,0.8579955228939824,0.1865894356674839,0.217471339521826,-0.3671915238573615,11.465162393985711,0.5735065686802252,1.1102993965639165,1673,
beta+idvol,W,q20,20000000.0,none,0.25,0.8569965887177324,0.39451924273084105,0.4603510071389364,-0.5843882486574977,28.212824250032554,0.774469672551236,1.030628617059291,2021,
beta_horizon,W,q20,20000000.0,fund63,1095.0,0.8540170138434467,0.25633789402795504,0.3001554885590902,-0.5016580613638488,20.00570127955272,0.21868803348484317,1.3629137695855555,1704,
beta+idvol,W,rank,50000000.0,fund90,0.75,0.8539505576328456,0.23700748512251288,0.2775423975124492,-0.29183757289073853,16.286019344565876,0.6611196143969732,1.024548956651289,1673,
beta+idvol,M,rank,5000000.0,fund90,0.75,0.8498969629190585,0.1609006503920954,0.18931783193984547,-0.3028672240525393,8.204389280586799,0.9856801269061598,0.7444432291569479,1673,
beta+funding,M,rank,50000000.0,fund90,0.25,0.8451485389879381,0.22230242859019533,0.2630335595875271,-0.3479899117367625,13.075766461068735,-0.05460719410140916,1.6115774997582442,1673,
beta+funding,W,rank,5000000.0,fund63,0.75,0.8440305277160265,0.14723980059889993,0.1744484301975848,-0.33647636714043244,30.17973726554495,-0.044680366296842126,1.529372929099931,1704,
beta+idvol,W,q20,50000000.0,none,0.25,0.8423740013465936,0.36635242264445483,0.4349047122285527,-0.39406159137103036,32.91611705533769,0.45697144044509685,1.2582713142964805,2021,
beta+idvol,W,rank,50000000.0,disp63,0.75,0.8418289279699516,0.3857234808831721,0.45819698999098796,-0.5846087604774728,28.664173298168834,0.7513827809619328,0.9560181353871481,1734,
beta+idvol,M,rank,20000000.0,fund63,0.75,0.8408919005458382,0.19817440680619225,0.2356716798884061,-0.3542659891979253,12.451791181274379,0.7137748167793068,0.9518744919720219,1704,
beta+idvol,M,rank,20000000.0,fund90,0.75,0.8400602975201719,0.18895240252874557,0.2249271904487408,-0.36708255498169007,11.514049474786024,0.8145799347615958,0.8685185424981543,1673,
beta+funding,M,rank,50000000.0,fund90,0.5,0.8383292467965713,0.20969350417588553,0.25013263580767053,-0.26380965539842444,15.346835054955699,0.041409717729226296,1.4655859040037047,1673,
beta+idvol,W,q20,50000000.0,none,0.75,0.8378069606747645,0.3801726739583653,0.45377120482763306,-0.8311114107396443,31.763552002485767,0.45084698093020925,1.3222482797680777,2021,
beta+idvol,M,q20,50000000.0,disp63,0.75,0.8376574565868555,0.49334011131197647,0.5889520918516681,-0.8957626163783075,24.824468287368912,1.107322780995636,0.514584383997743,1734,
beta+funding,W,q20,20000000.0,fund90,0.25,0.8374150835890629,0.2456746901109377,0.2933726594199913,-0.5461306132390675,25.725654707498578,-0.48368557163014464,1.8545336536128738,1673,
beta+idvol,W,rank,20000000.0,fund90,0.5,0.8373995535144731,0.1909957194622596,0.22808194566222503,-0.37934115485310727,16.024448020433717,0.32231175362336095,1.2824918023444885,1673,
beta+funding,M,rank,50000000.0,none,0.75,0.8330449282107746,0.24376507035848136,0.2926193559356316,-0.4026242583570866,27.509712541919292,1.1118454066002428,0.518637010916067,2007,
beta+funding,M,q20,20000000.0,fund90,0.5,0.8325945677546469,0.23384295988793263,0.28086053998474153,-0.2852793331223147,18.19684723219641,0.40950526043380137,1.169105607720474,1673,
beta+idvol,M,rank,20000000.0,none,0.75,0.8325230171777218,0.24092039713261537,0.28938586941336797,-0.5360574200971044,15.050092000258141,0.3106620678025823,1.4370216071266446,2007,
beta+idvol,M,q20,50000000.0,fund90,0.75,0.8322720246858427,0.2930348440649915,0.35209022455801414,-0.4909554243806069,13.497615172421238,1.224179619176487,0.4811499422071341,1673,
beta+funding,W,q20,20000000.0,fund63,0.25,0.830796751822292,0.25116431673640394,0.3023174033666999,-0.5895916118098528,27.688459640850134,-0.3017864943719494,1.6757428163094799,1704,
beta+idvol,M,rank,5000000.0,fund90,0.5,0.8294255051640234,0.15242826556959868,0.1837757153844156,-0.2689758003777433,8.297761680013778,0.6227020116853345,1.0163094950377816,1673,
funding,W,rank,5000000.0,fund63,7.0,0.8273495507719406,0.1370441791442937,0.16564241681938136,-0.2306171433507578,55.238891437319744,-0.04640484968021163,1.5339943177430595,1704,
beta+idvol,W,rank,20000000.0,fund63,0.5,0.8242111097398218,0.19797327606735698,0.24019729135882562,-0.3720005886810358,17.27865452472478,0.33146516443697943,1.2452004009033744,1704,
beta+funding,M,q20,20000000.0,none,0.5,0.8235468473287054,0.309330972873427,0.37560822906041974,-0.41746543762822386,27.534453216711135,0.7848423045682776,0.8654686644838575,2007,
beta+funding,M,q20,50000000.0,fund63,0.5,0.8228221584935673,0.28747522167905065,0.349377102587227,-0.3457946787062611,19.116735589924133,0.6133837046475553,1.0060393763201136,1704,
beta+funding,W,rank,5000000.0,fund90,0.5,0.8218929775070031,0.14205265933913097,0.17283595702449053,-0.345484367909613,22.897841276124172,-0.1779346862821074,1.595937947909888,1673,
beta+funding,W,q20,5000000.0,fund90,0.5,0.8218182776522192,0.18500904365607507,0.22512159766586262,-0.379002525299428,29.398258714273044,0.07688458644878231,1.4064994141631009,1673,
beta+idvol,W,q20,50000000.0,fund90,0.25,0.8201761230192733,0.2922236446620519,0.3562937721062929,-0.3461840640307571,22.13089399195836,0.29712360783974584,1.3086164104171423,1673,
beta+idvol,M,q20,20000000.0,fund63,0.25,0.8190077423125729,0.25193037998903073,0.30760439367480596,-0.4578691111403255,13.946936878506232,0.5300901585759011,1.0689888663112415,1704,
funding,W,q20,5000000.0,fund90,7.0,0.8187355436424926,0.18066993187612607,0.22066946192703346,-0.26162793010373175,64.64375942454495,0.16106567675126757,1.3297805118409467,1673,
beta+funding,W,rank,20000000.0,none,0.5,0.8184967228378495,0.2586837472517601,0.3160473830058417,-0.4935820603346529,35.71299016161242,0.7327471134718174,0.9326472574754763,2021,
beta+idvol,M,q20,20000000.0,none,0.75,0.8181596756280952,0.3058936971689819,0.3738801926826197,-0.7411928375966785,17.74407505500966,0.12647879722118807,1.6072936298752714,2007,
beta+idvol,W,q20,50000000.0,none,0.5,0.8167555701842116,0.350778733771342,0.42947822650566925,-0.4480890135536071,33.100127100693946,0.47909195626611273,1.2043750746813178,2021,
beta_horizon,W,rank,20000000.0,fund90,1095.0,0.8141080040140352,0.1831946178147158,0.2250249560395644,-0.39198827276344805,14.487473657594144,0.12856157595494516,1.3206331305958083,1673,
beta+funding,M,rank,20000000.0,fund63,0.25,0.8081978705825777,0.1838954089892336,0.2275376064238764,-0.25347152793068395,13.928174939325213,0.25987225993450663,1.23593339676197,1704,
beta+idvol,M,q20,5000000.0,fund63,0.25,0.8075612411905538,0.20853677872223697,0.2582302964599934,-0.3677098369847035,11.434552046799329,0.14112737162442227,1.3414821390794747,1704,
beta+funding,M,rank,20000000.0,fund90,0.25,0.8072516777657416,0.17701104130236237,0.21927615163623065,-0.2420959207020308,12.8970674468614,0.22747855819214155,1.2666999011894362,1673,
funding,W,q20,50000000.0,fund90,7.0,0.8051564271156357,0.26890559387420054,0.33397931733280517,-0.6885203098752346,64.89678452527394,0.16179399418388066,1.3828050851127431,1673,
beta_horizon,W,rank,5000000.0,fund63,1095.0,0.8023898093468734,0.15005582571738305,0.1870111309608044,-0.3135577545010496,11.233209220449647,-0.008570073964905223,1.4480530562128466,1704,
beta+funding,M,q20,20000000.0,fund63,0.5,0.8022246846214719,0.2323384550647089,0.2896176838217554,-0.2976293611104732,19.329989775804556,0.2974999240156404,1.2043643589248454,1704,
funding,W,rank,50000000.0,disp63,7.0,0.8011243615997213,0.3033744525945635,0.37868584097077224,-0.6295832574464686,96.88223484594134,0.5101753385183291,1.1338438975187128,1734,
beta+funding,W,q20,5000000.0,none,0.5,0.7971650244828251,0.3024108353962674,0.37935788213044314,-0.6477496383011125,42.1514469650922,0.5536866475001703,1.1991551277710732,2021,
beta_horizon,M,q20,5000000.0,fund63,1095.0,0.7970270904300468,0.2063254534600376,0.25886880877375434,-0.44517128514487986,9.711763415904812,-0.2894795331399308,1.563504343676878,1704,
funding,W,rank,5000000.0,disp63,21.0,0.7936907794465662,0.2365553447803113,0.29804471830359336,-0.27805599813320137,52.650151323657006,0.623020820197066,0.9474401554780109,1734,
beta_horizon,W,rank,20000000.0,fund63,1095.0,0.7936529400536924,0.18643683176220177,0.23490977271449265,-0.3745773058621864,15.656229445235828,0.032085908650125325,1.3691125489309832,1704,
beta_horizon,M,rank,5000000.0,fund63,1095.0,0.7908412388020489,0.14636857417525856,0.1850795924564769,-0.3293058512524245,8.055817428557296,-0.00336937331401865,1.422748005334556,1704,
beta+idvol,W,rank,50000000.0,none,0.75,0.7904769523004248,0.276136669763501,0.3493291853227289,-0.5356659532370355,22.450333915053402,0.30766029659955013,1.347521294889868,2021,
beta+idvol,W,q20,50000000.0,fund90,0.5,0.7902543660139102,0.2730020276239392,0.3454609545543893,-0.3246876425637648,22.29666658823553,0.6345750778634631,0.9354032588737693,1673,
funding,W,rank,5000000.0,fund90,21.0,0.7888942599416952,0.131162529871041,0.1662612298392624,-0.3224398263034315,29.544177608122194,0.2583639198380331,1.1971148921620278,1673,
funding,W,q20,50000000.0,fund63,7.0,0.7869703764955538,0.2691096142418227,0.3419564729236579,-0.787222940706553,68.83067886808968,0.12287803188086706,1.4152171892931764,1704,
beta+funding,W,rank,50000000.0,none,0.75,0.7834710661415193,0.24121243895345837,0.30787663945446564,-0.43168847907863794,46.769037069476866,1.1280897126601963,0.39564810938703127,2021,
beta+funding,W,q20,20000000.0,none,0.5,0.7808174248087861,0.3502856229694483,0.4486139932843193,-0.6188046052065866,47.58114083442626,0.7004372758053947,0.9051622747326626,2021,
beta+idvol,M,rank,50000000.0,fund90,0.25,0.7793934194556955,0.2076960786562169,0.26648426003040343,-0.3500335988595788,12.047011610749536,0.030907236915743083,1.4549531197513699,1673,
beta+idvol,M,rank,20000000.0,none,0.5,0.7782432958346355,0.21955922761006214,0.2821215791837865,-0.37827637812224824,14.983726997217255,0.2980948771474417,1.3491548657230379,2007,
beta+funding,W,rank,5000000.0,disp63,0.75,0.7782281197104819,0.23599165644389358,0.3032422633760493,-0.47887421191618457,50.180647556429804,0.30641376202132187,1.2056486458507778,1734,
beta_horizon,M,q20,20000000.0,disp63,1095.0,0.7767522160908371,0.3802721670527335,0.4895668904126597,-0.6398875876796336,21.097992141289215,0.003631667184036372,1.6483114483692414,1734,
beta+funding,M,rank,50000000.0,none,0.25,0.7713554565312613,0.2540068279276206,0.3292993207954655,-0.46226180151914614,18.764581313977967,0.40140138809968795,1.1568283240831803,2007,
beta_horizon,M,q20,50000000.0,none,60.0,0.7697204291854055,0.3863079146449874,0.5018808128216329,-0.6902745502023855,28.269759306898518,1.3056706267771656,0.17485826925187856,2007,
beta+idvol,W,q20,20000000.0,fund63,0.5,0.7689375373347778,0.24609886715627455,0.3200505310343936,-0.41844502360729285,21.355242301962676,0.7396296139932289,0.8005627251084096,1704,
beta+idvol,M,rank,5000000.0,fund63,0.25,0.7672308286174387,0.14992308985121705,0.19540806268353506,-0.2217373879220808,9.234708159571637,0.09792348540516851,1.3307410269078923,1704,
beta+idvol,W,q20,50000000.0,fund63,0.25,0.7672296941341953,0.28594837804026385,0.37270243869138997,-0.32435941651577477,23.940244508417734,0.26331227157399617,1.2226998756666385,1704,
beta+idvol,W,q20,20000000.0,fund63,0.25,0.767103134374484,0.2340467514744538,0.30510467365682403,-0.5050803815274512,22.43046113760156,0.27004711232614487,1.1892863715566315,1704,
beta+idvol,M,q20,5000000.0,fund63,0.75,0.7653684199126084,0.1947353955578063,0.2544335387917385,-0.3434370273826036,10.465362778156987,0.46687204154710255,1.0085041537711985,1704,
beta_horizon,M,q20,50000000.0,none,90.0,0.7649410322772213,0.3613200888796571,0.47235025137037173,-0.9136159553776675,24.2082054828224,1.0699702341218786,0.4510585759097734,2007,
beta+funding,W,rank,5000000.0,fund63,0.5,0.7645151120232377,0.13947527063638057,0.18243625069394462,-0.34399333893103073,24.67048752777326,-0.3080176707781879,1.6109374744991778,1704,
beta+idvol,W,rank,50000000.0,fund90,0.5,0.760443849390663,0.20646336051823896,0.2715037549237544,-0.25439705213373187,16.40740352302686,0.3044302399601011,1.186724408632057,1673,
beta+funding,M,rank,50000000.0,fund63,0.25,0.7603179061670134,0.20800947959894367,0.2735822448896156,-0.4550259042195236,14.235467029213773,-0.22763297045736658,1.5708864239758056,1704,
beta+funding,M,q20,5000000.0,none,0.75,0.7536068993259841,0.2415060806168741,0.32046691827380275,-0.5524231413371559,28.32010141341252,1.2698399359729564,0.18924950595742035,2007,
beta+funding,W,q20,20000000.0,none,0.75,0.7535588081164022,0.33095745116924236,0.4391925986460228,-0.4992962725528223,57.202007858221165,1.026650138277571,0.4138332102689059,2021,
funding,W,rank,5000000.0,disp63,7.0,0.7520152297592654,0.22119146069539353,0.29413162385847047,-0.44811879984043324,93.94155021827346,0.19185956959870734,1.3104954951260017,1734,
beta+funding,W,q20,20000000.0,fund90,0.5,0.7519086713480936,0.2262298237337065,0.3008740720174168,-0.38140128761218817,33.15327813939909,-0.09140910211984853,1.3514019574024576,1673,
beta_horizon,W,rank,20000000.0,none,1095.0,0.7495660213245872,0.3063359071834344,0.4086843566389206,-0.7185016751110055,17.337331121628203,0.5188912811169075,1.2476731324229204,2021,
funding,W,q20,5000000.0,fund63,7.0,0.7494498526377085,0.17117457699706254,0.22840030776523487,-0.323186284116475,68.4967194913325,-0.1150868306575136,1.4183693762643792,1704,
beta+idvol,W,rank,50000000.0,fund90,0.25,0.7450042643524938,0.20210554248458443,0.27128105455911794,-0.3249863377162932,17.1496474193035,0.16859790052807366,1.2933407866276168,1673,
beta+funding,W,q20,20000000.0,none,0.25,0.7434450708128547,0.33988169252533723,0.45717122336116023,-0.8635888456988234,36.04291170353757,0.5359799803983137,1.0711213105111184,2021,
beta+funding,M,rank,20000000.0,none,0.5,0.7427820428850085,0.20328980537286132,0.2736870220815677,-0.3613670884082637,21.986212313007158,0.6814046088707949,0.8103282637928289,2007,
beta+idvol,M,q20,20000000.0,fund90,0.25,0.7412730321616883,0.21941955671309266,0.29600369525547815,-0.4643854798610999,12.772669823475313,0.32927613804585154,1.1084304553710482,1673,
beta+funding,M,rank,50000000.0,fund63,0.5,0.7412530903658029,0.19211758197822415,0.2591794684908707,-0.3711854857795582,16.61926096311303,-0.15202776303470786,1.4457059427956729,1704,
beta+idvol,W,rank,5000000.0,fund63,0.75,0.739785368941998,0.15204460241956538,0.20552528990538368,-0.3263656391785452,12.759800718048673,0.6022704141178072,0.8592073775853997,1704,
beta_horizon,M,q20,50000000.0,fund63,1095.0,0.7396343602016716,0.2767947558168128,0.3742318782233708,-0.6874051778405242,13.858378972375705,0.24483129430558395,1.1429121123523855,1704,
beta+idvol,W,rank,50000000.0,fund63,0.75,0.7388571165914144,0.21534405330113612,0.2914556122766841,-0.3493284279111474,17.704338441542465,0.534397974188621,0.9207676237184271,1704,
beta+idvol,W,q20,50000000.0,disp63,0.5,0.7380163662507295,0.4173794163521174,0.5655422229624637,-0.755762823696243,42.0258394465768,0.6588604723191864,0.8451642986299145,1734,
beta+idvol,M,rank,20000000.0,none,0.25,0.7378847748766282,0.2083990160694373,0.2824275864809393,-0.4174737587435206,15.167288714634822,0.3010950692665878,1.235946982035225,2007,
beta+funding,M,rank,20000000.0,none,0.25,0.733018620532743,0.2118546670502584,0.2890167604423019,-0.4673094587423169,17.116771856056396,0.5116143134584094,0.9787973769358157,2007,
beta+idvol,M,rank,20000000.0,disp63,0.75,0.7303178239366601,0.28329189066614596,0.3879022000847615,-0.5833739141186538,19.878501375626715,0.5106131541403361,1.0124735798845548,1734,
beta+funding,W,q20,5000000.0,fund63,0.5,0.7278338251980543,0.17307769333767198,0.2377983646068867,-0.36126924907336916,31.668997554901132,-0.22817306724610842,1.4846400597751577,1704,
beta+idvol,W,q20,5000000.0,fund63,0.75,0.7265242110174759,0.1876590754553552,0.2582970706406936,-0.4081216028353386,15.670511650984102,0.3712998575843324,1.0133747310593941,1704,
beta+idvol,M,q20,20000000.0,disp63,0.75,0.7239615699679416,0.3710554142848408,0.512534683714319,-0.8536437265248393,22.707802151428663,0.3075541247936864,1.2431290545092204,1734,
beta+idvol,M,q20,20000000.0,none,0.25,0.7222321996600511,0.27002248496735914,0.3738721218667023,-0.6528438482295974,18.06754362964754,0.3448088748869383,1.1464150552462207,2007,
beta_horizon,M,q20,20000000.0,fund63,90.0,0.7203112557442721,0.23479554548620926,0.3259640101605844,-0.43730888466680423,16.423253386452572,0.34893726031956795,1.026172187643374,1704,
beta+idvol,M,rank,50000000.0,fund63,0.25,0.7182674276706538,0.20024791648274573,0.27879297984060214,-0.399778802764135,13.166737024968542,-0.04178007897170065,1.3761222210547772,1704,
beta+idvol,W,q20,5000000.0,fund63,0.5,0.7163364102835943,0.18197587862277295,0.2540368966457108,-0.3697790161093828,16.792476405664363,0.4506200030042566,0.9543020567197362,1704,
beta+idvol,W,q20,20000000.0,fund90,0.5,0.7160317994783246,0.21941137851591647,0.30642686354959625,-0.4075355939149749,19.671540520556288,0.5749859529259826,0.8365115272988869,1673,
beta+idvol,W,q20,20000000.0,fund90,0.25,0.7152339171328306,0.2088782573861935,0.292041879422507,-0.4557540233735683,20.881922210077263,0.07681138160740845,1.2764393732273822,1673,
beta+idvol,W,rank,5000000.0,fund63,0.5,0.7148401426493164,0.14308693460830463,0.2001663393972261,-0.3046099193593255,13.231961218377712,0.281321543816332,1.0983393142880267,1704,
funding,W,q20,50000000.0,none,7.0,0.7145059759074319,0.3037011479722294,0.4250505359126283,-0.5576909410236291,100.04035871826382,0.562092641916323,0.9005864267181382,2021,
beta+idvol,M,rank,50000000.0,none,0.25,0.7139800420991275,0.23494629447067067,0.32906563295511726,-0.5203264958967417,16.938931912594153,0.19907107978177765,1.2614722599143848,2007,
beta+idvol,M,rank,5000000.0,fund90,0.25,0.7135353548272095,0.13061701137357573,0.18305611696733107,-0.2270064300621319,8.411021919834434,0.2238641063661807,1.151775866718843,1673,
beta+idvol,W,rank,20000000.0,disp63,0.75,0.7124096480709173,0.29325735208221443,0.4116414662214427,-0.62813334401648,26.977373690064866,0.3754987278766254,1.1086092861544183,1734,
beta+idvol,W,rank,50000000.0,none,0.5,0.711830358170929,0.2397463160972462,0.3368026009922955,-0.37488302882195995,22.685725844002906,0.19095904669788094,1.2904405856536245,2021,
beta+idvol,W,q20,50000000.0,fund63,0.5,0.7108410623692423,0.2564863554588224,0.36082096130455676,-0.3997396530944748,24.071847175380437,0.5760614701435203,0.8366487352236948,1704,
beta+idvol,W,rank,5000000.0,fund90,0.75,0.7085710949713829,0.13800582100321054,0.19476637133890445,-0.3379306269595967,11.703783568113701,0.8381242999907305,0.6074032849211498,1673,
beta+idvol,W,rank,20000000.0,none,0.75,0.7073574945649124,0.2176775987694128,0.3077335017186802,-0.5243784674388716,19.99495245767939,-0.1300235203410093,1.6738787199081875,2021,
beta_horizon,M,q20,50000000.0,fund90,1095.0,0.7065167030791142,0.25127584937681136,0.3556545065130243,-0.5476560900779813,12.8199121062824,-0.009654334714882456,1.2851522669256352,1673,
beta_horizon,M,q20,50000000.0,fund90,90.0,0.7064367785663721,0.26094429141834014,0.3693809542984086,-0.5642119227672378,15.381975434003678,0.04081064812126735,1.2383287779650867,1673,
beta_horizon,M,rank,50000000.0,none,60.0,0.704998941969738,0.2567825823535377,0.36423115988812366,-0.5453986845117601,22.992293447068096,1.2130841014840479,0.13064418890059087,2007,
beta+idvol,W,q20,20000000.0,disp63,0.75,0.7046318270643815,0.38607214789970146,0.5479062016090657,-0.7835858620612144,35.35574530430167,0.5628992702303747,0.8575104294906987,1734,
funding,W,q20,20000000.0,disp63,7.0,0.7041507718839403,0.30492384587202015,0.4330377215325674,-0.635956765968817,118.13938210798777,-0.2027640963460157,1.5583239980910746,1728,
beta+idvol,W,rank,20000000.0,fund90,0.25,0.7041064997754117,0.1565592922732521,0.22235172139894982,-0.30834257007056054,16.52741413932506,0.08800162130269944,1.252578683597156,1673,
beta+idvol,M,rank,50000000.0,none,0.5,0.7037853409050191,0.23452681916817508,0.33323629455906234,-0.4334690927853628,16.43546621143647,0.40724384315449924,1.0325995780053194,2007,
beta_horizon,W,rank,5000000.0,fund90,1095.0,0.7004859768724928,0.12665899423934393,0.18081588842769833,-0.3312245590951725,10.248512043215793,0.24542647550315452,1.0627254433612185,1673,
beta_horizon,W,q20,5000000.0,fund63,1095.0,0.6999671309416264,0.18078104286419633,0.25827075997268856,-0.40251659898954095,14.744655936247897,-0.28590560717244606,1.4293451059378477,1704,
beta+funding,W,rank,20000000.0,fund90,0.75,0.6990047363823542,0.15372288391009584,0.21991679871251935,-0.4455761173797776,31.588880788059395,-0.013336239242203776,1.15315762546742,1673,
beta+idvol,M,q20,5000000.0,fund90,0.75,0.6968604447271154,0.16427378819295926,0.23573412644663377,-0.34242711218997723,9.59938307368169,0.613831998760319,0.7706324241296217,1673,
beta+funding,W,rank,50000000.0,none,0.5,0.6939605167161649,0.22557674903209976,0.32505703652930207,-0.42163973318376713,37.37372499689483,0.7067027169521138,0.6806471506852103,2021,
beta_horizon,M,q20,50000000.0,fund63,90.0,0.6923840763611184,0.26500879640256747,0.38274825411257724,-0.6034806400266167,16.767470865932985,0.12149091414827712,1.1466396407276878,1704,
beta+idvol,W,rank,20000000.0,fund63,0.25,0.6879565322935922,0.1613895210142648,0.2345926136876773,-0.30546811862831785,17.83138279185177,0.1506520121764957,1.148809739920787,1704,
beta+funding,M,q20,5000000.0,none,0.5,0.6878499278582149,0.22471563418873075,0.32669282220968826,-0.43350493164074533,23.94123852316962,0.5624936621399983,0.8447834342493948,2007,
beta+idvol,M,rank,50000000.0,none,0.75,0.6866896943075779,0.23519081906740397,0.34249941569977704,-0.5834772559835,16.36234671976134,0.5581016886056814,0.8372452249396111,2007,
beta_horizon,W,q20,50000000.0,none,1095.0,0.6856812629369806,0.32451352936245065,0.4732716889075558,-0.7658244918487569,31.024204403197537,0.4127304649469924,0.9956593214872028,2021,
beta+funding,W,rank,20000000.0,disp63,0.75,0.6850155117664368,0.25155368642908577,0.36722334327934986,-0.5580012628008564,56.30675417435371,0.1353974102604672,1.1240076961320145,1734,
beta+funding,W,q20,5000000.0,fund90,0.75,0.6831320607514878,0.15547609054357717,0.22759302260319003,-0.563413708561058,35.46260189622378,0.3641452997576226,0.9211222818809301,1673,
beta_horizon,M,q20,5000000.0,none,1095.0,0.6812388815150261,0.24352566128564912,0.3574746948442895,-0.693722872067471,11.818565169106465,0.16521174835705732,1.3004814098315958,2007,
funding,W,q20,50000000.0,none,21.0,0.6799521595017729,0.29444929189038155,0.4330441307902248,-0.5769858739824738,63.75851597247551,1.3628000612298845,-0.10554492597047323,2021,
funding,W,q20,20000000.0,fund90,7.0,0.6772513339697714,0.17120636492661742,0.2527959065404499,-0.5426269152847719,64.69623167883422,-0.29149271285192846,1.390122693630742,1667,
funding,W,q20,20000000.0,fund63,7.0,0.677126086251327,0.1751483622237079,0.2586643252711705,-0.6085946674205561,68.38315563461389,-0.5062096610486732,1.5699648323073827,1698,
beta+idvol,M,rank,50000000.0,disp63,0.75,0.6757936212618411,0.3028042460353947,0.44807206891062235,-0.6433187941407776,20.504770506893205,0.7745342777111544,0.5625293581275507,1734,
beta+idvol,W,q20,5000000.0,fund90,0.75,0.6719343408821123,0.16339407071456574,0.2431696979500448,-0.40842356341210756,14.415858526516152,0.5592982957269892,0.7680751901803652,1673,
beta_horizon,M,rank,5000000.0,fund90,1095.0,0.6715691333396754,0.11924007644223093,0.17755443263042292,-0.34924758658639665,7.249413437035157,0.1622561601850777,1.0818923524707174,1673,
beta+idvol,W,rank,5000000.0,fund90,0.5,0.6689390230652548,0.12602374746085668,0.1883934755119871,-0.3046348458124847,12.137869204397303,0.4455119936532067,0.8718449254709814,1673,
beta+funding,M,q20,5000000.0,fund90,0.5,0.6688367684151231,0.14782874216015587,0.22102364753428724,-0.33445574456381927,16.133808172325107,0.2516421155692745,1.0096238995174542,1673,
beta+funding,M,rank,5000000.0,fund63,0.25,0.6679490974298158,0.12656699221652085,0.1894859843415235,-0.19943250168462628,10.386907095211063,-0.06629015100833568,1.2718663332896363,1704,
beta+idvol,M,q20,5000000.0,fund90,0.25,0.6674637727870733,0.1614571901199984,0.24189655933806703,-0.38677192127207277,10.597641870866651,0.21192811914818405,1.0571036009807768,1673,
beta+funding,W,q20,20000000.0,fund63,0.5,0.6672263691474676,0.20589451568647146,0.3085827017741343,-0.42133126077578936,35.458913724335396,-0.24698675814535528,1.317941880844851,1704,
beta+idvol,W,rank,50000000.0,fund63,0.25,0.6669244467919444,0.189139571025853,0.28359969699065096,-0.412825915427657,18.644561873915272,0.04280122720141441,1.2417637410788471,1704,
beta+funding,W,q20,50000000.0,fund90,0.5,0.6660213219783778,0.2400706453983329,0.36045489457487173,-0.3441563646946906,32.56958775019684,0.15717626353925113,1.0782694995243327,1673,
beta+idvol,W,rank,20000000.0,none,0.5,0.6656752894011354,0.1995832339388016,0.29982070405280264,-0.3996992653317701,20.36752973492844,-0.04232622471550118,1.5284196596133581,2021,
funding,W,rank,5000000.0,fund63,21.0,0.661944166588346,0.11354044410735047,0.17152571143958686,-0.30855261951123025,31.728193860585982,0.07410614824596765,1.118928956799962,1704,
beta_horizon,M,q20,5000000.0,fund90,1095.0,0.6615201998649322,0.16152696559884427,0.24417540935533713,-0.4360718113042962,8.730992232411136,-0.1850206343449056,1.264025251915946,1673,
beta+idvol,W,rank,50000000.0,fund63,0.5,0.6582948596117304,0.18789632008555518,0.28542881254819225,-0.30599478562625493,17.874221942306725,0.2039874924970703,1.076862795544154,1704,
beta_horizon,M,rank,50000000.0,none,90.0,0.6577351931360771,0.23345697514046326,0.354940677611216,-0.635589339671216,20.1907078156012,1.0276628560067187,0.2665818935942194,2007,
funding,M,q20,50000000.0,none,7.0,0.6562376024224758,0.25146886995323225,0.383197898177344,-0.5761274790925954,35.998447486039304,1.2694778160911333,-0.1025332141061737,2007,
beta+idvol,W,q20,20000000.0,none,0.75,0.6519000363270627,0.2612261776986574,0.4007150838193825,-0.6994026002259577,26.797499007646785,-0.032267773291287764,1.4156322049865917,2021,
beta+funding,M,q20,50000000.0,disp63,0.25,0.6507274011855345,0.3933167704724673,0.6044263231514441,-0.741363538813459,28.58050920379247,0.37766046458572583,0.9249684986204508,1734,
beta+funding,W,q20,5000000.0,fund63,0.25,0.6496483549908164,0.15871485744653055,0.24430887298833254,-0.37275516183052865,23.564442038500253,-0.17305452436901156,1.3129553139754981,1704,
beta+funding,M,rank,5000000.0,fund90,0.25,0.6488509228620041,0.11627982606221307,0.1792088474642474,-0.20904458565781026,9.54311655098027,0.04335613490711445,1.154636530050097,1673,
beta_horizon,M,rank,20000000.0,none,1095.0,0.6463305510771634,0.19313086482877562,0.2988112885997838,-0.803923771502847,13.192526416605293,0.1613599739748302,1.2158918650027417,2007,
funding,W,q20,20000000.0,none,21.0,0.6443289055205811,0.23269875004222404,0.36114901574098507,-0.5439991489776157,60.65266778142943,1.0394591348757143,0.27302691711724014,2021,
beta+funding,M,rank,5000000.0,none,0.5,0.6433536384540811,0.15797738336925346,0.24555294930616756,-0.36997278302289927,18.17399879392085,0.5447370475969311,0.7620573910867549,2007,
beta+idvol,W,rank,50000000.0,disp63,0.5,0.6408878654295374,0.28381609116298134,0.4428482835648034,-0.5765587682393603,28.837420096440123,0.30923804858031895,1.0581189687329058,1734,
beta+funding,M,rank,20000000.0,fund90,0.5,0.6402231489325116,0.13035829227475404,0.20361383760038895,-0.3005154788168537,15.593083684956989,0.16630238089916988,0.9938863775912331,1673,
beta+funding,M,q20,50000000.0,disp63,0.5,0.6396908786093475,0.3495480189869863,0.5464327078523994,-0.5786402461202858,33.1003552239114,0.8145841355205676,0.45156235147299406,1734,
beta+funding,W,q20,50000000.0,none,0.5,0.6385438588083656,0.2771914026615406,0.4340992381930164,-0.5631894728638267,49.804193931202505,0.5246222302217632,0.7514128577985915,2021,
beta+idvol,M,q20,20000000.0,disp63,0.5,0.6384479265025599,0.3200277314289589,0.5012589408537702,-0.8956530610942774,21.90383772382254,0.31864626434337606,1.1187501396399415,1734,
beta_horizon,M,q20,20000000.0,fund90,90.0,0.637634174341813,0.2024425217996783,0.31749007494563186,-0.40042156805709583,15.190005614672472,0.14775327774266359,1.0391407161012536,1673,
beta+funding,W,rank,20000000.0,fund63,0.75,0.6368089391813904,0.14242306791671888,0.22365117565686476,-0.4753636194225225,33.76127287144592,-0.16671479193294828,1.156185823024557,1704,
beta+idvol,W,q20,5000000.0,fund63,0.25,0.634362142463442,0.16211410441920057,0.25555450675170627,-0.3653718115451414,17.79775267092797,0.007432484452453722,1.173590437016616,1704,
beta+idvol,M,q20,5000000.0,none,0.5,0.6342285932270825,0.2062749090224178,0.32523747939658415,-0.5595935342765108,13.285210720163986,-0.02239819199131957,1.4968716118847079,2007,
funding,M,rank,50000000.0,none,21.0,0.633475785901288,0.18530225773898776,0.2925167178653024,-0.5243737245710722,28.939059935622936,1.2138414667282496,-0.04122948855921324,2007,
funding,W,rank,20000000.0,disp63,21.0,0.632187121860492,0.2308928067847316,0.3652285831214446,-0.43927617990230705,59.202418545967994,0.3576348347933051,0.8551123750735077,1734,
beta+idvol,M,rank,50000000.0,disp63,0.25,0.6302179415425603,0.27233759590537454,0.43213240682863496,-0.735122860892871,21.102428304449873,0.15775926431844287,1.1861721576539987,1734,
beta_horizon,M,rank,50000000.0,none,1095.0,0.6281815745208904,0.22577952086056305,0.35941761111469,-0.7915439423705837,15.962858396510374,0.35889660990739936,0.9585122236531399,2007,
beta+funding,M,rank,50000000.0,disp63,0.5,0.6280010452227802,0.252858512524595,0.4026402733691227,-0.5428333739034219,27.645565676208655,0.33323953871151885,0.9268649199549115,1734,
beta+funding,W,rank,20000000.0,fund90,0.5,0.6277604332341759,0.13979368727437597,0.22268636230252534,-0.3540227799809855,25.821235787683058,-0.18115093904506946,1.1840235304247573,1673,
beta+funding,M,rank,20000000.0,fund63,0.5,0.6259074367317312,0.13155072992444988,0.2101760135833528,-0.2941354695041879,16.722128331430422,0.16791902635903866,0.972148335965127,1704,
beta+funding,W,rank,20000000.0,fund90,0.25,0.6257786573938109,0.1384485996623958,0.22124212455406295,-0.28103930154633866,19.61959194168723,-0.1407859729202717,1.2356137792862851,1673,
beta+funding,W,q20,5000000.0,none,0.25,0.6256440768681463,0.24770497638549194,0.3959199575986642,-0.7426652508206939,30.701230190683752,0.49399082657301646,0.8597957712436635,2021,
beta+funding,M,q20,5000000.0,fund63,0.25,0.6234375014007574,0.15635074779620659,0.2507881663276803,-0.3590339804756884,13.316781488866582,-0.10568115342957408,1.2143449410612093,1704,
beta+funding,W,rank,5000000.0,none,0.25,0.6231380847654359,0.1784176641158162,0.28632123196735254,-0.577548210374952,20.943598853788547,0.40859161631211993,0.9288659744642485,2021,
beta+funding,M,rank,5000000.0,none,0.75,0.623040010101632,0.14363525446950823,0.2305393749047963,-0.4414963960751762,22.349863141083144,0.8048015158971425,0.418862668632353,2007,
beta+funding,M,rank,20000000.0,none,0.75,0.6226938513225084,0.15805696048912718,0.25382771991956865,-0.5047069664217775,26.679425251379982,0.8065931519524548,0.4290663992056888,2007,
beta_horizon,W,q20,5000000.0,fund90,1095.0,0.6191378220259904,0.15363614462508277,0.24814530652051386,-0.4015787782457753,13.531940031986096,0.09482844600364684,1.006496122946981,1673,
beta+idvol,W,q20,5000000.0,none,0.25,0.6159374305634737,0.24957273592000281,0.4051917021696309,-0.7679152625452608,22.40409002239613,0.6188677352243944,0.6436307088367184,2021,
funding,W,q20,5000000.0,disp63,7.0,0.615836987461196,0.24352499628162907,0.39543743107338714,-0.5846258725414438,117.43471547685509,0.05439901431021946,1.1264506251568491,1734,
beta+idvol,M,rank,50000000.0,disp63,0.5,0.6156546318729598,0.268796577978119,0.43660286800795994,-0.6709246466903169,20.48945037030471,0.447716522066462,0.8245127538118061,1734,
beta+funding,M,q20,5000000.0,none,0.25,0.6151607367251064,0.2105138508153805,0.34220950435829206,-0.6558183863503029,17.54481300028202,0.4998225931048993,0.7537304479754126,2007,
funding,W,q20,5000000.0,disp63,21.0,0.6144113449893417,0.2430108107737844,0.39551810485856165,-0.5338136720978692,67.54552968475544,0.9842527368528845,0.3123710733848645,1734,
beta+idvol,W,rank,50000000.0,none,0.25,0.6143039092530662,0.20068987034053778,0.3266947634836918,-0.45775697328714576,23.514302864745616,0.042361020451939985,1.2093037160433195,2021,
beta+funding,M,q20,5000000.0,fund63,0.5,0.6139016404470966,0.1436123686411353,0.23393384082919905,-0.3107922164036533,17.360076346566217,0.039690640951154585,1.091318386830453,1704,
funding,M,rank,50000000.0,none,7.0,0.6132051905636978,0.17571795491441614,0.28655653542802667,-0.5794598382087349,31.51336940826765,0.7915700243348153,0.39685815490053233,2007,
beta+idvol,W,q20,20000000.0,none,0.5,0.6124650063327604,0.23841168882266228,0.389265813324084,-0.5058228156860725,26.93356554908299,0.21166395669954627,1.0755327370072276,2021,
beta+funding,M,rank,5000000.0,fund90,0.5,0.6105219953596871,0.10299261786139553,0.16869599890617823,-0.29680208643613953,12.706505411951664,0.16600819360821692,0.9562468453220403,1673,
funding,M,rank,20000000.0,none,7.0,0.6078193838660249,0.13824482714592523,0.22744392629702154,-0.4216887515601244,29.897101329110725,1.3894693290719342,-0.2148034710988524,2007,
funding,W,q20,50000000.0,disp63,7.0,0.6077962340417359,0.3229861549780246,0.5314053244953898,-0.8564977754261458,119.04161795762403,0.1964830816084974,1.0773723635514854,1734,
beta+funding,W,rank,20000000.0,none,0.25,0.6066904884922331,0.1998077374029741,0.32934048117276865,-0.6022717322004336,25.653166317747598,0.3852873314261368,0.9183912631843643,2021,
dnbeta,M,q20,50000000.0,fund90,365.0,0.6062602528075167,0.21862516819845856,0.36061273551421563,-0.4576410264677991,12.969346097468634,-0.36555360273198473,1.305162686454415,1673,advw
funding,M,q20,5000000.0,none,21.0,0.6061647103218127,0.17806688220364697,0.2937598959020747,-0.6449286075820423,29.808251569092604,1.1991148840031551,0.0290925381184678,2007,
beta+idvol,M,rank,50000000.0,fund90,0.5,0.6052234066269779,0.16119698517577125,0.26634294611001885,-0.3325628899399621,11.575511356371733,0.16147537768530074,1.0037165077203924,1673,
beta+funding,W,q20,5000000.0,fund63,0.75,0.6051959663927167,0.14256021576570652,0.2355604195702752,-0.5376972204788795,37.91921692787352,0.22851004411610726,0.8951411033454135,1704,
beta_horizon,W,rank,50000000.0,fund90,1095.0,0.6046679599289883,0.16489915077879277,0.27271025042927427,-0.5776180805781113,16.112168479848187,-0.46230767918265187,1.5242488062941395,1673,
funding,M,q20,20000000.0,none,7.0,0.6046298241666723,0.20309848136698624,0.335905496634913,-0.8523053298751815,35.01308369411481,1.8584845819012836,-0.45656519565333975,1994,
beta+funding,W,rank,5000000.0,fund63,0.25,0.6040578054518857,0.11543838596771525,0.19110486600095777,-0.36380625560222146,17.256281317983742,-0.3577991576682992,1.3904216899245865,1704,
beta_horizon,W,rank,50000000.0,none,1095.0,0.6025734974768276,0.2110153998666487,0.3501903099791796,-0.6879169541753031,21.344094398927265,0.242943196213232,1.0002149120490278,2021,
beta+funding,M,q20,20000000.0,none,0.75,0.5988647868599245,0.2117498182934647,0.3535853550577743,-0.693352160437327,31.933366499230623,0.9507546076990399,0.24972880367127143,2007,
beta_horizon,M,q20,5000000.0,disp63,1095.0,0.5982591577953273,0.2837407114927853,0.4742772555933976,-0.7476123770133836,16.10377481860196,-0.22794363183037333,1.3776775863797093,1734,
beta+idvol,W,rank,20000000.0,none,0.25,0.597431665902516,0.18903886507273485,0.31641922559823044,-0.4937629608529094,20.908202633377638,0.1912596273305708,1.1548098776806224,2021,
beta+funding,M,rank,5000000.0,fund63,0.5,0.597363309159357,0.10638756782854047,0.178095249904543,-0.2757180096249786,13.697222867457224,0.11267369603246191,0.9857030179176449,1704,
beta+funding,M,q20,20000000.0,disp63,0.5,0.5950057903028391,0.3050734092579581,0.5127234293008902,-0.6843679097314035,33.58932144233148,0.2612791769782589,0.9368663257122657,1734,
beta+idvol,W,rank,5000000.0,fund63,0.25,0.5944810647591054,0.11720186907139694,0.1971498774631102,-0.27203426774707484,13.594090161044107,-0.07756258384643983,1.1833870105423452,1704,
beta+idvol,W,q20,5000000.0,fund90,0.5,0.5930703378751906,0.14204150972302737,0.23950196233371474,-0.37804754484423186,15.463508783249175,0.5184606985055779,0.6617492390115559,1673,
beta_horizon,M,rank,50000000.0,fund63,90.0,0.592791882723733,0.17323466978127758,0.2922352259368108,-0.509237301678321,15.00795165640265,-0.016854110787720335,1.076932576171723,1704,
dnbeta,M,rank,50000000.0,none,365.0,0.5927106807775004,0.18999922024811702,0.320559804994372,-0.5694021995483435,15.914600283834519,0.30205069559760245,0.8821379677154669,2007,advw
beta_horizon,M,q20,20000000.0,none,90.0,0.5924644186157795,0.23937612972181535,0.4040346089999604,-0.7672982073396317,21.905683525548184,0.7492552506176009,0.42987009648607755,2007,
dnbeta,M,q20,50000000.0,fund63,365.0,0.5924131302116512,0.2195534612077832,0.37060870195321877,-0.4727631349261895,13.875610469774724,-0.32162907007976804,1.26150445060927,1704,advw
funding,W,rank,50000000.0,none,21.0,0.5918949960464097,0.18295200647447354,0.3090953762010323,-0.4935572285285109,49.59468254954214,1.1799842141408956,-0.09778662540586422,2021,
beta+funding,W,q20,5000000.0,fund90,0.25,0.5918336439064491,0.13715696639563713,0.2317491879818131,-0.317812472348424,21.721850697741004,-0.09159961871856984,1.1516347995517162,1673,
dnbeta,M,rank,50000000.0,fund63,365.0,0.5899105363398603,0.15768227202319512,0.26729861955262807,-0.5037527754823562,12.358861705355542,-0.6024944036996176,1.5086129686606269,1704,advw
dnbeta,M,rank,50000000.0,fund90,365.0,0.5898341070547255,0.15190639885595875,0.2575408865629818,-0.5010912091765197,11.37444777032923,-0.7242479953530855,1.5719491369108183,1673,advw
beta+idvol,M,rank,20000000.0,disp63,0.5,0.586115761699337,0.21743588444102016,0.37097771233894816,-0.6432623280447272,19.722871623448302,0.2750694152266091,1.027689227965218,1734,
beta+funding,W,rank,20000000.0,fund63,0.25,0.5841279627926237,0.13535386871128297,0.23171955005231637,-0.35343784939735073,21.122760056586838,-0.11270010508451053,1.1280195348866024,1704,
beta+funding,W,rank,50000000.0,fund90,0.25,0.5804488210486966,0.15938976009911127,0.27459743963497396,-0.35909875283465553,19.807691630253107,-0.08440948945922742,1.14801041874665,1673,
beta+funding,W,rank,5000000.0,fund90,0.25,0.5801300350154349,0.10520353847563459,0.18134475397888256,-0.28074517830547574,15.885901515576863,-0.24823524014911502,1.2652657322038718,1673,
beta+idvol,M,rank,5000000.0,disp63,0.75,0.5785955663928039,0.19610541106388663,0.33893348386073224,-0.5662877561228715,13.913548671459466,0.41825373993865417,0.7943156653839213,1734,
funding,M,rank,5000000.0,none,7.0,0.5772331053587539,0.12092712310641478,0.20949443471586374,-0.3932717723621162,25.25870338325614,1.2380469385762616,-0.16185064685605705,2007,
beta_horizon,M,rank,20000000.0,fund63,1095.0,0.5761940176689279,0.132845684432067,0.23055720878448635,-0.5554216310670027,11.521064240118474,-0.3875055849184835,1.3186473767580946,1704,
dnbeta,W,rank,50000000.0,fund90,365.0,0.575612151518736,0.15168850782060664,0.26352554827131586,-0.4828736405642364,15.911215588309046,-0.7798986632192465,1.5734973093654308,1673,advw
beta_horizon,W,q20,20000000.0,none,1095.0,0.5735528897807225,0.31757891304832925,0.5537046691016484,-1.058478467184924,24.061521875791144,0.25141978753614197,1.2905323986893782,2021,
dnbeta,W,rank,50000000.0,fund63,365.0,0.5724513933343434,0.15624646630898414,0.2729427653217843,-0.5215962841542129,17.280581354601367,-0.6873616297518564,1.5233604413645017,1704,advw
beta_horizon,W,q20,50000000.0,fund90,1095.0,0.5719621872695694,0.20428785964552892,0.3571702189278585,-0.5634830959440971,21.650831642322192,-0.38782827350555005,1.3538855279358677,1673,
beta+funding,M,q20,20000000.0,disp63,0.25,0.5707619803329981,0.2923889165799432,0.5122781941595961,-0.9652575159915231,25.850143817682948,0.1032444939500008,1.1161181007083387,1734,
beta_horizon,M,rank,5000000.0,disp63,1095.0,0.5679471057438025,0.19982250805957535,0.35183295422886457,-0.5889994804250851,12.081734052411194,0.010181244917948978,1.2064553689944146,1734,
beta+idvol,W,q20,50000000.0,disp63,0.25,0.5671529198497761,0.3258907665721869,0.5746082849375205,-0.6960967166827248,40.49037026780226,0.1392705700012606,1.0785562767980459,1734,
funding,M,q20,5000000.0,none,7.0,0.5644179589598305,0.16710140490725545,0.2960596881346719,-0.5946849521969911,31.30069420963728,1.5822876132921493,-0.42904620932372445,2007,
beta+funding,W,rank,20000000.0,fund63,0.5,0.5636543905207865,0.12951957920853868,0.22978545255164168,-0.38528720032883,27.701993722176795,-0.23582163754454752,1.1213405257428992,1704,
beta+funding,M,q20,5000000.0,fund90,0.25,0.5614032082288198,0.1329120015945037,0.236749629582328,-0.35383214734051827,12.29728922972051,-0.06061370217935691,1.0696182605119224,1673,
beta_horizon,M,q20,50000000.0,disp63,90.0,0.5607598226330057,0.35258016741812076,0.6287543315114963,-1.3356542810258207,29.403259671578365,0.6351553341244932,0.484164060917788,1734,
beta_horizon,M,rank,50000000.0,fund90,90.0,0.5589638309943272,0.15706751551381212,0.28099763670649053,-0.472367951397507,13.888977103478155,-0.13379961677369273,1.1175671951940627,1673,
beta_horizon,W,rank,5000000.0,none,1095.0,0.5554839178226813,0.1916583852248946,0.3450295842517529,-0.6035242370210603,11.830822097819565,0.34730607230033134,0.9322744761993047,2021,
beta+funding,M,q20,20000000.0,fund90,0.75,0.5549910723564762,0.14887077536986298,0.26823994616302915,-0.3220451438889928,21.357588070615265,0.7045677583042604,0.4687088665122451,1673,
beta+funding,W,q20,50000000.0,none,0.25,0.5523938532350391,0.25291897400107705,0.4578598630666914,-0.8311002888174106,39.4813978819321,0.4141162425240785,0.6914950718962343,2021,
beta+idvol,M,rank,5000000.0,none,0.75,0.5519573167426217,0.14386314688673402,0.260641796970358,-0.5350229318433153,10.498310253361277,0.07540585653247753,1.1513246629204676,2007,
beta_horizon,M,q20,20000000.0,none,60.0,0.5477932654269285,0.2361696775911336,0.43112920967926144,-0.8388341521458718,26.60460596228253,0.6705108428043604,0.4216469808705299,1993,
beta+idvol,M,rank,50000000.0,fund63,0.5,0.5457606941891437,0.15252193740470738,0.2794666948877927,-0.37651576293148625,12.688357928728871,0.1163300491267684,0.9220162739852465,1704,
beta+idvol,M,rank,5000000.0,none,0.5,0.5421410651928428,0.13785765657809268,0.2542837379954899,-0.38476766709794846,10.69434370562671,0.08271696474566204,1.1265405300850202,2007,
funding,M,rank,5000000.0,none,21.0,0.5388769491153739,0.11836879084073906,0.21965829311321355,-0.4302460116524636,23.463049973229815,0.8417486511129166,0.19736003414348935,2007,
beta+funding,W,q20,50000000.0,fund63,0.5,0.5359251774821872,0.1969548535531572,0.3675043864863084,-0.44883671289786714,35.22459161388364,-0.0943611915526724,1.034357713217026,1704,
beta_horizon,M,rank,20000000.0,fund90,1095.0,0.5354474677055767,0.11706462434908059,0.21862952280026507,-0.5497220755947274,10.603406381520326,-0.35613125336800133,1.2169578978942048,1673,
beta+funding,M,rank,50000000.0,disp63,0.25,0.5333090585111366,0.2291479407030358,0.42967194546209014,-0.7748264617590187,23.049985733997836,0.01677139948396633,1.0684481299750501,1734,
beta+funding,M,q20,50000000.0,fund90,0.75,0.530761879668063,0.1700494807459644,0.320387517001622,-0.32017991561972625,21.105175758808404,0.4493802617945091,0.6008964415071444,1673,
beta+funding,W,rank,50000000.0,fund90,0.5,0.5305001074320093,0.13921493209410277,0.26242206201993096,-0.3325520285171497,25.34957951375296,-0.27932574386248293,1.1763362939078297,1673,
funding,W,q20,20000000.0,disp63,21.0,0.5294832595251578,0.25961158842858384,0.4903112303520309,-0.6227849605532065,76.0978143201901,0.7855251094654307,0.3459921382302367,1734,
dnbeta,M,rank,50000000.0,fund63,180.0,0.5277384571615537,0.1469766375089267,0.27850279909378206,-0.4713244438448668,14.841057206686829,0.53897298529172,0.5277314085217668,1704,advw
beta+funding,M,q20,20000000.0,fund63,0.75,0.5246618498297689,0.14470509815579327,0.27580640407291684,-0.31317663004811847,22.67213534873891,0.6471992251695876,0.4461737348715053,1704,
beta+funding,M,rank,5000000.0,none,0.25,0.5234261234854919,0.13519684339012408,0.25829212055724116,-0.47081576115275114,12.799200472621882,0.2602304150905639,0.8380240309187263,2007,
beta+idvol,W,rank,5000000.0,fund90,0.25,0.5234003623589211,0.09751946646779165,0.18631906563510897,-0.26790433655553225,12.461043407692294,0.026822040218823336,0.9766801567071585,1673,
beta_horizon,M,q20,20000000.0,fund90,60.0,0.5217868192589876,0.18084802103529676,0.34659369374666643,-0.4932754872799832,17.671638315503948,0.2073873221004031,0.7798143050554547,1659,
dnbeta,M,q20,50000000.0,none,365.0,0.5161821171690693,0.2247957650004251,0.43549700294401317,-0.7069313879569825,19.981421757614804,0.0639119528999411,0.9358698917473915,2007,advw
beta+idvol,M,q20,5000000.0,none,0.25,0.515106908938628,0.17732721567025944,0.34425322703521904,-0.7026742966240448,14.335338298709985,0.18718946482141,0.9212936945859477,2007,
beta+funding,W,q20,50000000.0,fund90,0.25,0.5138682184812986,0.19304068847549577,0.37566185557459447,-0.5744916034897105,25.976364643403805,-0.2072381501118523,1.091722067346994,1673,
beta_horizon,M,q20,50000000.0,fund90,60.0,0.5136958400880595,0.1991990954810331,0.38777634533089794,-0.670192676629612,17.883395731176943,-0.022174066238613684,1.0030807358086333,1673,
beta_horizon,W,rank,50000000.0,fund63,1095.0,0.5135185622570186,0.14734155951108105,0.28692547911702526,-0.6529835316233565,17.475570393685484,-0.5091658703344162,1.408492095219315,1704,
beta+funding,W,rank,50000000.0,none,0.25,0.5134311400489211,0.17120934437204544,0.3334611616189313,-0.4988446138626133,28.08797939094657,0.18810241164076047,0.8404676977046226,2021,
beta_horizon,M,q20,20000000.0,fund63,60.0,0.5075335720243366,0.1821472557663841,0.3588871077825961,-0.5496822924681544,18.980580328712616,0.1194636712363758,0.8300309672566011,1690,
beta+funding,W,q20,50000000.0,none,0.75,0.5072053774869334,0.21673692545329526,0.42731590608752723,-0.7299262700877696,62.09777774738468,0.8394083785290516,0.1484413261751483,2021,
beta+idvol,W,q20,5000000.0,fund90,0.25,0.5057697652569498,0.12256998694603541,0.24234344432147953,-0.37404383980756506,16.469801700417644,0.08511017394907427,0.8860606903114594,1673,
beta+idvol,W,rank,50000000.0,disp63,0.25,0.504489381188394,0.21991351486919025,0.4359130698671075,-0.7431925633672134,29.787026528735787,0.010373849341551155,1.1012560039629358,1734,
beta_horizon,W,q20,50000000.0,fund63,1095.0,0.5040968788135858,0.19084106593581066,0.3785801379785637,-0.6591994779717865,23.17559931333234,-0.3010670075513957,1.1705901428008256,1704,
beta_horizon,M,q20,50000000.0,disp63,1095.0,0.5039105544424173,0.32546458631686903,0.6458776928715043,-1.1623655454187811,24.428244670219257,0.17431529253102368,0.8845760522196559,1734,
beta+funding,W,rank,50000000.0,fund63,0.25,0.5034604983792426,0.1430119041044844,0.2840578447859827,-0.5178921920300861,21.572825482665518,-0.271357101570121,1.1518889378942663,1704,
beta+funding,W,q20,5000000.0,disp63,0.75,0.4980958677747393,0.2078626345587252,0.41731451314253776,-0.5838916221454031,64.35130411052008,0.39876570409028333,0.5860335424106337,1734,
beta+funding,M,rank,50000000.0,fund90,0.75,0.4913086823949606,0.11274890258955221,0.22948689211014983,-0.29738444519094553,18.460248001320572,0.05019648298517106,0.8373651423220786,1673,
funding,W,q20,5000000.0,fund90,21.0,0.4899396452649685,0.1090139722302495,0.22250490092773095,-0.5271098819611919,37.36792615569281,0.3978176665596667,0.567407130735978,1673,
beta+idvol,M,rank,50000000.0,fund90,0.75,0.4893939939304345,0.1324113940007155,0.2705619513988913,-0.31903095329795894,11.588188507204505,0.4078843445610251,0.5621042659841693,1673,
funding,W,rank,20000000.0,fund90,21.0,0.4864095263792918,0.10793165082804343,0.22189460726943205,-0.44795778350408977,33.41248704767207,0.108650489653877,0.7305180098788481,1673,
dnbeta,M,rank,50000000.0,fund90,180.0,0.47978543375554406,0.1294787585834873,0.2698680482439535,-0.396198892571056,13.768983625802981,0.2022973317883675,0.7047546228742998,1673,advw
beta+idvol,W,rank,5000000.0,none,0.25,0.4795561300815415,0.1350269061940237,0.2815664272106465,-0.5363304509465725,15.72906988054754,0.222845266166186,0.8229167398492097,2021,
beta+idvol,M,rank,20000000.0,disp63,0.25,0.47819641289801734,0.17972340248791321,0.37583594866120823,-0.7517234309333899,19.97116951809011,0.08568464975702454,0.995906750221705,1734,
funding,W,rank,5000000.0,none,63.0,0.4737118294964419,0.11114827416994766,0.23463267592050388,-0.4141518588453349,21.877277055972012,0.4816182176210714,0.4667009719546743,2007,
beta+idvol,M,rank,5000000.0,none,0.25,0.4727868230182307,0.12066145578027625,0.25521323756441394,-0.4796569713448369,10.798987895496358,0.04347310551423509,0.9957149559905922,2007,
beta+funding,W,q20,50000000.0,fund63,0.25,0.4726415642966866,0.18143815596123372,0.38388108382135716,-0.7233856328419934,28.171944535087732,-0.29735828953503085,1.08166372960901,1704,
dnbeta,M,rank,50000000.0,none,180.0,0.4665829782540665,0.16075768812475366,0.34454254787926897,-0.5131326628576888,18.830165331779234,0.5584023161292982,0.3683361832598215,2007,advw
beta_horizon,M,rank,20000000.0,disp63,1095.0,0.46016151408321243,0.18327439072748952,0.3982827444677336,-0.7410474782254132,18.222817045747977,-0.1784514856473785,1.1907017401313587,1734,
dnbeta,M,rank,20000000.0,fund63,365.0,0.4568124562302994,0.10243066832279975,0.2242291490211902,-0.5584354873569943,11.369516747335357,-0.6496231568502858,1.2353470604789099,1704,advw
beta_horizon,M,rank,20000000.0,none,90.0,0.4544993660649477,0.13624847107428542,0.29977703215281404,-0.6541831252524468,17.824476044444225,0.9410440369313933,-0.03316689901142558,2007,
beta+idvol,W,rank,20000000.0,disp63,0.5,0.45437653356273316,0.17856027621002518,0.39297864880905514,-0.6935852459735097,27.210286103403334,0.005699727087439087,1.046585592544364,1734,
beta_horizon,W,rank,20000000.0,disp63,1095.0,0.45420123576149607,0.1872490622582157,0.41226013386837485,-0.637974767702734,24.476045446901576,-0.1768051841284822,1.1417730676430824,1734,
funding,W,q20,5000000.0,fund63,21.0,0.4528722021620968,0.10317646926444293,0.22782689856400792,-0.5063891485096281,39.96323555015105,0.4235172495654651,0.48201595568121963,1704,
dnbeta,M,rank,20000000.0,fund90,365.0,0.4479876917221842,0.09687541997468986,0.21624571782826194,-0.5245429073630996,10.492627607378187,-0.8688531519983314,1.334374264907137,1673,advw
beta_horizon,W,q20,50000000.0,disp63,1095.0,0.4477803596861833,0.28013859944593844,0.6256160936631235,-1.2936259403319585,40.02898465339529,-0.04465296138600342,0.9815517905801197,1734,
beta+funding,W,rank,50000000.0,fund90,0.75,0.4474699606355408,0.10803669697697327,0.24143899363329088,-0.5144871774420111,31.515744822872907,-0.16836688725420348,0.9324578603064388,1673,
beta+idvol,M,rank,50000000.0,fund63,0.75,0.4468763920693754,0.12690859777676342,0.28399038308799596,-0.36507778519476264,12.703276774010364,0.36969765671518545,0.5155635435869942,1704,
beta+idvol,W,rank,5000000.0,disp63,0.75,0.4453189509926258,0.15724211171678584,0.3530999778165508,-0.5930336197665782,20.002813068827233,0.2971972542809168,0.6326046291559765,1734,
beta_horizon,M,rank,5000000.0,none,1095.0,0.4439981249134895,0.12077027076774412,0.27200626306986203,-0.5003436042179578,8.574005179140123,-0.0036046124594919533,1.0193417897586918,2007,
funding,M,q20,20000000.0,disp63,7.0,0.4426313885177046,0.20713222294695274,0.4679564719542426,-0.949618418660182,43.24658390224387,0.7834066817827996,0.07109553301596254,1721,
beta_horizon,W,q20,5000000.0,none,1095.0,0.44241534820134654,0.21477699551881518,0.48546461236482363,-1.2162756700214206,17.32051919401962,0.21410221537615057,0.8595448284409513,2021,
beta+funding,M,q20,50000000.0,fund63,0.75,0.4419004122751389,0.14571031573343665,0.3297356410763282,-0.31470847927616163,22.59731397240599,0.16431078797340315,0.6572428370167448,1704,
beta+funding,W,rank,50000000.0,fund63,0.5,0.4409521883694811,0.11928615763709917,0.27051948211933424,-0.46240290124203337,27.51228516135265,-0.4530563912701376,1.144044317401579,1704,
beta+funding,W,q20,20000000.0,disp63,0.75,0.4388730301048279,0.21720883515727335,0.4949240902440314,-0.6544007328391896,72.1638181260455,0.3145593838573557,0.5393419334129892,1734,
beta+idvol,W,rank,5000000.0,none,0.5,0.43508390722919354,0.11737051648579343,0.26976524421061837,-0.43031374356283164,15.3183632809996,-0.0035643802103731076,0.9810344492667733,2021,
beta_horizon,M,rank,20000000.0,none,60.0,0.43144697375015006,0.13460752903710063,0.3119908985966176,-0.707825526632245,20.951380746711365,0.9219347266043332,-0.09702417555124795,2007,
beta+funding,M,q20,5000000.0,disp63,0.5,0.42999180637510853,0.18593908832854494,0.43242472431285983,-0.7424014689281215,29.84190409218523,0.20906572208455673,0.6861960872486844,1734,
beta_horizon,M,q20,50000000.0,fund63,60.0,0.42892016765268137,0.17406766639186916,0.4058276563316572,-0.7237355706824851,19.37579697171397,-0.0243652267455298,0.8407671850651528,1704,
funding,W,rank,20000000.0,fund63,21.0,0.42562404036168233,0.09575574214896934,0.2249772876259504,-0.4756978419756598,35.71415694336385,-0.11683450578271805,0.7703733043151937,1704,
dnbeta,W,q20,20000000.0,fund63,365.0,0.4246730208028367,0.13559972378844684,0.31930383411712376,-0.6560562644702338,20.569948680700794,-0.049121994982536187,0.747824312596774,1704,advw
beta+funding,M,rank,20000000.0,fund90,0.75,0.42430482583929874,0.08224194619129743,0.19382750603559185,-0.32620930440256984,18.644587824105805,0.2720259013343244,0.5392070443680833,1673,
funding,M,rank,20000000.0,none,21.0,0.422092726421698,0.1023656252920135,0.2425192828121459,-0.5364635973221136,28.094694948609757,0.8221483498428199,0.019348879152293455,2007,
beta_horizon,M,rank,50000000.0,fund90,1095.0,0.42207446044903535,0.11173372728883414,0.26472515576982125,-0.6421378788892718,11.456152131884428,-0.6801800067258712,1.3928769925283944,1673,
beta_horizon,W,rank,5000000.0,disp63,1095.0,0.4185957256635954,0.15050550291158085,0.3595485899264405,-0.7255773832865201,17.33364694455991,-0.2909515297301996,1.2333770383113514,1734,
beta+idvol,M,q20,5000000.0,disp63,0.5,0.41690456208347215,0.1782416030778476,0.427535746279889,-0.9577383577256127,16.771497247431356,-0.04684152122665516,1.1286348932685022,1734,
beta+funding,W,rank,5000000.0,disp63,0.5,0.41493782313740796,0.1331940166130797,0.3209975306805715,-0.812495645490036,40.64298612183131,-0.3169418422926919,1.169382415123465,1734,
funding,M,q20,20000000.0,none,21.0,0.41219227034384914,0.13922981314575783,0.33777880654970277,-0.732686965858828,34.615210420837606,1.1057853898790286,-0.18853241809907215,2007,
beta+funding,W,q20,50000000.0,disp63,0.5,0.41177081979441044,0.23414254040647095,0.568623440882416,-0.689607265536569,59.95318757813941,0.05599099927501124,0.7363371095306427,1734,
beta+funding,W,rank,50000000.0,disp63,0.75,0.40745044790044394,0.1548587103389782,0.3800675913769426,-0.5744281697153468,57.067329013255936,0.17997031553989157,0.6298516489038117,1734,
dnbeta,M,rank,20000000.0,none,180.0,0.40514167647661553,0.11880815581328028,0.2932508865701398,-0.514426288649308,15.958006341647428,0.3867174028100734,0.4269037123065911,2007,advw
dnbeta,M,q20,20000000.0,fund90,365.0,0.4028589313111767,0.11709019217538202,0.290648122890787,-0.7269801329870778,11.867895020666758,-0.9064080769856452,1.3142497336706649,1673,advw
beta+funding,W,rank,50000000.0,fund63,0.75,0.4011755823689516,0.09927248285074894,0.24745395087243965,-0.5781413903335945,33.92134865511335,-0.28192707980525095,0.9359382789910465,1704,
dnbeta,M,q20,20000000.0,fund63,365.0,0.3995649107548304,0.11984284604712057,0.29993335956533757,-0.7917374804992082,12.584361437630374,-0.5871062529444212,1.1115884341707005,1704,advw
beta+funding,M,rank,50000000.0,fund63,0.75,0.39785051684904943,0.09408223698566678,0.23647634727432817,-0.35675705098142846,19.80231914866586,-0.20161501356759898,0.8849970342374213,1704,
beta+idvol,W,q20,20000000.0,disp63,0.5,0.39629369966837785,0.20989215092936744,0.5296378698551278,-0.8567271863233985,35.31220249467594,0.2707124822263114,0.5579955089527868,1734,
beta+funding,M,rank,5000000.0,fund90,0.75,0.39063720058934853,0.0640387682670135,0.1639341265255822,-0.3740292709241821,15.301778485026915,0.38662911085518653,0.40600083189570246,1673,
beta+funding,M,rank,20000000.0,fund63,0.75,0.38995011783562633,0.07754578242997785,0.19886077445081146,-0.3184778453976389,19.825842779204226,0.15743050152076282,0.5620755198822205,1704,
beta+funding,W,rank,50000000.0,disp63,0.5,0.3897404412225199,0.16261180561822006,0.41723102972877746,-0.5297410233664419,45.93584056853712,0.02777656323202029,0.7223189800203363,1734,
beta+idvol,M,q20,5000000.0,none,0.75,0.3882901686352984,0.13055084491312166,0.3362198053377487,-0.7886361969068555,12.91713745560637,-0.08910136396568179,0.9770568151128062,2007,
dnbeta,W,q20,50000000.0,fund63,365.0,0.38101769891637755,0.14625695659320764,0.3838586947776062,-0.7886052135759669,23.000840620411786,-0.5885004076724701,1.105190160029974,1704,advw
beta_horizon,M,q20,50000000.0,disp63,60.0,0.37875644788191093,0.24527465238518495,0.6475788168275801,-1.0065791993450328,34.52080123799323,0.25377524612694696,0.5138751089005152,1734,
funding,W,q20,5000000.0,none,63.0,0.37850632432795495,0.12117710584235307,0.32014552480068936,-0.5450515780074825,30.468702863806108,0.5809822162944256,0.1466807827394218,2007,
beta_horizon,W,rank,50000000.0,disp63,1095.0,0.3754704966368473,0.17522763562630683,0.4666881611094623,-1.1094624537173388,28.123510826511954,-0.23756660884189226,1.0562388052009242,1734,
beta+idvol,M,q20,20000000.0,disp63,0.25,0.37446296191090106,0.18494466052928077,0.4938930664477468,-0.9513175890652905,22.776577287495535,-0.11288969333616411,1.026434537540211,1734,
beta+idvol,M,rank,5000000.0,disp63,0.5,0.37442100470868395,0.12302757686160377,0.328580863024297,-0.6845776113459734,14.054044016612824,0.04792785183315471,0.8428280692226096,1734,
beta_horizon,M,rank,50000000.0,disp63,90.0,0.37252791529412954,0.17118443609180548,0.459521096443596,-0.8925291028947178,25.22351907482683,0.3578208462944831,0.3885118414851441,1734,
beta_horizon,M,rank,50000000.0,fund63,1095.0,0.3696972484853503,0.1034889783036112,0.2799289925137543,-0.7115449874660129,12.554736389860517,-0.6179857836773778,1.2462456760123475,1704,
beta+funding,M,rank,20000000.0,disp63,0.5,0.3689956831375813,0.1337721574870363,0.36253041322751434,-0.6351423385104995,27.789309302207283,0.06295587288293614,0.6900969494836869,1734,
dnbeta,W,q20,20000000.0,fund90,365.0,0.3666747429413307,0.1139182261616467,0.31067922826600036,-0.6324701995239705,19.27808403925841,-0.34752390883570977,0.8260008857581667,1673,advw
dnbeta,W,q20,50000000.0,fund90,365.0,0.36553784463451655,0.13700386521378746,0.3748007688527324,-0.7673396242594985,21.571860097068054,-0.7235678350518057,1.1585030202675235,1673,advw
dnbeta,M,q20,20000000.0,none,180.0,0.36542762969134357,0.14597366497751618,0.3994598468123825,-0.645442884542353,19.70590818366927,0.46571704678552456,0.2524186907641691,2007,advw
beta+funding,M,rank,20000000.0,disp63,0.25,0.3629114247853395,0.14056612413244302,0.38732901345166315,-0.8243243590660573,22.16156511748857,-0.005533105540182378,0.7793478329098129,1734,
beta+idvol,W,q20,5000000.0,disp63,0.75,0.35888079186495686,0.16095187789230378,0.4484828431633317,-0.7771891182583616,25.038727846012407,0.001646275622600223,0.8038998764325851,1734,
beta_horizon,M,rank,50000000.0,disp63,1095.0,0.3584269978294179,0.1671268801011437,0.46627871536809434,-1.3012134660532937,20.629984814416417,-0.02160365212284329,0.8056078235964107,1734,
dnbeta,W,rank,50000000.0,none,365.0,0.35494203190612805,0.11841130487521512,0.33360744637459977,-0.7938042324078978,21.412098576790406,-0.17583946642304224,0.9134663547475833,2021,advw
beta_horizon,W,q20,5000000.0,fund63,90.0,0.3539729012860338,0.10610990591230754,0.29976844421365356,-0.6071514613929483,23.07490572397809,-0.5113888533720417,0.9597484569583117,1704,
beta+funding,M,q20,20000000.0,disp63,0.75,0.34839833953275634,0.1698631592147223,0.48755444541592535,-0.6672857898185683,39.35895656932273,0.34822482894822576,0.34844908510357664,1734,
beta_horizon,M,q20,5000000.0,none,60.0,0.3471982438657655,0.13715702678807132,0.3950395176569477,-0.9473106869330477,22.191355555059978,0.6527533680893346,0.0251017641780766,2007,
beta+idvol,W,rank,5000000.0,none,0.75,0.3442674251544906,0.09548853757391433,0.27736733305819933,-0.5432668666267206,14.610277650188362,-0.20467299826197408,1.0099041143163616,2021,
beta+funding,M,rank,5000000.0,fund63,0.75,0.3414009028708528,0.058748258255065,0.1720799733130426,-0.35856336632218916,16.377446353192422,0.2991240635056307,0.3795352133685768,1704,
beta+funding,W,q20,20000000.0,disp63,0.5,0.3398100214554146,0.17523567192053183,0.5156871806487436,-0.8935644918806265,59.464407825598464,-0.263918389324187,0.8938655413770824,1734,
beta+funding,W,q20,20000000.0,fund90,0.75,0.33736181589034336,0.10075920974989644,0.2986680916569626,-0.6957436416687715,39.53353048059745,0.053224317958009165,0.528657743024783,1673,
dnbeta,M,rank,20000000.0,fund63,180.0,0.3352238074532313,0.07770323485116658,0.23179509665943793,-0.3676438380809577,13.483988577807642,0.516047367725963,0.2094827140556695,1704,advw
funding,M,q20,50000000.0,fund90,7.0,0.33454169633094644,0.09698568826369698,0.28990612927290704,-0.44240089758218687,23.670401691230836,0.6073905509754788,0.10204798784821992,1673,
dnbeta,W,rank,20000000.0,fund63,365.0,0.3337912513972794,0.07838544853879727,0.23483374177923755,-0.4929143671165602,15.856305100363821,-0.4852407543005524,0.8803468928608151,1704,advw
beta+funding,M,rank,20000000.0,disp63,0.75,0.3319262924329763,0.11116912661295392,0.3349211229942008,-0.4559492369856474,33.67508757521798,0.2200346308774418,0.4403957616511209,1734,
funding,W,q20,50000000.0,none,63.0,0.3239832962493342,0.13478060534943243,0.41601097003996973,-1.038435772825371,41.5666627842194,1.2402364668381076,-0.6964330990571548,2006,
funding,M,q20,50000000.0,none,21.0,0.3224024329991188,0.13213599930503958,0.4098480215420729,-0.8617510332188791,34.86855970051023,0.9519006157272698,-0.4454708579729126,2007,
beta+funding,W,q20,20000000.0,fund63,0.75,0.3208783848757516,0.09723395969822633,0.3030243365749818,-0.7351001739997091,42.127780607652575,0.03464958408854318,0.5196000369716067,1704,
dnbeta,M,rank,20000000.0,fund90,180.0,0.315901435633768,0.0714226712481324,0.22609163236261573,-0.32560516100690196,12.470680871861619,0.26967181984230515,0.3559753022033046,1673,advw
beta+idvol,W,q20,5000000.0,none,0.75,0.3150549454383451,0.11097203921122303,0.35223074837572976,-0.6564067989233344,19.303926805088377,-0.2535539304771675,1.0151518514921352,2021,
beta_horizon,W,q20,50000000.0,none,60.0,0.3088796347256048,0.15453596221954014,0.5003112696530579,-1.2646267262396094,46.88845100027756,0.7175716924455027,-0.09631682968203,2021,
funding,M,rank,20000000.0,disp63,7.0,0.3069520775418579,0.09289645006152765,0.3026415419809618,-0.4970916153114642,37.42885787352345,0.5548315287817154,0.06329092100265461,1734,
funding,W,rank,50000000.0,none,63.0,0.30680142953181355,0.09222096856741452,0.30058845784436516,-0.7815828196897033,30.56485344729671,1.0859532723674281,-0.5374870295912257,2007,
dnbeta,M,q20,20000000.0,fund90,180.0,0.3050653084744426,0.0906854160530654,0.2972655806278371,-0.4243555535465621,14.381775745366571,0.3801436180027882,0.2464039721908231,1673,advw
dnbeta,W,rank,20000000.0,fund90,365.0,0.30418301171531714,0.06933268033366963,0.22793081027995607,-0.4476217218656875,14.683454873041898,-0.7065976096897248,0.9423476120064087,1673,advw
beta_horizon,W,q20,20000000.0,disp63,1095.0,0.30163335243207373,0.17071396328298494,0.5659651424702075,-1.1750747595269353,32.699191569207,-0.3858416926521787,1.1814256766096374,1734,
dnbeta,M,q20,20000000.0,fund63,180.0,0.2983247493149111,0.0910886982650009,0.30533403103222867,-0.43830040496753864,15.327476311284045,0.5478723729041374,0.10253231329961053,1704,advw
dnbeta,M,q20,50000000.0,fund63,180.0,0.29684111903935834,0.10942723049704371,0.36863905799565017,-0.5385578401165552,16.747552402915737,0.44271545751687763,0.1852205073919475,1704,advw
dnbeta,M,q20,50000000.0,none,180.0,0.29664901861617604,0.1356575491680383,0.45729984141144564,-0.614696167170202,23.399020104668324,0.38304167984179704,0.20586201546007266,2007,advw
funding,W,q20,20000000.0,fund63,21.0,0.29472796210804014,0.08923320796366538,0.30276464888307625,-0.539970627779538,45.19642395072701,0.35573926746664947,0.2713397415944894,1704,
beta+funding,W,rank,50000000.0,disp63,0.25,0.2942805113984382,0.13023637819821565,0.44255862401259516,-0.8501490739344741,34.966926490436265,-0.1814547988593162,0.7638997717081588,1734,
beta+funding,M,rank,5000000.0,disp63,0.75,0.29241580237007486,0.08973506045002888,0.3068748669624297,-0.7064120210708171,27.843285746513914,0.5219672295792599,0.07667127633524001,1734,
funding,W,q20,20000000.0,fund90,21.0,0.291886358233042,0.08702767169869052,0.2981560091589057,-0.5465661587427717,42.38494826273569,0.36496790373738386,0.2641254148606336,1673,
funding,M,rank,5000000.0,disp63,21.0,0.2897219744950895,0.08478806562557202,0.29265320924771304,-0.6766062355613931,29.156273600321533,0.8445397543574332,-0.1832906353888435,1734,
beta+funding,M,rank,50000000.0,disp63,0.75,0.28925627967482237,0.10572714110809817,0.3655137279195979,-0.70196817356902,33.56920539282255,0.14613395667062418,0.4458525891669703,1734,
funding,M,q20,50000000.0,disp63,7.0,0.2888888558699689,0.1430836491404318,0.4952896113266303,-0.6264258900968622,43.12938817386026,0.7494552954777995,-0.32762007012324074,1734,
beta+funding,M,q20,50000000.0,disp63,0.75,0.2881675287919501,0.14932771631995995,0.518197580920961,-0.6957235588714311,39.03002579686674,0.17783980695618004,0.3982333403112424,1734,
funding,W,rank,5000000.0,fund90,63.0,0.2875808832931217,0.04694216589788636,0.16323117642711932,-0.4231767708863738,16.812091806001213,0.14359502425923903,0.4018630878053948,1673,
beta_horizon,M,rank,50000000.0,fund90,60.0,0.28526286557814307,0.07970275891907316,0.2794011017085569,-0.5915761320511237,15.55647552612856,-0.4798978254475657,0.9302749469450264,1673,
beta+idvol,W,q20,5000000.0,none,0.5,0.28484202876463877,0.09903876862911372,0.3476971746713268,-0.642906094532078,21.272782470256484,-0.12590881222773756,0.8119760670015588,2021,
beta+idvol,M,q20,5000000.0,disp63,0.75,0.27787915423995785,0.119305617277858,0.4293435310186443,-0.9237200834321055,16.324528452094608,-0.046287556985678394,0.7021768104658345,1734,
beta+funding,W,rank,20000000.0,disp63,0.5,0.27512221689237376,0.10554804024253199,0.3836405559490739,-0.7600097709250216,45.786359547139135,-0.31617654415075597,0.8259964382266807,1734,
funding,M,q20,20000000.0,disp63,21.0,0.27133115054181584,0.12507421581917558,0.46096519168336303,-0.7943434549298471,42.85174957839645,0.936033763089542,-0.2625633098554482,1734,
dnbeta,M,q20,50000000.0,fund90,180.0,0.27083650055137537,0.09743798731964831,0.35976682286649597,-0.44283157246331245,15.810697268938586,0.19707854165456457,0.3346105128962192,1673,advw
beta+funding,M,q20,5000000.0,fund90,0.75,0.27016132544352356,0.061858646725161406,0.22896928945550632,-0.5052826103450121,18.77550602084914,0.43231911631322484,0.1711191350137013,1673,
beta_horizon,M,rank,5000000.0,none,90.0,0.2674810366295893,0.07233081741477282,0.2704147491208408,-0.6960558379877586,13.528214172830042,0.7275181260498688,-0.20739609272834822,2007,
beta_horizon,M,rank,50000000.0,fund63,60.0,0.26192966130205764,0.076660240063651,0.2926749100600955,-0.6099269221746002,16.676409094090154,-0.3834735088424809,0.7948190687815045,1704,
dnbeta,W,q20,20000000.0,none,365.0,0.26026812648476316,0.13435084973638525,0.516201701495133,-1.116037353550918,24.545868670207902,0.071274744819155,0.5681151546792567,2021,advw
beta_horizon,W,q20,50000000.0,none,90.0,0.2592970499052256,0.1258290652603985,0.4852699454405271,-0.8577359021747588,39.50147072650033,0.8211567690680702,-0.2595388426076881,2021,
dnbeta,W,q20,50000000.0,none,365.0,0.25536973660397505,0.11898394067360744,0.46592811762235786,-1.1537612022947763,30.25558929109575,-0.18541498867672818,0.7075824348398041,2021,advw
beta+funding,W,q20,5000000.0,disp63,0.5,0.25398712010957797,0.10832460684066124,0.4264964569617806,-0.9832034736051868,52.748569057205856,-0.38726081237832044,0.9406655290561315,1734,
funding,W,rank,20000000.0,none,63.0,0.25285520436526077,0.06709583313009783,0.2653527867798001,-0.4125304994980723,27.4769001162163,0.8904016016071411,-0.382592043154622,2007,
beta+idvol,W,rank,5000000.0,disp63,0.5,0.2501624186913854,0.08501491340704449,0.33983886889070947,-0.7274882880291984,20.710439489966927,-0.10426441421283417,0.7371893951824231,1734,
beta_horizon,M,rank,20000000.0,fund63,90.0,0.2498787479540833,0.06211668812508085,0.2485873193845807,-0.5937391146182945,14.274511986837151,0.06580883419567002,0.3895419118131872,1704,
beta_horizon,W,rank,50000000.0,none,90.0,0.24797337642274747,0.08638891920021459,0.3483798157949743,-0.708354059959035,29.144048693316517,0.4861617641611123,0.018617710830891997,2021,
beta+funding,M,rank,5000000.0,disp63,0.5,0.24763658280516018,0.08019718160191876,0.32385029987680647,-0.623907607726869,22.82849411550727,0.06348053591376049,0.4547302854395492,1734,
dnbeta,M,q20,50000000.0,disp63,365.0,0.24716155852156657,0.1487653197277213,0.6018950544639023,-1.0257287218096918,24.344984683220964,-0.566343785419211,0.951342045767637,1734,advw
beta+funding,W,q20,20000000.0,disp63,0.25,0.24452722363585264,0.12666467576699966,0.5179982575503631,-1.2923063992535029,46.59438609078341,-0.6232975963921762,1.1940573518026714,1734,
beta_horizon,W,q20,5000000.0,fund90,90.0,0.24449935624475833,0.07042393795458886,0.28803322444779905,-0.5437796990750051,21.251304946981783,-0.6743249576117506,0.8598384110638378,1673,
beta+idvol,W,q20,20000000.0,disp63,0.25,0.2443095851528874,0.12333562625527753,0.5048333497766568,-0.8765522350159014,36.33969058878248,-0.07614127429976347,0.6658138616318899,1734,
funding,M,rank,50000000.0,none,63.0,0.2410466041550276,0.07020034051060829,0.2912314021460322,-0.6896110307494228,22.265163092193546,0.9417718273756617,-0.5536206380166314,2007,
funding,M,rank,20000000.0,none,63.0,0.23539301052925907,0.059035283169680326,0.25079454584035876,-0.6525074715884127,20.79962139683298,1.0347849243079372,-0.6279635559663173,2007,
dnbeta,W,rank,50000000.0,fund63,180.0,0.22952467957656528,0.06520881323337199,0.28410371099818704,-0.435982079412256,21.40867456104582,0.21513074827709014,0.24408346744978118,1704,advw
funding,M,q20,50000000.0,fund63,7.0,0.22678711538885082,0.06784176628402774,0.2991429480802106,-0.45463460305944997,25.024556457870453,0.5089588494811058,-0.020148860995874953,1704,
beta_horizon,M,rank,5000000.0,none,60.0,0.22088103070760096,0.061859730049477306,0.28005904287619104,-0.9245388613589736,16.68685811998496,0.6518445412841852,-0.2590592386609202,2007,
beta_horizon,M,rank,50000000.0,disp63,60.0,0.21972292032889773,0.10017158768485204,0.45589958268763087,-0.685513705829781,28.67396160197313,0.08126880042760243,0.37449921790671026,1734,
dnbeta,M,q20,50000000.0,disp63,180.0,0.21654308786595006,0.13193149000401486,0.6092620702152654,-0.8666243628228931,28.346833320273277,0.47664465560105757,-0.034314472562552885,1734,advw
dnbeta,M,rank,50000000.0,disp63,365.0,0.2101684208486408,0.09113752641222037,0.43364043962558874,-0.9692469451184094,20.53046851904173,-0.5717562290976057,0.9737963290060849,1734,advw
beta_horizon,W,q20,5000000.0,none,90.0,0.20677806984342878,0.07847631073647945,0.3795195051191902,-1.07769487435589,29.85042496924019,0.11645063650404207,0.2938333468286812,2021,
funding,M,rank,5000000.0,fund90,21.0,0.20576850512430095,0.033315329601982586,0.16190684566550848,-0.37502333377530817,16.037623730352095,0.5240383648320232,-0.000108485329903555,1673,
beta+funding,M,q20,5000000.0,fund63,0.75,0.19222572923654016,0.04589217893165498,0.23874108379728465,-0.48228346148605433,20.086927481003016,0.24446062739577648,0.15932310167786165,1704,
funding,M,rank,50000000.0,fund90,21.0,0.18864256218890027,0.04427871107669142,0.23472280360755607,-0.4861101363554168,19.557793482193013,0.3551468913743368,0.059226016451691135,1673,
dnbeta,M,q20,20000000.0,none,365.0,0.1858746007905253,0.07191486030820145,0.3868998776720827,-1.2347509666655083,16.106566068187984,-0.5231358777589123,0.9407440632463199,2007,advw
beta_horizon,M,q20,5000000.0,none,90.0,0.18565527193101056,0.06866019525312704,0.3698262620769592,-0.9723383564248396,17.80208417747361,0.7292720212215775,-0.3660245905037882,2007,
beta+funding,M,q20,5000000.0,disp63,0.75,0.18561376440810154,0.08144587559215469,0.4387922191647538,-0.890673536453819,34.87422424835387,0.4146330934809873,-0.03809240526769316,1734,
dnbeta,M,rank,20000000.0,none,365.0,0.18282293631503316,0.05215393572417848,0.28527020063997277,-0.8652021416299198,13.00974407681154,-0.5513589543437784,0.9764955523127585,2007,advw
dnbeta,M,rank,50000000.0,disp63,180.0,0.18172405967910402,0.08184143224024085,0.4503610165035928,-0.7631174818153097,24.162503340363784,0.38554144675733104,-0.017458505855084083,1734,advw
beta_horizon,W,q20,5000000.0,disp63,1095.0,0.17706826101632536,0.09198151234445638,0.5194692251254213,-1.3449349773107642,24.150012615171946,-0.7585029561849034,1.2404970061586267,1734,
funding,W,rank,5000000.0,fund63,63.0,0.17509654578673772,0.02947392041261141,0.16832953660039499,-0.40242048130903674,18.186998356044704,-0.15503167948211813,0.42137560917241307,1704,
dnbeta,W,rank,50000000.0,disp63,365.0,0.17080501292046588,0.07493559116781033,0.43872009308475934,-1.0162839960435257,27.861316446059174,-0.8341727299995146,1.1167798378158458,1734,advw
funding,W,q20,5000000.0,fund90,63.0,0.1701330477029786,0.036525010918341545,0.21468498573015382,-0.5376936092873199,22.128026935491903,0.3152942203817874,0.07019026677883179,1673,
funding,M,rank,50000000.0,fund90,7.0,0.1682788673475841,0.038382185494012365,0.22808678296326435,-0.3271691994610311,20.96778207377021,-0.10023893709725662,0.41881308992469135,1673,
dnbeta,W,q20,20000000.0,none,180.0,0.16755627394965453,0.07980606433786971,0.4762940978375358,-1.0923438308891484,31.501364779969116,0.3470364957195561,-0.037687462246174884,2021,advw
dnbeta,W,rank,50000000.0,fund90,180.0,0.16323458782480396,0.04523815558224578,0.2771358459323515,-0.3739503076789418,19.607729323567064,0.04902690823827518,0.2548249721811516,1673,advw
beta_horizon,M,rank,20000000.0,fund90,90.0,0.1599601272454716,0.03849415259156098,0.24064842441947187,-0.5567468688802928,13.206028331069113,-0.2774178681714664,0.4872027630851564,1673,
beta_horizon,M,q20,5000000.0,fund63,60.0,0.1576910952522918,0.050495191392088204,0.32021587085371156,-0.5450340560664754,16.049547641541313,-0.058734688810537616,0.31588657417486704,1704,
beta+funding,W,q20,50000000.0,fund63,0.75,0.15736320184051308,0.05492062411830104,0.3490055074881029,-0.5819978206889278,43.770734151419255,0.03811631173316794,0.25231539604602315,1704,
beta+idvol,M,rank,5000000.0,disp63,0.25,0.14455603598312497,0.04813792293293522,0.3330052778879098,-0.8425947647675407,14.181797056976563,-0.33170281200459123,0.7697540646982796,1734,
beta+funding,M,q20,5000000.0,disp63,0.25,0.14429164843572123,0.06625619732265435,0.4591824824301597,-1.0830298832540106,22.245815112515672,-0.2441119547989712,0.6149230550185862,1734,
funding,W,q20,20000000.0,none,63.0,0.1429713707214192,0.05075284553436126,0.354986073633256,-0.6757167285258121,37.50435122837872,0.8171322160160424,-0.5253248703003689,2007,
funding,W,q20,50000000.0,fund63,21.0,0.14251177762721098,0.05025541156960329,0.35264040913912215,-0.6160134363387822,45.45028275862155,0.23492136642882394,0.06830308508831809,1704,
beta_horizon,W,q20,20000000.0,fund63,90.0,0.13870328004692017,0.05491870171526468,0.39594378515552714,-0.864405782770896,27.94446769745542,0.3029962147600267,0.05295166915935642,1704,
beta_horizon,W,rank,5000000.0,none,90.0,0.13793203860258751,0.03835071633184068,0.2780406693062626,-0.9386145682105641,21.749185875051964,0.45209954300235505,-0.18828206188966518,2021,
beta+funding,W,q20,50000000.0,fund90,0.75,0.1371037008238262,0.04712130242544017,0.343690959049964,-0.5823864662179674,40.73735612258758,0.04093612475287908,0.2147389567118778,1673,
beta+idvol,W,rank,20000000.0,disp63,0.25,0.13520506982014677,0.05226752026751082,0.3865795885985518,-0.8052219451698726,27.82273802931955,-0.29424916911267673,0.7047800757560159,1734,
funding,W,q20,50000000.0,disp63,21.0,0.13081209786743897,0.07082469345044105,0.5414231145670689,-0.859517542785486,77.12050983752822,0.41123428226907105,-0.15217921504593032,1734,
beta_horizon,W,rank,50000000.0,none,60.0,0.12906158871848197,0.04656320822416133,0.3607828532603004,-1.1315990337677087,35.098305162634304,0.4149175604784062,-0.16598899381739485,2021,
dnbeta,W,rank,20000000.0,fund63,180.0,0.1275815419109269,0.03323217107262339,0.26047789182407716,-0.6457598511915669,19.72612737173375,0.16478065283935198,0.10861057445658209,1704,advw
funding,M,rank,20000000.0,disp63,21.0,0.12749362885463525,0.040884643136980786,0.3206798920406943,-0.4763870310607945,35.44709463837931,0.2620076651883035,0.00814943326305849,1734,
funding,M,rank,5000000.0,disp63,7.0,0.12609492243891507,0.03664949068733419,0.2906500117408655,-0.6435342743222661,31.190755422217396,0.6689241398977448,-0.3934488548563013,1734,
funding,W,rank,50000000.0,disp63,21.0,0.12240498177187717,0.04712345017935044,0.3849798390328028,-0.7145553905579276,60.34944938853364,0.19871060167080348,0.039545598436569455,1734,
dnbeta,W,rank,50000000.0,none,180.0,0.12037559666668023,0.04195922900501039,0.3485692297018922,-0.5640556263640525,26.57214682364126,0.10831233500089876,0.13330229464150944,2021,advw
funding,M,rank,5000000.0,fund63,21.0,0.12025166724743899,0.020388774384244652,0.1695508665363546,-0.3649271769168944,17.10758348169709,0.43209656836297067,-0.09184014592794547,1704,
dnbeta,W,rank,20000000.0,none,180.0,0.11839759869245171,0.03961592387028934,0.33460073774971755,-0.8514349904553628,23.124842056111653,0.19216183787337393,0.034634926779084536,2021,advw
dnbeta,W,rank,20000000.0,none,365.0,0.11380316491633849,0.04294106964990997,0.3773275521948599,-1.0615322051101732,17.605000549400167,-0.2521503615006642,0.6977084018772743,2021,advw
funding,M,q20,20000000.0,none,63.0,0.10984445360564936,0.03769344399319455,0.3431529108289538,-1.1063064273054877,25.51276854107926,1.2581892712579963,-1.1176077591263147,2007,
funding,W,q20,50000000.0,fund90,21.0,0.10842980250224347,0.037487125176709456,0.34572713692744966,-0.5751299755815962,42.276189099867715,0.2665021063440939,-0.017254570959379798,1673,
beta_horizon,W,rank,50000000.0,fund63,90.0,0.10761578760427416,0.03187346517054312,0.2961783385143129,-0.5358680443306504,22.58904430035625,-0.5626545241155285,0.6161398021985648,1704,
beta+idvol,W,q20,5000000.0,disp63,0.5,0.10757908054465055,0.047544921674796424,0.4419532257952601,-1.0435001965658044,27.10256985966038,-0.1879440912635558,0.5392155856775079,1734,
funding,M,rank,20000000.0,fund90,21.0,0.1071296659146126,0.020759074878001074,0.19377522277113263,-0.3057259519729776,19.69644140393824,0.2279491961736456,0.033707505212756554,1673,
beta_horizon,M,q20,20000000.0,disp63,60.0,0.10711029657236222,0.06295165095257678,0.5877273517774971,-1.1074017185827054,33.707507248895624,-0.31447642874302023,0.5099320902151459,1720,
beta+funding,M,rank,5000000.0,disp63,0.25,0.10601423832903385,0.03614030798232618,0.3409005106479978,-0.8283124830676941,16.477913021074357,-0.3249782588169507,0.6305593183444229,1734,
beta_horizon,M,q20,5000000.0,fund90,60.0,0.10530682328608781,0.031970954153306225,0.30359812551225196,-0.48091615119862374,14.893780708512098,-0.18847412240731218,0.3092101482904025,1673,
funding,M,q20,5000000.0,disp63,21.0,0.10241830242360236,0.04200808250380631,0.41016187058110737,-1.0404245032714472,36.55270665926962,1.033234569989968,-0.6550314179090174,1734,
funding,M,rank,5000000.0,none,63.0,0.10190880555182764,0.023433073905675866,0.22994160101070493,-0.5885125518491773,15.8497141499148,0.4577999003726776,-0.3678770285717147,2007,
funding,W,rank,50000000.0,fund90,21.0,0.10190337215420547,0.02481778320060106,0.2435423153911482,-0.6375827364269442,33.656622839386635,-0.15597229133350796,0.3099881781520924,1673,
funding,M,q20,5000000.0,none,63.0,0.10095697196572831,0.03191394413627449,0.3161143159791704,-0.7931775543121511,21.21091789322343,0.6032073480154521,-0.5570819725574159,2007,
funding,M,rank,50000000.0,fund63,21.0,0.10070158091226644,0.02449514851658176,0.2432449252005537,-0.4248190165586731,20.95037123224185,0.11936698697807327,0.08571815097064908,1704,
beta_horizon,W,rank,20000000.0,none,90.0,0.09938585689819027,0.03196596581791435,0.32163495708106554,-0.9349627504628072,26.752418275384784,0.5469821883381719,-0.3178880312399547,2021,
dnbeta,W,q20,5000000.0,none,180.0,0.09707576199327216,0.037959844150088254,0.39103318244073176,-0.9467663081401227,24.31906970088434,0.19782442071339704,-0.03690309095082834,2021,advw
beta+funding,W,q20,50000000.0,disp63,0.25,0.09603250615922872,0.05857785139892715,0.6099794094907917,-1.3762485285373636,47.9798033462372,-0.4209682734765915,0.5597904866644999,1734,
beta_horizon,W,q20,20000000.0,fund90,90.0,0.09535785809245871,0.03761762486506079,0.39448898724829623,-0.859879189859865,25.97914891506774,0.07257267137031194,0.11395009624975162,1673,
beta+idvol,M,q20,5000000.0,disp63,0.25,0.09525749331774426,0.04233646209544051,0.4444423280614944,-1.1267826978512736,18.258559902470754,-0.3978431103889994,0.7186520915683274,1734,
beta_horizon,W,rank,50000000.0,fund90,90.0,0.09089209348640323,0.0260588602740552,0.28670106798622047,-0.4962648596570745,20.77668061398435,-0.6869020762514667,0.6684856085479371,1673,
funding,W,rank,5000000.0,disp63,63.0,0.08609760619479435,0.025241221889419758,0.29316984530687096,-0.5919207280351031,29.14146244854004,0.10928698733961556,0.06521835048344293,1734,
dnbeta,M,q20,5000000.0,none,180.0,0.08487140694915425,0.031617980430474264,0.37253984076658847,-1.0126581181619798,15.023076937208485,0.24616088268774697,-0.10484568516732283,2007,advw
beta_horizon,M,rank,20000000.0,fund63,60.0,0.0821774645088506,0.0210591593004311,0.2562644080867572,-0.5435547470623351,15.931834079971544,-0.13190407710728097,0.2501666680320068,1704,
beta_horizon,M,rank,20000000.0,fund90,60.0,0.07747993150899526,0.01909764955391732,0.24648511146012198,-0.5179264929646531,14.94684602897137,-0.3389569635574443,0.3962545915583535,1673,
funding,W,rank,50000000.0,fund63,21.0,0.07429516130866463,0.018620776106909293,0.25063242045532313,-0.7088027935899939,36.2259564298463,-0.2505977281873049,0.3364691980498864,1704,
beta_horizon,M,q20,20000000.0,disp63,90.0,0.07413699382969993,0.041146376182552784,0.5550046482471371,-1.213470430291758,28.261630803723083,-0.2516274737751357,0.41164058341938,1734,
dnbeta,W,q20,50000000.0,disp63,365.0,0.07354786108737471,0.04508811382806896,0.6130445285758123,-1.5456230839580607,38.33295830528346,-0.9174925041049289,0.915503603046049,1734,advw
dnbeta,W,q20,20000000.0,fund63,180.0,0.07084596833591066,0.025902031506602374,0.365610522588807,-0.6912938210502639,25.257975647410543,-0.11979649493068988,0.18559342986246682,1704,advw
beta_horizon,W,q20,50000000.0,fund63,90.0,0.06551883026041566,0.026927013559937006,0.4109812927506647,-0.7048531260492531,29.486155944143594,-0.15773461590888752,0.2266258789516368,1704,
beta_horizon,W,q20,5000000.0,none,60.0,0.06133175672473285,0.023736491773336022,0.3870179665628909,-1.4764937642856366,39.086596069980864,-0.009281266402830241,0.13445783449640872,2021,
dnbeta,W,rank,20000000.0,fund90,180.0,0.06087374611531536,0.015565567084125978,0.25570246744203246,-0.6384106642925285,18.187217297389093,-0.07241181412170905,0.1484695876254932,1673,advw
beta_horizon,W,q20,20000000.0,none,60.0,0.05974883642265008,0.027991164566241337,0.4684804967286395,-0.9892011476750803,44.79377586746961,0.2821132910057555,-0.12624267549084817,2021,
funding,M,rank,20000000.0,fund90,7.0,0.05910405184041369,0.010407853530345705,0.17609373987502333,-0.29554242272295556,20.549425019051636,0.20310528451637538,-0.03661162123893028,1673,
funding,M,rank,50000000.0,fund63,7.0,0.05672565201290262,0.013334362585720875,0.23506759486321788,-0.4155163154722317,22.32901249843475,-0.21377248831107848,0.30956491707641165,1704,
funding,W,q20,5000000.0,fund63,63.0,0.049934122619755106,0.011082892327443146,0.2219502766042092,-0.5189961110911201,23.815426057408697,-0.07221248783883462,0.13890676904742916,1704,
funding,M,rank,20000000.0,fund63,21.0,0.048796300077438536,0.009711709664356956,0.19902553367662523,-0.29438719085470677,20.919984031506893,0.020485387803983627,0.06939804728278755,1704,
beta+funding,W,q20,5000000.0,disp63,0.25,0.04859120624353409,0.021586824330033505,0.44425372405538927,-1.225762670210135,39.546941035538815,-0.6310181164084312,0.8376634361085895,1734,
funding,M,q20,20000000.0,fund63,21.0,0.04764022037219052,0.013561419029278174,0.2846632304244022,-0.5199992014583781,24.695921911355946,0.638875850985264,-0.3182378769903071,1704,
beta_horizon,W,q20,50000000.0,fund90,90.0,0.03545878328564016,0.014254165235725806,0.4019925083413213,-0.683130770902914,27.2551610479715,-0.2971914262272916,0.2714781252601307,1673,
funding,M,q20,5000000.0,disp63,7.0,0.03254567600919541,0.013873186926594458,0.4262682060337215,-1.0290190392196032,38.78847209431366,0.8183127283924557,-0.7014503934048902,1734,
beta+funding,W,q20,50000000.0,disp63,0.75,0.030628413447093626,0.016426584996080823,0.5363185077952368,-0.8863952808482474,76.31418966502312,-0.13078064696888078,0.1776666354970975,1734,
funding,M,rank,20000000.0,fund63,7.0,0.03045552982608493,0.005519847440013566,0.1812428636616874,-0.2925206077979288,21.723130405018853,-0.004913588870120411,0.05631726034223681,1704,
beta+funding,W,rank,5000000.0,disp63,0.25,0.029492232528576943,0.010032918704450252,0.3401885121693891,-0.973301416068773,27.586677882868674,-0.6760690928057322,0.8420750464331066,1734,
funding,M,q20,20000000.0,fund90,21.0,0.0255401629638655,0.007087780188499551,0.2775150729667395,-0.5269773215224991,23.436898977158894,0.6489587385496871,-0.3447822047475838,1673,
beta_horizon,M,rank,5000000.0,fund63,90.0,0.017520118859098925,0.0037815506867520643,0.2158404698714785,-0.4947591856562732,10.8567676412414,-0.320498203709253,0.2812334942500044,1704,
beta_horizon,W,q20,50000000.0,disp63,90.0,0.015839737876264897,0.010720501060673165,0.6768105093921618,-1.329978996601919,49.60076491802586,-0.046898590809596186,0.07170932957424374,1734,
dnbeta,W,q20,20000000.0,fund90,180.0,0.0154933182454641,0.005603554434184829,0.3616755523514372,-0.7217971649033383,23.385779865499543,-0.2501267298393749,0.16960492876572494,1673,advw
beta+idvol,W,rank,5000000.0,disp63,0.25,0.011090377153068997,0.003759934659492698,0.33902676235426543,-0.8936563097075023,21.22274303391005,-0.5295882269971915,0.7127341373942875,1734,
dnbeta,M,q20,5000000.0,fund63,180.0,0.009314376425308074,0.0026082176424789385,0.2800206394270426,-0.7367380657184157,12.198273291363591,0.3383008922742358,-0.2089581959233103,1704,advw
funding,M,q20,50000000.0,fund90,21.0,0.006583550270818465,0.0021390683032910503,0.3249110609472299,-0.7232076504409751,22.805715310463658,0.4266016711213631,-0.35832235093377074,1673,
beta+funding,W,rank,20000000.0,disp63,0.25,0.001585732289430005,0.0006228453187670372,0.3927808766452755,-1.0032778003941085,33.786174244901574,-0.5208457195445001,0.5977149406940464,1734,
beta_horizon,W,q20,50000000.0,fund90,60.0,0.0013436900188903169,0.0005427878143917995,0.4039531489859986,-0.7769678242819719,31.3259126310008,-0.524224973949332,0.37686229467580407,1673,
beta_horizon,W,q20,20000000.0,fund90,60.0,0.0004391895754998702,0.0001805415150327059,0.41107878033584894,-0.6582585988049512,31.153221034813818,-0.23162636138591017,0.12928301962472988,1673,
beta+idvol,W,q20,5000000.0,disp63,0.25,0.00014798861675728765,6.538752960698685e-05,0.4418416161982732,-1.1740625357988366,29.164041253708266,-0.5722796902377598,0.7487417398256635,1734,
dnbeta,W,q20,50000000.0,none,365.0,-0.0006120708762280942,-0.00025027979259702643,0.4089065536648033,-0.9652704358083265,29.158764919840053,0.10078480745018144,-0.10817528669818775,2021,btc
beta_horizon,M,q20,5000000.0,fund63,90.0,-0.0017977934017910392,-0.0005262454476574777,0.2927174207743833,-0.521683319883817,13.573309340549145,-0.288997468584862,0.19664392825132845,1704,
beta_horizon,W,q20,20000000.0,none,90.0,-0.009497146256811103,-0.004233289046551682,0.4457432719345223,-1.4168458798978685,36.08636900384757,0.4250348216321682,-0.3744863386534768,2021,
dnbeta,M,q20,50000000.0,none,365.0,-0.0127933237266941,-0.005045247201542915,0.3943656323661754,-0.9879358775247082,18.245805930057507,0.3629849504264377,-0.35888830058425936,2007,btc
funding,M,q20,5000000.0,fund90,21.0,-0.014928613113935809,-0.003361520546411449,0.22517299636317056,-0.5935013669265974,19.708963656407242,0.565346088787854,-0.3725469488292556,1673,
funding,W,rank,20000000.0,disp63,63.0,-0.02137044526636329,-0.007706179018103758,0.3605998341191865,-0.6620209665220264,36.324059129657755,-0.03258182469397527,-0.012370846643044811,1734,
dnbeta,M,rank,20000000.0,disp63,365.0,-0.02182225703810803,-0.00838545539105803,0.3842615993576914,-1.2587728908992097,17.886049396295714,-0.9896756683650991,1.0340798057439944,1734,advw
beta_horizon,W,rank,20000000.0,none,60.0,-0.02968023570376154,-0.009779775631905333,0.3295046484642939,-1.0989464244861125,33.22884047000172,0.21453609339234148,-0.2768280140666999,2021,
dnbeta,M,q20,20000000.0,disp63,180.0,-0.03088741273020774,-0.016406697106206753,0.5311774491931168,-1.048003335611261,25.32283409490653,-0.008423047438005107,-0.05423817586669566,1734,advw
beta_horizon,W,rank,5000000.0,none,60.0,-0.03609836010426316,-0.010204404127938771,0.28268331576463074,-1.3006925217994727,28.580044488681335,0.07668098852273506,-0.1642431735446145,2021,
beta_horizon,W,q20,20000000.0,fund63,60.0,-0.04011618713256356,-0.016626980663237464,0.41447061278016684,-0.6878040578863066,33.25295260511199,-0.04593572239332976,-0.03885509115248452,1704,
beta_horizon,W,rank,5000000.0,fund63,90.0,-0.041937410980110314,-0.009029102491014107,0.21529947319104517,-0.6411206386781744,17.805776599213793,-0.7617359576999035,0.5020368443390079,1704,
dnbeta,W,q20,5000000.0,fund63,180.0,-0.042039786544221074,-0.011478494229098715,0.27303883232196346,-0.4972426077746913,19.99913665485176,-0.1946527998825153,0.06879095783060657,1704,advw
dnbeta,M,rank,5000000.0,none,180.0,-0.04337398473121108,-0.011610184068672771,0.26767621514650247,-0.7511157543730604,11.240599818215092,0.14785741347070225,-0.28019810106101123,2007,advw
funding,M,rank,50000000.0,disp63,21.0,-0.053034736483374804,-0.019948377119620407,0.37613795113083615,-0.7220736922595534,35.333390122493995,0.26882999389793727,-0.42715947703185136,1734,
funding,M,rank,50000000.0,disp63,7.0,-0.05926335233704356,-0.021694817897026555,0.3660747669764513,-0.9020154317167982,38.401535136829956,-0.09518262798423699,-0.012240210092090947,1734,
funding,M,q20,50000000.0,none,63.0,-0.06171171114765998,-0.024541024316355346,0.39767207649833425,-1.4333740350328688,27.299099943844205,0.5803773405721558,-0.8000553831670711,1993,
beta_horizon,W,rank,20000000.0,fund63,90.0,-0.06282466396796588,-0.01739192827582298,0.2768328101952296,-0.5928834959628939,21.898240261736643,-0.3514568308960207,0.12062508707946044,1704,
dnbeta,W,rank,50000000.0,disp63,180.0,-0.07285053206673826,-0.03376609240388516,0.4634982263815463,-0.6911285928804456,34.478155101389056,-0.09110203401503544,-0.055275089287188675,1734,advw
funding,M,q20,5000000.0,fund63,21.0,-0.0737539648147955,-0.017293653900691167,0.23447761681853277,-0.6217111603995483,21.070506594764645,0.5536682096121874,-0.48039581770331213,1704,
funding,W,rank,20000000.0,fund90,63.0,-0.0861579354090156,-0.018673005691301665,0.2167299576371663,-0.6005554495685653,20.87918126055968,-0.06829367015711017,-0.10101677728185605,1673,
funding,M,q20,20000000.0,fund63,7.0,-0.08690679336530543,-0.027030337299013014,0.31102674776404704,-0.6593373875011926,24.63419288571552,-0.10079538477175808,-0.0720958320726465,1691,
dnbeta,W,q20,20000000.0,disp63,365.0,-0.08702056180021064,-0.047521447609974204,0.5460944703974455,-1.563774976753819,32.837706349509034,-0.8155906402774054,0.5719849044152038,1734,advw
funding,M,q20,50000000.0,fund63,21.0,-0.08750309212774317,-0.029448005557866513,0.3365367422087923,-0.6330295924028213,24.313142646981095,0.19329360403520227,-0.33977784756463963,1704,
funding,W,q20,5000000.0,disp63,63.0,-0.08852259546524337,-0.035797089631031134,0.40438364287552037,-0.8795740131199933,39.244530969930764,0.10349403042224849,-0.2662050625618113,1734,
beta_horizon,W,rank,20000000.0,fund90,90.0,-0.09266862839867002,-0.025045248229847644,0.27026674142731877,-0.5713155683835383,20.26089742693845,-0.6428204073654606,0.24681202666323895,1673,
beta_horizon,W,q20,50000000.0,fund63,60.0,-0.09614942206744516,-0.03998818408756127,0.415896250104458,-0.8609930733413731,33.55669421686475,-0.4803935271865716,0.1833887239171286,1704,
funding,W,rank,20000000.0,fund63,63.0,-0.0971697912056402,-0.021413298284843632,0.22036991146277873,-0.5794156842110163,22.401501733560316,-0.4176950077679822,0.09608921770565969,1704,
funding,M,q20,20000000.0,fund90,7.0,-0.09745435840411189,-0.029566829189019914,0.3033915534738403,-0.5904423574750017,23.455492940378985,0.01680774280500356,-0.22168738616521025,1660,
dnbeta,M,q20,5000000.0,fund90,180.0,-0.0984526104935276,-0.026543243180984624,0.269604259835544,-0.7798856857852791,11.155837527602769,0.11392778119451631,-0.24629608996154853,1673,advw
funding,M,rank,5000000.0,fund90,63.0,-0.11422653069534201,-0.018329560652552083,0.16046675444813743,-0.5490464755963528,11.385578483920836,0.11177297000910646,-0.28084041341431476,1673,
beta_horizon,W,q20,50000000.0,disp63,60.0,-0.11923213973212338,-0.08085517471624824,0.6781323802282174,-1.282016070447569,58.540072007589984,-0.5586293498768313,0.28353995875612004,1734,
beta_horizon,W,rank,50000000.0,disp63,90.0,-0.12350506486956646,-0.05869598524498715,0.4752516449991415,-0.9730373580311874,36.91233833662303,-0.49622533593797813,0.24798110467983644,1734,
funding,W,rank,50000000.0,fund63,63.0,-0.12868622214235276,-0.033028887965533826,0.2566621928569575,-0.5100430489963717,23.823191853861307,-0.41795692839750276,0.10286577368113763,1704,
beta_horizon,M,rank,5000000.0,fund90,90.0,-0.13142457234771765,-0.027372523957146556,0.20827554138601623,-0.4522052536745695,9.920431057121288,-0.4805831423132678,0.1410565269296798,1673,
dnbeta,W,q20,50000000.0,none,180.0,-0.1454185046601659,-0.06777014611519891,0.46603522896603544,-0.9351825946471845,36.92984331242705,0.1486095160698557,-0.4355398147911749,2021,advw
beta_horizon,W,q20,5000000.0,fund90,60.0,-0.14980398489727928,-0.04307397228322323,0.2875355573001552,-0.768374143039468,26.66522794779228,-0.9851096581946909,0.3946140894216707,1673,
funding,M,rank,50000000.0,fund90,63.0,-0.1562792288411924,-0.03710398594482816,0.2374210969682505,-0.57483091485177,15.172110278212525,-0.15755247615182064,-0.1562902009099476,1673,
funding,W,q20,20000000.0,disp63,63.0,-0.15762701441514765,-0.0766417153068094,0.48622195625018627,-0.9029009988470338,48.15378466583086,-0.14672736068999426,-0.16773963130736055,1734,
dnbeta,M,q20,50000000.0,none,180.0,-0.15903915915987205,-0.07011000053188908,0.44083482899586945,-1.0720182326466718,22.046432666341,0.13856196958439174,-0.42245528642054286,2007,btc
funding,M,q20,50000000.0,disp63,21.0,-0.15910485403250757,-0.08464041809353472,0.5319788551280865,-1.0226002761529782,41.79482890236369,0.15093730824329288,-0.537471621538699,1734,
funding,W,rank,50000000.0,fund90,63.0,-0.15975151214807715,-0.03983357769778972,0.24934710890790884,-0.5985696986367576,22.08536031658308,-0.17399938910044965,-0.14936699092112646,1673,
beta_horizon,W,q20,5000000.0,disp63,90.0,-0.1622810331295967,-0.08548831019639913,0.5267917546971039,-1.4977477533451644,38.653215752645046,-0.9492198910424205,0.5209274980938995,1734,
beta_horizon,M,q20,5000000.0,fund90,90.0,-0.16230059918883769,-0.04627580424463262,0.28512405053286616,-0.5403988864221634,12.49665017469406,-0.40834979049945797,0.0002923014243473712,1673,
funding,M,rank,50000000.0,fund63,63.0,-0.16773097583410335,-0.0410095450159714,0.24449595438192914,-0.5257529444477146,16.36478757754773,-0.4364472523635994,0.053428034704374565,1704,
dnbeta,M,q20,20000000.0,disp63,365.0,-0.17136367679684464,-0.08904091190025737,0.5196020158100207,-2.0036012390906572,20.84025075229055,-1.280891428579667,0.9536039081023107,1734,advw
dnbeta,W,rank,5000000.0,none,180.0,-0.17225994178188436,-0.04871031930354033,0.28277218022758505,-0.9294585456751752,17.439178869616605,-0.055771867591796566,-0.3299928053195498,2021,advw
dnbeta,W,q20,20000000.0,none,365.0,-0.17226793052910258,-0.08386984337042282,0.48685697397551325,-1.5358037734114407,25.429335650162617,-0.0735394238883525,-0.35355459893088254,2021,btc
beta_horizon,W,rank,5000000.0,fund90,90.0,-0.17650276139920063,-0.03633280182634022,0.20584834785766,-0.5867581686098491,16.30406461181633,-0.9465812029179486,0.38990411866581165,1673,
funding,M,rank,5000000.0,fund63,63.0,-0.17668781496225677,-0.02937011629100975,0.16622604279352057,-0.5598389483399617,12.273443071033311,-0.20923634226732804,-0.15807188959736498,1704,
dnbeta,M,rank,50000000.0,none,180.0,-0.1779810338156434,-0.05641861868594051,0.3169923079802993,-0.8020837038441662,18.186776295496145,0.10332819945203116,-0.4495949874623248,2007,btc
dnbeta,M,rank,50000000.0,none,365.0,-0.18338638166042068,-0.050616989574397996,0.2760128048555221,-0.9273031623422958,15.013114132992346,-0.2922991779650628,-0.07697756495546186,2007,btc
dnbeta,W,q20,50000000.0,fund63,180.0,-0.1863414097048082,-0.07194173471476037,0.3860748656389714,-0.763182485559066,28.598202910921184,-0.19860746303093585,-0.1811359521742098,1704,advw
dnbeta,M,rank,20000000.0,disp63,180.0,-0.1878980700762002,-0.07270331520767606,0.3869295473774262,-0.958469265876044,21.61263867953823,-0.2441477983687476,-0.12862687339638518,1734,advw
beta_horizon,M,rank,5000000.0,fund63,60.0,-0.19330154368813648,-0.04305365340106555,0.22272793367096055,-0.5261093506073554,12.549172322173465,-0.38665173636926164,-0.029351845084681152,1704,
funding,M,rank,5000000.0,fund90,7.0,-0.1946396967002552,-0.030679775663295356,0.15762342514611577,-0.38493774899721345,17.132203776542458,-0.08081706398542356,-0.28255429355278683,1673,
dnbeta,W,q20,5000000.0,fund90,180.0,-0.19473019055278806,-0.05121586882321849,0.26300939098262077,-0.5419268357759486,18.42787665613206,-0.4312411558315411,-0.021231822436383385,1673,advw
funding,W,q20,20000000.0,fund90,63.0,-0.20146135577910534,-0.057526825052240355,0.2855476914158977,-0.8168318207206278,26.946624318221197,-0.12713503198851764,-0.2570093911275709,1673,
beta_horizon,W,rank,50000000.0,fund90,60.0,-0.20285257676184487,-0.058845393251440045,0.2900894540793846,-0.6484402144421897,24.099206433957907,-0.7510153465066045,0.2113139283624517,1673,
dnbeta,M,rank,5000000.0,fund63,180.0,-0.20375838576376162,-0.04033430828947985,0.19795164816550728,-0.557505595071917,9.803191755458695,0.06879466129674092,-0.41221796011460315,1704,advw
beta_horizon,M,rank,20000000.0,disp63,90.0,-0.20405295716280886,-0.08283692414786498,0.4059579694391364,-0.8285737243972986,23.45229584192966,-0.18451320322770964,-0.22394474614551482,1734,
dnbeta,W,rank,5000000.0,fund63,180.0,-0.205859497580311,-0.04137174280117703,0.20097077515229467,-0.5097466792618705,15.23056166942623,-0.15033205221636856,-0.25137948371978597,1704,advw
beta_horizon,W,q20,5000000.0,fund63,60.0,-0.2094864760333316,-0.06294656826929121,0.3004803434627241,-0.9841549300330699,28.596264374586788,-0.9303293355630992,0.2675492311705347,1704,
dnbeta,M,q20,5000000.0,none,180.0,-0.21451860180549023,-0.07384331914913042,0.3442280460884513,-1.0647454344886862,14.439833553156372,-0.07946078974036169,-0.35959197306933266,2007,btc
funding,W,q20,50000000.0,fund90,63.0,-0.2263072249704198,-0.077561014959911,0.34272443122418583,-0.8240659175421798,29.309757455496285,-0.05809356493580884,-0.3798587743941748,1672,
funding,M,rank,20000000.0,fund63,63.0,-0.22673704047929089,-0.0455693442149297,0.20097882603831455,-0.5073850278342775,16.12996688283792,-0.7526912987212265,0.10980722967130636,1704,
funding,W,q20,20000000.0,fund63,63.0,-0.23009855595520232,-0.06661916587455394,0.28952448483650617,-0.8028525092121048,28.755859903558054,-0.49727632990121956,-0.062159001822145475,1704,
beta_horizon,M,rank,5000000.0,fund90,60.0,-0.23179688624876035,-0.049139936619460894,0.2119956717914009,-0.47768716205699435,11.650212010377066,-0.4716791793457019,-0.03316368622207574,1673,
funding,M,rank,20000000.0,fund90,63.0,-0.23229166440031504,-0.04555701185511173,0.1961198735767031,-0.5127951521375613,15.111077501689106,-0.31627217671736013,-0.18623880795120457,1673,
beta_horizon,W,q20,20000000.0,disp63,90.0,-0.23242766740505819,-0.1539316081739995,0.662277472783559,-1.821300816309205,46.66478250620405,-0.16872791166130421,-0.28480251948413676,1734,
dnbeta,M,q20,20000000.0,none,180.0,-0.23349564953655502,-0.09105489390595813,0.38996398471099986,-1.3253070719577271,19.272491659775635,0.1519871531533844,-0.5870085794962944,2007,btc
dnbeta,W,rank,50000000.0,none,365.0,-0.23500821831094923,-0.06785667840044932,0.2887417252390097,-0.8073978205622614,20.947020974979825,-0.22048162721795547,-0.2512520490164392,2021,btc
beta_horizon,W,rank,50000000.0,fund63,60.0,-0.23568129162603407,-0.07053344608485285,0.29927469252320366,-0.6828109143431318,25.970491897417094,-0.585225993675804,0.027838112651781818,1704,
dnbeta,W,q20,50000000.0,fund90,180.0,-0.24172430492223382,-0.09207349938839457,0.38090294402962876,-0.757648539256626,26.68799247922279,-0.2883926506118677,-0.20897656800435369,1673,advw
funding,W,q20,50000000.0,fund63,63.0,-0.24350682623695702,-0.08494116810507915,0.3488245870463718,-0.7522907748323393,31.412561627726937,-0.48436334541411824,-0.029660386394553838,1703,
funding,M,q20,5000000.0,fund90,63.0,-0.2477089675793411,-0.053449844268712556,0.21577678350135865,-0.749093135550126,14.701778031813177,0.15211446593183664,-0.5274849550708681,1673,
dnbeta,W,rank,20000000.0,disp63,365.0,-0.25328223895059476,-0.10087389162288449,0.3982667400636842,-1.303091575732164,24.54300951665503,-1.0663827157317973,0.5501340172152607,1734,advw
dnbeta,W,q20,20000000.0,fund63,365.0,-0.2575013103918038,-0.07455526785780206,0.28953354739966836,-0.5013059760794025,21.097099320112363,-0.13327717669032083,-0.3478534781909115,1704,btc
funding,M,rank,5000000.0,fund63,7.0,-0.25766843959216673,-0.04224767377669877,0.16396138325503762,-0.4104040936126574,18.1967504757135,-0.09953939240547607,-0.3823687459911832,1704,
funding,M,rank,5000000.0,disp63,63.0,-0.2588406413715207,-0.07416813546729195,0.2865397608130498,-0.9629735162725954,20.220504648505493,0.10675833086581765,-0.6175223017250119,1734,
dnbeta,W,q20,50000000.0,fund63,365.0,-0.2590610232204787,-0.09003540621604339,0.347545165601454,-0.8281122135746288,22.164585242031766,-0.586635528940843,-0.013811901223733852,1704,btc
funding,M,q20,50000000.0,fund63,63.0,-0.2605534045534759,-0.08753705971258562,0.3359659025089404,-0.7567384681787365,19.45252462553779,-0.9598107325716769,0.320133714341348,1690,
funding,M,q20,50000000.0,fund90,63.0,-0.2615602324486248,-0.08619135216595823,0.32952773959201836,-0.7037745742393007,18.336869759475135,-0.5282199499764353,-0.05493966435094299,1659,
dnbeta,M,rank,20000000.0,none,180.0,-0.27206908070865304,-0.07746467819646201,0.28472429867698035,-0.9853423629322,15.521444663790447,-0.06872750482325903,-0.46774211552607453,2007,btc
beta_horizon,W,rank,20000000.0,fund90,60.0,-0.280680076874171,-0.07498224818564872,0.26714488972889683,-0.5643408627188938,24.007496837789613,-0.7137682180934535,0.002309630831283265,1673,
beta_horizon,M,q20,5000000.0,disp63,60.0,-0.28808068654784275,-0.15509348343247897,0.538368209583956,-1.1782241162136216,28.212774752567668,-0.6729298735424082,0.036345614394505454,1734,
funding,M,q20,5000000.0,fund90,7.0,-0.29190610523244026,-0.07063855617817129,0.24199067752256467,-0.6315410832972985,21.056624592175528,-0.08120036137821458,-0.46501216634043496,1673,
dnbeta,W,q20,5000000.0,none,365.0,-0.29450747760258716,-0.12301213311305093,0.4176876394257308,-1.503600655305036,17.44676006100042,-0.4062751258430629,-0.1262503607906767,2021,advw
beta_horizon,M,rank,20000000.0,disp63,60.0,-0.29537351079812996,-0.12221561903616852,0.41376634860021533,-0.9269658715782654,26.98086511149964,-0.43177873830083074,-0.1528434062995744,1734,
beta_horizon,W,q20,20000000.0,disp63,60.0,-0.2958488731576152,-0.2036968512603095,0.6885165695790526,-1.3884167245429053,57.19477290570661,-0.474324410756088,-0.16449145610779484,1734,
dnbeta,W,rank,20000000.0,none,180.0,-0.29613915321081635,-0.08687443281422323,0.2933567948456272,-1.1907460559058143,22.614063242415185,0.08934446551925275,-0.7199035902946671,2021,btc
funding,M,q20,5000000.0,fund63,63.0,-0.29954024947188285,-0.06690295272843431,0.22335212996046572,-0.7493566031878518,15.728614921852998,-0.14291760691966165,-0.4156970851032689,1704,
dnbeta,W,q20,50000000.0,disp63,180.0,-0.3083975058453416,-0.19741326236703238,0.6401260017518858,-1.3636839115371069,47.21417970640891,-0.044453216199866426,-0.5441720980799694,1734,advw
funding,W,rank,50000000.0,disp63,63.0,-0.31346092201805903,-0.12091304230425716,0.38573561746012835,-0.9704006700723042,38.86950168843198,0.02847354873655608,-0.6719079937899569,1734,
dnbeta,M,rank,5000000.0,fund63,365.0,-0.31907110249552406,-0.055917079061057626,0.1752495873920203,-0.6881540009813735,7.73018492272505,-1.1635528111157825,0.3587860105814903,1704,advw
funding,M,rank,20000000.0,disp63,63.0,-0.3192966189346377,-0.10505779785702916,0.329028845365053,-0.7419762053271364,26.64416979852334,-0.2826413810059205,-0.35340162670433944,1734,
beta_horizon,W,rank,20000000.0,fund63,60.0,-0.3199062371169214,-0.08766666195495082,0.2740386143922221,-0.6479630172227225,25.638225400201257,-0.42522045942600983,-0.2567061555022764,1704,
dnbeta,W,q20,20000000.0,none,180.0,-0.3214435217376599,-0.12291992557525812,0.3823997600286899,-1.4462286897393417,31.380143367642788,0.014260030954731452,-0.641705728588268,2021,btc
dnbeta,W,rank,50000000.0,none,180.0,-0.33421879932893983,-0.10836387076762673,0.3242303275136072,-1.1985198103635681,26.320776723654703,0.17580871471556497,-0.8494803904913835,2021,btc
dnbeta,W,q20,5000000.0,fund63,365.0,-0.3402797703151773,-0.07953561439531594,0.23373594710507672,-0.7667342654685343,14.743425507948695,-0.9032166408783074,0.06788494004759464,1704,advw
dnbeta,W,q20,50000000.0,fund90,365.0,-0.34723423328281516,-0.1192311497338689,0.3433738332958593,-0.8572577223847518,20.93368571947889,-0.8832297116068512,0.08093573210118381,1673,btc
dnbeta,M,rank,5000000.0,fund90,180.0,-0.347632142656703,-0.06617764048657004,0.19036686303177208,-0.5720939964565694,8.957689666670783,-0.21002353747343352,-0.4594581884534509,1673,advw
funding,M,q20,5000000.0,fund63,7.0,-0.34919463840446524,-0.08713062870979349,0.24951880449227232,-0.7526921079823925,22.29918261829828,-0.024643158957950693,-0.6207292790252884,1704,
dnbeta,W,q20,20000000.0,fund90,365.0,-0.3546347769224639,-0.10076702450633988,0.284143098939141,-0.5784034107385917,19.949798329908475,-0.3834316986510637,-0.34991780786045457,1673,btc
dnbeta,W,rank,5000000.0,fund90,180.0,-0.372333047928058,-0.07229641075096697,0.19417135049730003,-0.5444008674183556,13.888665474843773,-0.41768797025204435,-0.341943442500961,1673,advw
dnbeta,M,q20,50000000.0,disp63,180.0,-0.37235573881052575,-0.215115637974769,0.5777153822362092,-1.4046323052716985,27.017785323891413,0.0031153727197373764,-0.7722463786132723,1734,btc
dnbeta,W,rank,5000000.0,fund63,365.0,-0.3747799856151448,-0.06632588486016094,0.17697285715857267,-0.6895367487479043,11.303638195014509,-1.0867333400001657,0.18965149212492982,1704,advw
dnbeta,W,q20,20000000.0,disp63,180.0,-0.3776243900473403,-0.228686305216051,0.6055919883442435,-1.6756896426623633,41.95186558951327,-0.47924627844722195,-0.30247063105614813,1734,advw
beta_horizon,W,rank,50000000.0,disp63,60.0,-0.38289644137519685,-0.1829959176068857,0.47792535482869525,-1.1865840862422967,43.87575021389218,-0.7672326170626423,0.017732310074740524,1734,
beta_horizon,W,rank,5000000.0,fund63,60.0,-0.38440464961603954,-0.0823001559155165,0.21409771187138749,-0.8378109545777797,21.786501833450686,-1.0267357782312265,0.09972206903471928,1704,
funding,M,q20,5000000.0,disp63,63.0,-0.40161325064918374,-0.16475018855820406,0.4102209981665078,-1.307740348866966,26.606901252119492,0.01546068407338109,-0.8194354423401126,1734,
funding,M,q20,20000000.0,fund63,63.0,-0.4023898680570054,-0.10538306227370536,0.2618929318040782,-0.8172498185599519,18.282881651957037,-0.5536164152747216,-0.30327844952400085,1704,
beta_horizon,W,rank,5000000.0,fund90,60.0,-0.4073061013369908,-0.08325142540704775,0.2043952328083797,-0.7157569397157386,20.274446743476073,-1.2171398397629245,0.204971803499628,1673,
dnbeta,M,q20,5000000.0,fund63,180.0,-0.40804879382090153,-0.1198463117659054,0.2937058351372254,-0.8050905258133974,11.994760334236616,0.13965561133347298,-0.8152488785525394,1704,btc
dnbeta,M,rank,5000000.0,none,180.0,-0.40968582253666697,-0.10289168652369449,0.251147784140091,-1.0011010212573275,10.874428556088061,-0.3663899848420936,-0.45946291905537934,2007,btc
funding,M,q20,20000000.0,fund90,63.0,-0.41317195169181337,-0.10613957307228206,0.2568895895224078,-0.827830735277918,17.315655801196527,-0.22208092480974548,-0.5583190480465826,1673,
funding,M,rank,50000000.0,disp63,63.0,-0.41847568749229064,-0.15337800863136308,0.3665159368050233,-0.9025882969876159,27.353503688919265,-0.21697753023210364,-0.657246310558419,1734,
dnbeta,W,rank,20000000.0,none,365.0,-0.4221338348518932,-0.14146971903046582,0.33513001647949126,-1.3936658749807365,17.55697050983016,-0.4252115080058661,-0.4498474221290982,2021,btc
dnbeta,M,rank,5000000.0,fund90,365.0,-0.4306638634235292,-0.07259088217885272,0.16855577712463984,-0.6182569847824287,7.006516732119592,-1.4292882662362336,0.3056246893616891,1673,advw
funding,W,q20,50000000.0,disp63,63.0,-0.4357799923186584,-0.22943160915470262,0.5264849538730859,-1.5291681957420011,51.66041556205418,-0.17137516910324077,-0.7241191670304661,1733,
dnbeta,W,rank,50000000.0,fund63,365.0,-0.450761732692785,-0.10907075092920106,0.24196985462281423,-0.6567186688780693,17.20108253679356,-0.8798121491372809,-0.12817099921295952,1704,btc
funding,M,q20,20000000.0,disp63,63.0,-0.4508724501943304,-0.20368137891984128,0.4517494445093121,-1.3094519750480853,31.406639726189407,-0.194831443438312,-0.7069900211905501,1734,
dnbeta,W,rank,5000000.0,none,180.0,-0.4580163125490385,-0.11787702253800464,0.25736424513348277,-1.355747339760014,17.344211570515302,-0.10435473667831284,-0.9015085617103841,2021,btc
dnbeta,M,q20,20000000.0,none,365.0,-0.45865578461318174,-0.15862774455719048,0.34585357882485435,-1.4394476126733458,16.762516080819545,-0.5311976069265122,-0.38606609170015893,2007,btc
dnbeta,M,rank,50000000.0,fund63,365.0,-0.4589035105372336,-0.11167048543688161,0.24334197249036102,-0.7956776617972081,11.88717438362409,-1.0929156942319629,0.014645354758465887,1704,btc
dnbeta,W,rank,5000000.0,none,365.0,-0.46179047025665704,-0.14244215130111343,0.3084562382197839,-1.3655566184620611,12.01846734993696,-0.7187841416564069,-0.06372510708039629,2021,advw
dnbeta,W,q20,5000000.0,fund90,365.0,-0.46573212897167793,-0.10398433704479168,0.22327069698709828,-0.6857720291569933,13.655535384799954,-1.2569204003333037,0.06995136485850831,1673,advw
dnbeta,W,rank,20000000.0,disp63,180.0,-0.46705310719394755,-0.19753764162625084,0.42294471139065076,-1.2460497716050964,31.64739465318645,-0.46725722035502465,-0.4691414276817307,1734,advw
dnbeta,W,q20,5000000.0,none,180.0,-0.4683457097121512,-0.15482206667108583,0.3305721894329738,-1.6072146623703047,23.725887941049148,-0.12677932858494173,-0.8395545244291013,2021,btc
dnbeta,W,q20,5000000.0,none,365.0,-0.4712489960050154,-0.18660249847268354,0.3959743151807108,-1.6837625070185265,17.131691996799766,-0.4746949788194624,-0.5295104497341961,2021,btc
dnbeta,M,q20,50000000.0,fund63,180.0,-0.47521780745018066,-0.2012788341472394,0.42355069820976854,-1.296918848003762,16.364311443392754,-0.1473176404401131,-0.7239690805680393,1704,btc
dnbeta,M,q20,50000000.0,fund63,365.0,-0.47548598400994435,-0.16828272346566428,0.3539173164400673,-1.0464930106040111,13.222441525027723,-0.70411235677432,-0.3162603623922334,1704,btc
dnbeta,M,rank,50000000.0,fund63,180.0,-0.4810632694948621,-0.14116928076246973,0.29345262819733414,-0.7551364012568375,14.643899477871463,-0.25070799089177115,-0.656307657170627,1704,btc
dnbeta,W,q20,50000000.0,none,180.0,-0.4841378749200255,-0.21768805241603445,0.4496406162232075,-1.8860847136267351,36.16726942300043,-0.06878103078123238,-0.8717612811984438,2021,btc
dnbeta,W,q20,5000000.0,fund63,365.0,-0.4908776724761483,-0.10728092188500274,0.21854919850773105,-0.6431258682240847,14.382424292401264,-0.25602301036259173,-0.6730056531166788,1704,btc
dnbeta,M,q20,20000000.0,fund63,365.0,-0.492618908140196,-0.13854672551293537,0.28124524500286924,-0.8127019979035529,12.78986714439638,-0.7517405279883057,-0.32279238840715646,1704,btc
dnbeta,W,q20,50000000.0,disp63,365.0,-0.5022954255188237,-0.25789993631010727,0.5134427335142879,-1.3904539877046964,36.233560835991184,-0.7348008548229692,-0.26717665319440537,1734,btc
dnbeta,M,q20,5000000.0,fund63,365.0,-0.5079573660023199,-0.11895321539934743,0.2341795263951427,-0.9469886005826554,9.26241793839767,-1.275393586608194,0.03172485076805189,1704,advw
dnbeta,M,q20,50000000.0,disp63,365.0,-0.5161309133421983,-0.26961590125266466,0.5223789048146152,-1.6242301285159848,21.4910323797217,-0.5136550876960462,-0.5183274588796297,1734,btc
beta_horizon,W,q20,5000000.0,disp63,60.0,-0.5177408472571884,-0.27163617514765404,0.5246566435441367,-2.078512826908365,49.56183694749031,-1.4212578343410651,0.259917013650982,1734,
dnbeta,M,rank,50000000.0,fund90,365.0,-0.5179062231001832,-0.12355561635131479,0.23856754532067925,-0.75160650790768,10.902225525708229,-1.4130494953382515,0.1607443217678457,1673,btc
dnbeta,W,rank,5000000.0,fund90,365.0,-0.5180676061841233,-0.08790403265072477,0.1696767595607654,-0.6175332132035897,10.358171661718563,-1.3888719249130987,0.1206533639467372,1673,advw
beta_horizon,M,rank,5000000.0,disp63,90.0,-0.5223146187250789,-0.18752613422485162,0.3590290746266787,-1.0496869502797828,17.75827999218507,-0.7636511971564123,-0.2915759752387246,1734,
dnbeta,M,rank,20000000.0,none,365.0,-0.5307107238113742,-0.13345376633997827,0.2514623510555075,-1.0298435638491683,13.012019791828521,-0.7990601446233732,-0.2437801742386907,2007,btc
beta_horizon,M,q20,5000000.0,disp63,90.0,-0.5397080813732157,-0.27243077598601567,0.5047743129820321,-1.6960291527168574,23.22690760152628,-0.8069015034931939,-0.30962599903577603,1734,
beta_horizon,W,rank,20000000.0,disp63,90.0,-0.5409803624759045,-0.2431811184394954,0.44951930847642685,-1.483420052066295,35.41193162414846,-0.7867405190521289,-0.32622188970139,1734,
dnbeta,W,rank,50000000.0,fund90,365.0,-0.5428781102684302,-0.12916527291225388,0.23792683932013226,-0.6278401662307953,15.992894757019096,-1.1879067788634075,-0.06826274227220887,1673,btc
dnbeta,M,rank,50000000.0,disp63,180.0,-0.5454017902946366,-0.22279053932310772,0.40848883023055704,-1.2452802537319945,23.250860632439597,-0.28467219436754665,-0.8156753052766669,1734,btc
dnbeta,M,q20,5000000.0,disp63,180.0,-0.548845001862677,-0.269294871848293,0.49065741864161405,-1.6744329049513014,19.761994369601947,-0.3799635630724684,-0.7100286456626251,1734,advw
dnbeta,M,rank,20000000.0,fund63,365.0,-0.556006504255252,-0.1149812729154669,0.2067984313771286,-0.6784080511475169,11.268911141280366,-0.8027515057327061,-0.39524279018163805,1704,btc
dnbeta,W,rank,20000000.0,fund63,365.0,-0.5640804984830037,-0.11847805294529964,0.21003749157066365,-0.653568192475617,15.688018237512818,-0.726526463841955,-0.464859050194011,1704,btc
dnbeta,W,q20,20000000.0,fund63,180.0,-0.5656483361448944,-0.1905400430509114,0.33685247684013925,-1.096100275061744,26.101424856398886,0.09618288597188893,-1.0783495230823024,1704,btc
beta_horizon,W,rank,5000000.0,disp63,90.0,-0.5672504474750708,-0.21100479159251623,0.3719781844716647,-1.360569725235185,28.82771072063305,-1.1904615400178566,0.04273606285522734,1734,
dnbeta,M,rank,50000000.0,fund90,180.0,-0.5732012338753257,-0.16568232017534268,0.2890473892653543,-0.7781730217908285,13.62484230001334,-0.793867359277413,-0.38995500591916615,1673,btc
dnbeta,M,q20,5000000.0,fund90,180.0,-0.5758392593798384,-0.1654756407402813,0.28736429141440195,-0.9713926270276119,11.005110382638836,-0.18423319176608802,-0.9088529368893162,1673,btc
dnbeta,M,q20,20000000.0,fund90,365.0,-0.5790806325051125,-0.15989072315007108,0.2761113291915516,-0.8398607394018743,12.187232572531938,-0.9351321259389852,-0.34561720195907814,1673,btc
dnbeta,M,q20,50000000.0,fund90,180.0,-0.5899327793903161,-0.24605666991503447,0.4170927239698889,-1.3044188247908213,15.465838470592313,-0.6796372971991875,-0.5133148011558031,1673,btc
dnbeta,M,q20,50000000.0,fund90,365.0,-0.5905652411286598,-0.20541896570941126,0.34783450058256804,-1.065222651865447,12.386454594762473,-0.9841214536894166,-0.29118552668323583,1673,btc
dnbeta,M,rank,5000000.0,fund63,180.0,-0.5905691026495291,-0.12416363883638225,0.21024404812126896,-0.6331801621251415,9.475326928409952,-0.1083758808290952,-0.9622817356827964,1704,btc
dnbeta,W,q20,5000000.0,disp63,180.0,-0.6031018235879777,-0.2850083350159149,0.4725708393987954,-1.660336994392988,32.394736929652126,-0.7369700969361136,-0.4714878033378893,1734,advw
dnbeta,M,rank,20000000.0,fund63,180.0,-0.6048232261199407,-0.15374762430894023,0.25420257964506643,-0.8948957218234899,13.189448857540555,0.02797458906973716,-1.0833340423740014,1704,btc
dnbeta,M,q20,5000000.0,fund63,365.0,-0.6060649825923865,-0.1304268720913699,0.2152027849117451,-0.6891704118137751,9.085957050540278,-0.5849537996497797,-0.6317260547760348,1704,btc
dnbeta,M,q20,5000000.0,fund90,365.0,-0.6090161682984787,-0.13680442215827535,0.22463183948053664,-0.838732151783816,8.415809894378878,-1.6281070849321684,0.048591594861107326,1673,advw
beta_horizon,M,rank,5000000.0,disp63,60.0,-0.6109411578181386,-0.22503257366607907,0.36833755720393846,-1.1557288852296623,21.43093529735679,-0.9716455922165848,-0.25002183349194373,1734,
dnbeta,W,q20,5000000.0,fund90,365.0,-0.6194527427470945,-0.13115456485266663,0.2117265059979134,-0.7375637699385144,13.447159694389196,-0.5379501903775102,-0.6916238541555448,1673,btc
dnbeta,W,rank,50000000.0,fund63,180.0,-0.6269497916747686,-0.18188376380647667,0.2901089787758143,-1.079306831759862,21.343179065899296,0.013589000832579492,-1.1309381583378737,1704,btc
dnbeta,W,rank,20000000.0,fund63,180.0,-0.6276040396431528,-0.1533781177634248,0.24438675992371484,-0.8809332698022494,19.47796110242922,-0.007025455491015289,-1.1320763659222681,1704,btc
dnbeta,W,rank,50000000.0,disp63,365.0,-0.6325233721993686,-0.23070891510601926,0.36474369998979383,-1.2543185858166097,27.283133992432926,-0.9646532424312975,-0.2799650110042406,1734,btc
dnbeta,M,rank,20000000.0,fund90,365.0,-0.6341688003946544,-0.12790794965494748,0.20169385434185358,-0.6777231951366086,10.524685550056395,-1.1465371153181716,-0.29923186402433044,1673,btc
dnbeta,W,q20,5000000.0,fund63,180.0,-0.6375938886204805,-0.17918188751764447,0.28102823868862414,-1.0787101613937504,19.749921482191603,-0.014840832272603398,-1.1400983232571404,1704,btc
dnbeta,W,rank,50000000.0,disp63,180.0,-0.6455042282831993,-0.2762846665283533,0.4280137207825385,-1.4385362726259154,33.90074092091155,-0.049775269414170945,-1.2680504016562713,1734,btc
dnbeta,M,q20,5000000.0,none,365.0,-0.6474264295309651,-0.22348130650485584,0.34518409553771107,-1.6672946051232822,11.27415919326978,-1.0380066457256087,-0.1495083798939275,2007,advw
dnbeta,M,rank,50000000.0,disp63,365.0,-0.6533902590559921,-0.239735692452809,0.366910417059439,-1.3653640889789866,18.86099868809674,-1.0919560511615556,-0.18458633115337408,1734,btc
dnbeta,W,rank,20000000.0,fund90,365.0,-0.667051899726433,-0.13679150578447982,0.20506875977803202,-0.6687363862118489,14.73389262766706,-1.0480804529065644,-0.43231765382527654,1673,btc
dnbeta,M,rank,5000000.0,none,365.0,-0.6681118754960591,-0.1709118591661084,0.2558132334337118,-1.2965253014889067,8.315160435872752,-1.210729183253033,0.025156360836161143,2007,advw
dnbeta,W,q20,20000000.0,disp63,365.0,-0.6811484981090636,-0.3131648277997738,0.4597599916452148,-1.69071626260078,33.53087857118986,-0.9442808400532375,-0.4411594707771936,1734,btc
beta_horizon,W,rank,20000000.0,disp63,60.0,-0.7000434565984176,-0.31207245694616853,0.4457901206055983,-1.6705527061914358,42.75716089942807,-1.0205149433549559,-0.3966231395997993,1734,
dnbeta,M,rank,20000000.0,fund90,180.0,-0.7040115589632868,-0.1784578329250982,0.2534870779506683,-0.9880374269738934,12.297821530304754,-0.3496350325531068,-0.9961583621286795,1673,btc
dnbeta,W,q20,20000000.0,fund90,180.0,-0.7182434003759767,-0.24033554890393746,0.33461574276649075,-1.2446090670155923,24.516940166604606,-0.40518636631924604,-0.9852953143496831,1673,btc
dnbeta,M,q20,20000000.0,fund63,180.0,-0.7393238532813956,-0.25759719767092865,0.34842267908388996,-1.3080235872899757,15.371746965062687,-0.28896677358185213,-1.0786853418222606,1704,btc
dnbeta,M,q20,5000000.0,fund90,365.0,-0.7477602897684489,-0.1564959553732658,0.20928626127194616,-0.7388857845311081,8.290461452451897,-0.8308990152889659,-0.6983932513059993,1673,btc
beta_horizon,W,rank,5000000.0,disp63,60.0,-0.7580684397182432,-0.2797866092937061,0.3690782977295511,-1.7529927818603221,36.778861166274275,-1.5011307028305434,0.0008141483281405218,1734,
dnbeta,M,rank,5000000.0,fund90,180.0,-0.7582641623990645,-0.15585315489467147,0.20553939197333182,-0.7690411093481603,8.702831946814477,-0.49589080405502234,-0.9864402321002274,1673,btc
dnbeta,W,rank,50000000.0,fund90,180.0,-0.760214217152723,-0.2183442417696829,0.2872140994514165,-1.134830385486138,19.767169966055725,-0.4669203879088988,-1.0154447779280702,1673,btc
dnbeta,W,rank,5000000.0,fund63,180.0,-0.7659482290805892,-0.15731259541910436,0.20538280453750185,-0.8513362250090235,15.145495495891616,-0.26394179417495156,-1.1893724099365874,1704,btc
dnbeta,W,rank,5000000.0,none,365.0,-0.7696248617616819,-0.21202721830251772,0.2754942425030092,-1.5803197666519884,12.076529193906472,-0.8171085525240543,-0.7669234003978145,2021,btc
dnbeta,M,q20,20000000.0,disp63,365.0,-0.7735042121214328,-0.3464657123513975,0.44791703383381914,-1.8747700149722846,20.933442278782817,-1.2356449961174083,-0.29477031417276794,1734,btc
dnbeta,W,rank,20000000.0,fund90,180.0,-0.7799926476624747,-0.1885794635550223,0.24177082196885794,-0.9958529090383378,18.171487621686275,-0.4229970036243106,-1.0881949158930748,1673,btc
dnbeta,M,rank,5000000.0,disp63,365.0,-0.7976280456024498,-0.2574632965031486,0.32278616320303294,-1.5861993779724373,11.697370902977642,-1.4957332765247002,0.05210517793639592,1734,advw
dnbeta,M,q20,20000000.0,fund90,180.0,-0.8015324130556586,-0.27876981302198917,0.3477960572539333,-1.3955873050945093,14.450234804716974,-0.5917716252790173,-0.9792979195389573,1673,btc
dnbeta,M,rank,5000000.0,disp63,180.0,-0.8022462217999623,-0.27803580084845464,0.34657165505203463,-1.5259815517951876,15.340567828551555,-0.6993413521212491,-0.9113281851889541,1734,advw
dnbeta,M,rank,20000000.0,disp63,180.0,-0.8106073198775836,-0.2956240900519848,0.3646945725787788,-1.5303889287316481,20.627919693329,-0.6312196311066745,-1.0074368497073303,1734,btc
dnbeta,W,q20,5000000.0,disp63,365.0,-0.8123800762887976,-0.34934623397997716,0.4300280671282564,-1.9452669307014507,23.562687137209977,-1.3658199052540063,-0.18325099847918813,1734,advw
funding,M,q20,50000000.0,disp63,63.0,-0.8253811466004152,-0.4119394360866501,0.4990899510890801,-2.196411864235414,32.168508154280765,-0.8411666963107743,-0.8146058495184005,1720,
dnbeta,M,rank,20000000.0,disp63,365.0,-0.8318397589131055,-0.2735239152161681,0.3288180353071348,-1.4723649209169674,17.275282667208,-1.3014469694365474,-0.30864573489260705,1734,btc
dnbeta,W,rank,5000000.0,fund63,365.0,-0.8405272319814059,-0.13669734418440174,0.1626328558828011,-0.7349123534669918,11.19392007472475,-0.926951211958073,-0.7768298605549295,1704,btc
dnbeta,M,q20,20000000.0,disp63,180.0,-0.8417828604638907,-0.42055421149190997,0.49959939937497705,-2.0861513015001614,24.399723738153362,-0.643405035359709,-1.0496916430030774,1734,btc
dnbeta,W,q20,50000000.0,disp63,180.0,-0.8613373426812571,-0.5214716721482342,0.605420949851013,-2.550244023791691,46.02044488353114,-0.5696938987355282,-1.1437382259690871,1734,btc
dnbeta,W,rank,5000000.0,disp63,180.0,-0.8645905994738462,-0.2978045222045795,0.3444457092013386,-1.5855636606028647,24.0039894122377,-0.8659854472906443,-0.8627672788527742,1734,advw
dnbeta,W,q20,50000000.0,fund63,180.0,-0.8696449682293822,-0.35816857369974225,0.4118560870063814,-1.8037847598332202,28.18351524217573,-0.5418912334496618,-1.1238779098523228,1704,btc
dnbeta,W,q20,5000000.0,fund90,180.0,-0.8736284006111029,-0.2412177264893927,0.2761102161063685,-1.3032443008885641,18.40794250426271,-0.4602034957179016,-1.23994942144323,1673,btc
dnbeta,M,q20,5000000.0,none,365.0,-0.8761914506757525,-0.26281365790132316,0.29995003683114135,-1.6040898160194124,11.32802835760901,-1.180706770469537,-0.5001920257648385,2007,btc
dnbeta,W,rank,5000000.0,disp63,365.0,-0.876252138345604,-0.28336650131218766,0.3233846616878949,-1.652361280018072,17.142366958214883,-1.5571863916825754,-0.054567171694192555,1734,advw
dnbeta,M,rank,5000000.0,fund63,365.0,-0.8867105382118922,-0.14299745840293954,0.16126734964862707,-0.7334828819606805,7.402732790566796,-1.0335967336915446,-0.7788554468491694,1704,btc
dnbeta,W,q20,20000000.0,disp63,180.0,-0.8919741444233285,-0.4423071746365503,0.495874434704054,-2.1907771289213067,41.35781557848516,-0.5044930212700837,-1.3109677705040608,1734,btc
dnbeta,M,q20,5000000.0,disp63,365.0,-0.9099521482663067,-0.3969254204663409,0.43620471826192847,-2.164803762915396,15.097969429863028,-1.511515696733366,-0.2378667775369397,1734,advw
dnbeta,M,q20,5000000.0,disp63,180.0,-0.9101142457544021,-0.39849157284024345,0.4378478577817777,-2.018399251187118,18.972961897294365,-0.6650604482377634,-1.170328678636931,1734,btc
dnbeta,W,q20,5000000.0,disp63,365.0,-0.9228056885104186,-0.34211340704639726,0.37073179251704913,-1.8331623871862126,22.201332594352905,-1.0410001541816585,-0.7937517643281047,1734,btc
dnbeta,W,q20,50000000.0,fund90,180.0,-0.9392402906991635,-0.3850932878278661,0.41000507712590295,-1.8163541772169312,26.576878625286923,-0.9947273257317704,-0.9038277310915832,1673,btc
dnbeta,W,rank,20000000.0,disp63,180.0,-0.9667476224387649,-0.35321427905796293,0.36536348356040144,-1.718957183596867,30.39325946942168,-0.5747590099778666,-1.4181676603988154,1734,btc
dnbeta,W,rank,20000000.0,disp63,365.0,-0.9699656632380131,-0.32783470030411915,0.33798588210815256,-1.6592934695798753,24.0710534205603,-1.374029244346109,-0.5471477654068605,1734,btc
dnbeta,W,rank,5000000.0,fund90,180.0,-0.9824833395104101,-0.19716090488016944,0.20067607963552683,-1.002156461717531,14.019923479571679,-0.6743318594164356,-1.2659288216919233,1673,btc
dnbeta,M,q20,5000000.0,disp63,365.0,-1.0257724205541179,-0.3792577762973389,0.36972896589719717,-1.92039079364777,14.419593670251981,-1.145017880347415,-0.892255997446351,1734,btc
dnbeta,M,rank,5000000.0,fund90,365.0,-1.0375540155305776,-0.16243367859467392,0.15655443105929248,-0.7580061327399465,6.761245757804552,-1.3812798083140039,-0.7759135106398951,1673,btc
dnbeta,W,rank,5000000.0,fund90,365.0,-1.0400384807674186,-0.16364119497791452,0.1573414811124755,-0.7875511400955609,10.424241593256577,-1.2894270256571674,-0.8481704459517633,1673,btc
dnbeta,M,rank,5000000.0,none,365.0,-1.040510159104305,-0.2305956470715994,0.2216178718236652,-1.4178529638423092,8.223929810533996,-1.3140859702208652,-0.7023745681976483,2007,btc
dnbeta,M,rank,5000000.0,disp63,180.0,-1.1327345832093745,-0.35443775418559026,0.31290450511483675,-1.734833971922432,14.446342774787503,-0.9611376892791793,-1.326868349705639,1734,btc
dnbeta,W,q20,5000000.0,disp63,180.0,-1.1858077980362522,-0.50014865095371,0.4217788513298506,-2.438986950636281,31.742542995609533,-0.7737762511886962,-1.6272424455118164,1734,btc
dnbeta,W,rank,5000000.0,disp63,365.0,-1.2156473121416493,-0.33316981346714103,0.2740678238988443,-1.6772585881233861,16.757518282368157,-1.53217789541857,-0.8434882918488457,1734,btc
dnbeta,M,rank,5000000.0,disp63,365.0,-1.2524039056404503,-0.33825305683118795,0.270083042146226,-1.6618640568865062,10.950930601463494,-1.5841042199883733,-0.8554663426859259,1734,btc
dnbeta,W,rank,5000000.0,disp63,180.0,-1.2982319136285267,-0.40340915334949035,0.3107373567962688,-1.9840620463894652,23.448363476909766,-0.9311290539813658,-1.7250252626253086,1734,btc
